<?xml version="1.0" encoding="UTF-8"?>
<kml xmlns="http://www.opengis.net/kml/2.2" xmlns:gx="http://www.google.com/kml/ext/2.2">
    <Document id="1">
        <Style id="3686">
            <LineStyle id="3687">
                <color>ff0000ff</color>
                <colorMode>normal</colorMode>
                <width>3</width>
            </LineStyle>
        </Style>
        <Placemark id="3">
            <name>06:44:38</name>
            <description>UTC: 2026-03-22 06:44:38
Satellites used: 5
Speed: 0.0 m/s  (0.0 km/h)</description>
            <Point id="2">
                <coordinates>34.81181177072316,32.168352854230804,1466.706300833033</coordinates>
                <altitudeMode>absolute</altitudeMode>
            </Point>
        </Placemark>
        <Placemark id="5">
            <name>06:44:40</name>
            <description>UTC: 2026-03-22 06:44:40
Satellites used: 5
Speed: 0.0 m/s  (0.0 km/h)</description>
            <Point id="4">
                <coordinates>34.8129118165834,32.165207349766696,980.522825912232</coordinates>
                <altitudeMode>absolute</altitudeMode>
            </Point>
        </Placemark>
        <Placemark id="7">
            <name>06:44:44</name>
            <description>UTC: 2026-03-22 06:44:44
Satellites used: 5
Speed: 0.0 m/s  (0.0 km/h)</description>
            <Point id="6">
                <coordinates>34.81328143812452,32.16880989877176,59.07663952319261</coordinates>
                <altitudeMode>absolute</altitudeMode>
            </Point>
        </Placemark>
        <Placemark id="9">
            <name>06:44:45</name>
            <description>UTC: 2026-03-22 06:44:45
Satellites used: 5
Speed: 2.2 m/s  (7.9 km/h)</description>
            <Point id="8">
                <coordinates>34.81329341038266,32.16880158682008,53.76271933782914</coordinates>
                <altitudeMode>absolute</altitudeMode>
            </Point>
        </Placemark>
        <Placemark id="11">
            <name>06:44:46</name>
            <description>UTC: 2026-03-22 06:44:46
Satellites used: 5
Speed: 6.8 m/s  (24.6 km/h)</description>
            <Point id="10">
                <coordinates>34.8131482360758,32.16886511586227,65.88479866917687</coordinates>
                <altitudeMode>absolute</altitudeMode>
            </Point>
        </Placemark>
        <Placemark id="13">
            <name>06:44:47</name>
            <description>UTC: 2026-03-22 06:44:47
Satellites used: 5
Speed: 2.5 m/s  (9.1 km/h)</description>
            <Point id="12">
                <coordinates>34.81327498235905,32.16878706539762,60.51116844394625</coordinates>
                <altitudeMode>absolute</altitudeMode>
            </Point>
        </Placemark>
        <Placemark id="15">
            <name>06:44:48</name>
            <description>UTC: 2026-03-22 06:44:48
Satellites used: 5
Speed: 4.0 m/s  (14.3 km/h)</description>
            <Point id="14">
                <coordinates>34.813350520203585,32.16882780783569,58.713549685042324</coordinates>
                <altitudeMode>absolute</altitudeMode>
            </Point>
        </Placemark>
        <Placemark id="17">
            <name>06:44:49</name>
            <description>UTC: 2026-03-22 06:44:49
Satellites used: 5
Speed: 5.6 m/s  (20.3 km/h)</description>
            <Point id="16">
                <coordinates>34.81316581278325,32.168858334309164,66.46652404531973</coordinates>
                <altitudeMode>absolute</altitudeMode>
            </Point>
        </Placemark>
        <Placemark id="19">
            <name>06:44:50</name>
            <description>UTC: 2026-03-22 06:44:50
Satellites used: 5
Speed: 4.2 m/s  (15.3 km/h)</description>
            <Point id="18">
                <coordinates>34.81325664315192,32.16879130662163,53.125799152838496</coordinates>
                <altitudeMode>absolute</altitudeMode>
            </Point>
        </Placemark>
        <Placemark id="21">
            <name>06:44:51</name>
            <description>UTC: 2026-03-22 06:44:51
Satellites used: 5
Speed: 8.6 m/s  (31.1 km/h)</description>
            <Point id="20">
                <coordinates>34.8133094515707,32.16891650831433,41.11654122186851</coordinates>
                <altitudeMode>absolute</altitudeMode>
            </Point>
        </Placemark>
        <Placemark id="23">
            <name>06:44:52</name>
            <description>UTC: 2026-03-22 06:44:52
Satellites used: 5
Speed: 3.4 m/s  (12.2 km/h)</description>
            <Point id="22">
                <coordinates>34.81334333026141,32.16884475296696,46.7406685729199</coordinates>
                <altitudeMode>absolute</altitudeMode>
            </Point>
        </Placemark>
        <Placemark id="25">
            <name>06:44:53</name>
            <description>UTC: 2026-03-22 06:44:53
Satellites used: 5
Speed: 4.8 m/s  (17.4 km/h)</description>
            <Point id="24">
                <coordinates>34.81331838930559,32.16884655740987,61.67662921211899</coordinates>
                <altitudeMode>absolute</altitudeMode>
            </Point>
        </Placemark>
        <Placemark id="27">
            <name>06:44:54</name>
            <description>UTC: 2026-03-22 06:44:54
Satellites used: 5
Speed: 7.9 m/s  (28.4 km/h)</description>
            <Point id="26">
                <coordinates>34.81332387521614,32.168857476158045,34.877435543316764</coordinates>
                <altitudeMode>absolute</altitudeMode>
            </Point>
        </Placemark>
        <Placemark id="29">
            <name>06:44:55</name>
            <description>UTC: 2026-03-22 06:44:55
Satellites used: 5
Speed: 11.6 m/s  (41.6 km/h)</description>
            <Point id="28">
                <coordinates>34.81332496721248,32.16877970886406,74.35141999840243</coordinates>
                <altitudeMode>absolute</altitudeMode>
            </Point>
        </Placemark>
        <Placemark id="31">
            <name>06:44:56</name>
            <description>UTC: 2026-03-22 06:44:56
Satellites used: 5
Speed: 3.8 m/s  (13.6 km/h)</description>
            <Point id="30">
                <coordinates>34.81330781518535,32.16882862977845,48.351995367429836</coordinates>
                <altitudeMode>absolute</altitudeMode>
            </Point>
        </Placemark>
        <Placemark id="33">
            <name>06:44:57</name>
            <description>UTC: 2026-03-22 06:44:57
Satellites used: 5
Speed: 0.7 m/s  (2.7 km/h)</description>
            <Point id="32">
                <coordinates>34.813295589974835,32.16882351674276,54.49026682796495</coordinates>
                <altitudeMode>absolute</altitudeMode>
            </Point>
        </Placemark>
        <Placemark id="35">
            <name>06:44:58</name>
            <description>UTC: 2026-03-22 06:44:58
Satellites used: 5
Speed: 2.2 m/s  (8.0 km/h)</description>
            <Point id="34">
                <coordinates>34.813304070633485,32.16884911098042,49.36864725253379</coordinates>
                <altitudeMode>absolute</altitudeMode>
            </Point>
        </Placemark>
        <Placemark id="37">
            <name>06:44:59</name>
            <description>UTC: 2026-03-22 06:44:59
Satellites used: 5
Speed: 2.0 m/s  (7.1 km/h)</description>
            <Point id="36">
                <coordinates>34.813280912191175,32.16885266985771,48.42723654060942</coordinates>
                <altitudeMode>absolute</altitudeMode>
            </Point>
        </Placemark>
        <Placemark id="39">
            <name>06:45:00</name>
            <description>UTC: 2026-03-22 06:45:00
Satellites used: 5
Speed: 8.5 m/s  (30.6 km/h)</description>
            <Point id="38">
                <coordinates>34.813341368314674,32.1688489144225,71.51810574014324</coordinates>
                <altitudeMode>absolute</altitudeMode>
            </Point>
        </Placemark>
        <Placemark id="41">
            <name>06:45:01</name>
            <description>UTC: 2026-03-22 06:45:01
Satellites used: 5
Speed: 11.6 m/s  (41.7 km/h)</description>
            <Point id="40">
                <coordinates>34.81319399434179,32.1687892660664,33.104323528546566</coordinates>
                <altitudeMode>absolute</altitudeMode>
            </Point>
        </Placemark>
        <Placemark id="43">
            <name>06:45:02</name>
            <description>UTC: 2026-03-22 06:45:02
Satellites used: 6
Speed: 9.1 m/s  (32.7 km/h)</description>
            <Point id="42">
                <coordinates>34.81331003987961,32.16873675748882,68.8410175872897</coordinates>
                <altitudeMode>absolute</altitudeMode>
            </Point>
        </Placemark>
        <Placemark id="45">
            <name>06:45:03</name>
            <description>UTC: 2026-03-22 06:45:03
Satellites used: 6
Speed: 2.3 m/s  (8.2 km/h)</description>
            <Point id="44">
                <coordinates>34.81328060551027,32.16873721479903,57.40909815837087</coordinates>
                <altitudeMode>absolute</altitudeMode>
            </Point>
        </Placemark>
        <Placemark id="47">
            <name>06:45:04</name>
            <description>UTC: 2026-03-22 06:45:04
Satellites used: 7
Speed: 12.3 m/s  (44.2 km/h)</description>
            <Point id="46">
                <coordinates>34.813487394620076,32.16876425544783,80.83752166271574</coordinates>
                <altitudeMode>absolute</altitudeMode>
            </Point>
        </Placemark>
        <Placemark id="49">
            <name>06:45:05</name>
            <description>UTC: 2026-03-22 06:45:05
Satellites used: 7
Speed: 9.2 m/s  (33.0 km/h)</description>
            <Point id="48">
                <coordinates>34.81327160297985,32.16878186273627,45.4220043075846</coordinates>
                <altitudeMode>absolute</altitudeMode>
            </Point>
        </Placemark>
        <Placemark id="51">
            <name>06:45:06</name>
            <description>UTC: 2026-03-22 06:45:06
Satellites used: 7
Speed: 14.5 m/s  (52.0 km/h)</description>
            <Point id="50">
                <coordinates>34.81339254176733,32.168736472893094,93.48036089225387</coordinates>
                <altitudeMode>absolute</altitudeMode>
            </Point>
        </Placemark>
        <Placemark id="53">
            <name>06:45:08</name>
            <description>UTC: 2026-03-22 06:45:08
Satellites used: 6
Speed: 3.7 m/s  (13.4 km/h)</description>
            <Point id="52">
                <coordinates>34.81332118277762,32.16879376480631,69.50695918610859</coordinates>
                <altitudeMode>absolute</altitudeMode>
            </Point>
        </Placemark>
        <Placemark id="55">
            <name>06:45:09</name>
            <description>UTC: 2026-03-22 06:45:09
Satellites used: 6
Speed: 3.1 m/s  (11.2 km/h)</description>
            <Point id="54">
                <coordinates>34.81330599521513,32.16877372521814,56.48441485964501</coordinates>
                <altitudeMode>absolute</altitudeMode>
            </Point>
        </Placemark>
        <Placemark id="57">
            <name>06:45:10</name>
            <description>UTC: 2026-03-22 06:45:10
Satellites used: 5
Speed: 3.2 m/s  (11.4 km/h)</description>
            <Point id="56">
                <coordinates>34.81326933303471,32.16882361218361,65.98801294801564</coordinates>
                <altitudeMode>absolute</altitudeMode>
            </Point>
        </Placemark>
        <Placemark id="59">
            <name>06:45:11</name>
            <description>UTC: 2026-03-22 06:45:11
Satellites used: 6
Speed: 5.1 m/s  (18.5 km/h)</description>
            <Point id="58">
                <coordinates>34.81326033906962,32.16872751092344,72.50507140480029</coordinates>
                <altitudeMode>absolute</altitudeMode>
            </Point>
        </Placemark>
        <Placemark id="61">
            <name>06:45:12</name>
            <description>UTC: 2026-03-22 06:45:12
Satellites used: 7
Speed: 9.0 m/s  (32.5 km/h)</description>
            <Point id="60">
                <coordinates>34.813380120508306,32.168680455820166,48.78223339758927</coordinates>
                <altitudeMode>absolute</altitudeMode>
            </Point>
        </Placemark>
        <Placemark id="63">
            <name>06:45:13</name>
            <description>UTC: 2026-03-22 06:45:13
Satellites used: 6
Speed: 2.6 m/s  (9.2 km/h)</description>
            <Point id="62">
                <coordinates>34.813296791580825,32.168750845503666,53.898503887646896</coordinates>
                <altitudeMode>absolute</altitudeMode>
            </Point>
        </Placemark>
        <Placemark id="65">
            <name>06:45:14</name>
            <description>UTC: 2026-03-22 06:45:14
Satellites used: 5
Speed: 9.3 m/s  (33.5 km/h)</description>
            <Point id="64">
                <coordinates>34.81320176717769,32.168794772036726,37.34860183539945</coordinates>
                <altitudeMode>absolute</altitudeMode>
            </Point>
        </Placemark>
        <Placemark id="67">
            <name>06:45:15</name>
            <description>UTC: 2026-03-22 06:45:15
Satellites used: 5
Speed: 4.0 m/s  (14.3 km/h)</description>
            <Point id="66">
                <coordinates>34.81329020250628,32.16873189076078,58.39835466207583</coordinates>
                <altitudeMode>absolute</altitudeMode>
            </Point>
        </Placemark>
        <Placemark id="69">
            <name>06:45:16</name>
            <description>UTC: 2026-03-22 06:45:16
Satellites used: 5
Speed: 21.3 m/s  (76.6 km/h)</description>
            <Point id="68">
                <coordinates>34.81342406808833,32.16884535517659,103.18819333299201</coordinates>
                <altitudeMode>absolute</altitudeMode>
            </Point>
        </Placemark>
        <Placemark id="71">
            <name>06:45:17</name>
            <description>UTC: 2026-03-22 06:45:17
Satellites used: 5
Speed: 7.3 m/s  (26.2 km/h)</description>
            <Point id="70">
                <coordinates>34.81341864532105,32.16888821078322,60.95197174205963</coordinates>
                <altitudeMode>absolute</altitudeMode>
            </Point>
        </Placemark>
        <Placemark id="73">
            <name>06:45:18</name>
            <description>UTC: 2026-03-22 06:45:18
Satellites used: 6
Speed: 7.6 m/s  (27.3 km/h)</description>
            <Point id="72">
                <coordinates>34.8133839969985,32.16877974764561,50.0582951864016</coordinates>
                <altitudeMode>absolute</altitudeMode>
            </Point>
        </Placemark>
        <Placemark id="75">
            <name>06:45:38</name>
            <description>UTC: 2026-03-22 06:45:38
Satellites used: 8
Speed: 4.2 m/s  (15.3 km/h)</description>
            <Point id="74">
                <coordinates>34.81326232463496,32.16877710803796,66.11803869313398</coordinates>
                <altitudeMode>absolute</altitudeMode>
            </Point>
        </Placemark>
        <Placemark id="77">
            <name>06:45:39</name>
            <description>UTC: 2026-03-22 06:45:39
Satellites used: 6
Speed: 11.2 m/s  (40.4 km/h)</description>
            <Point id="76">
                <coordinates>34.81318584928294,32.16882502854987,45.23170818979491</coordinates>
                <altitudeMode>absolute</altitudeMode>
            </Point>
        </Placemark>
        <Placemark id="79">
            <name>06:45:40</name>
            <description>UTC: 2026-03-22 06:45:40
Satellites used: 7
Speed: 11.0 m/s  (39.7 km/h)</description>
            <Point id="78">
                <coordinates>34.813330164583,32.168616161409275,46.4520605658148</coordinates>
                <altitudeMode>absolute</altitudeMode>
            </Point>
        </Placemark>
        <Placemark id="81">
            <name>06:45:41</name>
            <description>UTC: 2026-03-22 06:45:41
Satellites used: 6
Speed: 4.0 m/s  (14.5 km/h)</description>
            <Point id="80">
                <coordinates>34.81325545042432,32.168741045670735,65.34295484690387</coordinates>
                <altitudeMode>absolute</altitudeMode>
            </Point>
        </Placemark>
        <Placemark id="83">
            <name>06:45:42</name>
            <description>UTC: 2026-03-22 06:45:42
Satellites used: 7
Speed: 5.6 m/s  (20.1 km/h)</description>
            <Point id="82">
                <coordinates>34.813280009456825,32.16873624771549,45.48683582204766</coordinates>
                <altitudeMode>absolute</altitudeMode>
            </Point>
        </Placemark>
        <Placemark id="85">
            <name>06:45:43</name>
            <description>UTC: 2026-03-22 06:45:43
Satellites used: 7
Speed: 3.6 m/s  (12.9 km/h)</description>
            <Point id="84">
                <coordinates>34.81319724008948,32.16872207416436,48.3118376646845</coordinates>
                <altitudeMode>absolute</altitudeMode>
            </Point>
        </Placemark>
        <Placemark id="87">
            <name>06:45:44</name>
            <description>UTC: 2026-03-22 06:45:44
Satellites used: 8
Speed: 3.1 m/s  (11.2 km/h)</description>
            <Point id="86">
                <coordinates>34.81320207757821,32.16878755820726,54.10091042883299</coordinates>
                <altitudeMode>absolute</altitudeMode>
            </Point>
        </Placemark>
        <Placemark id="89">
            <name>06:45:45</name>
            <description>UTC: 2026-03-22 06:45:45
Satellites used: 8
Speed: 10.2 m/s  (36.6 km/h)</description>
            <Point id="88">
                <coordinates>34.81320219335499,32.168849093177585,29.61338282807339</coordinates>
                <altitudeMode>absolute</altitudeMode>
            </Point>
        </Placemark>
        <Placemark id="91">
            <name>06:45:46</name>
            <description>UTC: 2026-03-22 06:45:46
Satellites used: 8
Speed: 8.2 m/s  (29.4 km/h)</description>
            <Point id="90">
                <coordinates>34.81314862834745,32.16873424632855,61.7519543576738</coordinates>
                <altitudeMode>absolute</altitudeMode>
            </Point>
        </Placemark>
        <Placemark id="93">
            <name>06:45:47</name>
            <description>UTC: 2026-03-22 06:45:47
Satellites used: 7
Speed: 4.9 m/s  (17.5 km/h)</description>
            <Point id="92">
                <coordinates>34.81312618937678,32.168708153327174,42.542356316967336</coordinates>
                <altitudeMode>absolute</altitudeMode>
            </Point>
        </Placemark>
        <Placemark id="95">
            <name>06:45:48</name>
            <description>UTC: 2026-03-22 06:45:48
Satellites used: 7
Speed: 3.8 m/s  (13.6 km/h)</description>
            <Point id="94">
                <coordinates>34.81308298879278,32.16873808207227,52.97661787393522</coordinates>
                <altitudeMode>absolute</altitudeMode>
            </Point>
        </Placemark>
        <Placemark id="97">
            <name>06:45:49</name>
            <description>UTC: 2026-03-22 06:45:49
Satellites used: 7
Speed: 7.8 m/s  (28.2 km/h)</description>
            <Point id="96">
                <coordinates>34.81298038595868,32.168777270987874,36.87383272153142</coordinates>
                <altitudeMode>absolute</altitudeMode>
            </Point>
        </Placemark>
        <Placemark id="99">
            <name>06:45:50</name>
            <description>UTC: 2026-03-22 06:45:50
Satellites used: 7
Speed: 6.6 m/s  (23.6 km/h)</description>
            <Point id="98">
                <coordinates>34.813009638009895,32.16881537724497,58.401650926020096</coordinates>
                <altitudeMode>absolute</altitudeMode>
            </Point>
        </Placemark>
        <Placemark id="101">
            <name>06:45:51</name>
            <description>UTC: 2026-03-22 06:45:51
Satellites used: 7
Speed: 6.5 m/s  (23.5 km/h)</description>
            <Point id="100">
                <coordinates>34.812920690292316,32.1687497929182,60.777893397104286</coordinates>
                <altitudeMode>absolute</altitudeMode>
            </Point>
        </Placemark>
        <Placemark id="103">
            <name>06:45:52</name>
            <description>UTC: 2026-03-22 06:45:52
Satellites used: 7
Speed: 6.8 m/s  (24.4 km/h)</description>
            <Point id="102">
                <coordinates>34.812843095004226,32.16876922841258,63.25113921962554</coordinates>
                <altitudeMode>absolute</altitudeMode>
            </Point>
        </Placemark>
        <Placemark id="105">
            <name>06:45:53</name>
            <description>UTC: 2026-03-22 06:45:53
Satellites used: 8
Speed: 5.5 m/s  (19.8 km/h)</description>
            <Point id="104">
                <coordinates>34.81280255684432,32.16879154140097,52.796999935922656</coordinates>
                <altitudeMode>absolute</altitudeMode>
            </Point>
        </Placemark>
        <Placemark id="107">
            <name>06:45:54</name>
            <description>UTC: 2026-03-22 06:45:54
Satellites used: 8
Speed: 10.6 m/s  (38.1 km/h)</description>
            <Point id="106">
                <coordinates>34.812862467513625,32.16880396832775,29.66409899763072</coordinates>
                <altitudeMode>absolute</altitudeMode>
            </Point>
        </Placemark>
        <Placemark id="109">
            <name>06:45:55</name>
            <description>UTC: 2026-03-22 06:45:55
Satellites used: 8
Speed: 5.0 m/s  (18.1 km/h)</description>
            <Point id="108">
                <coordinates>34.81276316555356,32.16878341307126,52.366600025149495</coordinates>
                <altitudeMode>absolute</altitudeMode>
            </Point>
        </Placemark>
        <Placemark id="111">
            <name>06:45:56</name>
            <description>UTC: 2026-03-22 06:45:56
Satellites used: 8
Speed: 6.0 m/s  (21.7 km/h)</description>
            <Point id="110">
                <coordinates>34.81274555815902,32.16878053633992,60.93017214971056</coordinates>
                <altitudeMode>absolute</altitudeMode>
            </Point>
        </Placemark>
        <Placemark id="113">
            <name>06:45:57</name>
            <description>UTC: 2026-03-22 06:45:57
Satellites used: 8
Speed: 5.2 m/s  (18.8 km/h)</description>
            <Point id="112">
                <coordinates>34.81267435788858,32.16881926404987,58.115653631935864</coordinates>
                <altitudeMode>absolute</altitudeMode>
            </Point>
        </Placemark>
        <Placemark id="115">
            <name>06:45:58</name>
            <description>UTC: 2026-03-22 06:45:58
Satellites used: 8
Speed: 8.3 m/s  (29.7 km/h)</description>
            <Point id="114">
                <coordinates>34.81259535669471,32.16880991667853,40.41174230987635</coordinates>
                <altitudeMode>absolute</altitudeMode>
            </Point>
        </Placemark>
        <Placemark id="117">
            <name>06:45:59</name>
            <description>UTC: 2026-03-22 06:45:59
Satellites used: 8
Speed: 5.8 m/s  (20.9 km/h)</description>
            <Point id="116">
                <coordinates>34.812562897172434,32.16876467575754,56.86364218230374</coordinates>
                <altitudeMode>absolute</altitudeMode>
            </Point>
        </Placemark>
        <Placemark id="119">
            <name>06:46:00</name>
            <description>UTC: 2026-03-22 06:46:00
Satellites used: 8
Speed: 7.6 m/s  (27.2 km/h)</description>
            <Point id="118">
                <coordinates>34.81250310775083,32.16878705079047,38.26105120972809</coordinates>
                <altitudeMode>absolute</altitudeMode>
            </Point>
        </Placemark>
        <Placemark id="121">
            <name>06:46:01</name>
            <description>UTC: 2026-03-22 06:46:01
Satellites used: 8
Speed: 16.1 m/s  (58.0 km/h)</description>
            <Point id="120">
                <coordinates>34.812314883730835,32.168848172596526,77.245756712107</coordinates>
                <altitudeMode>absolute</altitudeMode>
            </Point>
        </Placemark>
        <Placemark id="123">
            <name>06:46:02</name>
            <description>UTC: 2026-03-22 06:46:02
Satellites used: 5
Speed: 7.9 m/s  (28.5 km/h)</description>
            <Point id="122">
                <coordinates>34.812291575460584,32.16887736928368,52.8326958242673</coordinates>
                <altitudeMode>absolute</altitudeMode>
            </Point>
        </Placemark>
        <Placemark id="125">
            <name>06:46:03</name>
            <description>UTC: 2026-03-22 06:46:03
Satellites used: 8
Speed: 10.0 m/s  (35.9 km/h)</description>
            <Point id="124">
                <coordinates>34.812370797720234,32.16870837598555,36.317048065795674</coordinates>
                <altitudeMode>absolute</altitudeMode>
            </Point>
        </Placemark>
        <Placemark id="127">
            <name>06:46:04</name>
            <description>UTC: 2026-03-22 06:46:04
Satellites used: 7
Speed: 7.3 m/s  (26.3 km/h)</description>
            <Point id="126">
                <coordinates>34.81219845937861,32.16878588891877,45.43291568583977</coordinates>
                <altitudeMode>absolute</altitudeMode>
            </Point>
        </Placemark>
        <Placemark id="129">
            <name>06:46:05</name>
            <description>UTC: 2026-03-22 06:46:05
Satellites used: 8
Speed: 14.7 m/s  (53.1 km/h)</description>
            <Point id="128">
                <coordinates>34.81217572773672,32.168654201829476,15.980682436459928</coordinates>
                <altitudeMode>absolute</altitudeMode>
            </Point>
        </Placemark>
        <Placemark id="131">
            <name>06:46:06</name>
            <description>UTC: 2026-03-22 06:46:06
Satellites used: 6
Speed: 22.4 m/s  (80.7 km/h)</description>
            <Point id="130">
                <coordinates>34.81196039756576,32.16878268188882,82.88376673587503</coordinates>
                <altitudeMode>absolute</altitudeMode>
            </Point>
        </Placemark>
        <Placemark id="133">
            <name>06:46:07</name>
            <description>UTC: 2026-03-22 06:46:07
Satellites used: 7
Speed: 3.6 m/s  (13.1 km/h)</description>
            <Point id="132">
                <coordinates>34.81205456734583,32.16878942722421,52.38874660623036</coordinates>
                <altitudeMode>absolute</altitudeMode>
            </Point>
        </Placemark>
        <Placemark id="135">
            <name>06:46:08</name>
            <description>UTC: 2026-03-22 06:46:08
Satellites used: 8
Speed: 4.5 m/s  (16.1 km/h)</description>
            <Point id="134">
                <coordinates>34.81200203234908,32.16880402325261,57.159177180388546</coordinates>
                <altitudeMode>absolute</altitudeMode>
            </Point>
        </Placemark>
        <Placemark id="137">
            <name>06:46:09</name>
            <description>UTC: 2026-03-22 06:46:09
Satellites used: 8
Speed: 5.8 m/s  (21.0 km/h)</description>
            <Point id="136">
                <coordinates>34.81193309459518,32.168797994453854,47.32108919528081</coordinates>
                <altitudeMode>absolute</altitudeMode>
            </Point>
        </Placemark>
        <Placemark id="139">
            <name>06:46:10</name>
            <description>UTC: 2026-03-22 06:46:10
Satellites used: 7
Speed: 5.8 m/s  (21.0 km/h)</description>
            <Point id="138">
                <coordinates>34.811866632049075,32.16880615063036,47.201675339729405</coordinates>
                <altitudeMode>absolute</altitudeMode>
            </Point>
        </Placemark>
        <Placemark id="141">
            <name>06:46:11</name>
            <description>UTC: 2026-03-22 06:46:11
Satellites used: 7
Speed: 6.5 m/s  (23.5 km/h)</description>
            <Point id="140">
                <coordinates>34.8118122064161,32.16882546213882,41.15337879757495</coordinates>
                <altitudeMode>absolute</altitudeMode>
            </Point>
        </Placemark>
        <Placemark id="143">
            <name>06:46:12</name>
            <description>UTC: 2026-03-22 06:46:12
Satellites used: 6
Speed: 5.2 m/s  (18.8 km/h)</description>
            <Point id="142">
                <coordinates>34.81176365051911,32.16880310481975,42.88798438698174</coordinates>
                <altitudeMode>absolute</altitudeMode>
            </Point>
        </Placemark>
        <Placemark id="145">
            <name>06:46:13</name>
            <description>UTC: 2026-03-22 06:46:13
Satellites used: 7
Speed: 5.7 m/s  (20.4 km/h)</description>
            <Point id="144">
                <coordinates>34.81171142770356,32.1687888024138,38.589090734126906</coordinates>
                <altitudeMode>absolute</altitudeMode>
            </Point>
        </Placemark>
        <Placemark id="147">
            <name>06:46:14</name>
            <description>UTC: 2026-03-22 06:46:14
Satellites used: 8
Speed: 7.1 m/s  (25.5 km/h)</description>
            <Point id="146">
                <coordinates>34.81165019508949,32.16873953633,52.18415064093271</coordinates>
                <altitudeMode>absolute</altitudeMode>
            </Point>
        </Placemark>
        <Placemark id="149">
            <name>06:46:15</name>
            <description>UTC: 2026-03-22 06:46:15
Satellites used: 7
Speed: 8.7 m/s  (31.3 km/h)</description>
            <Point id="148">
                <coordinates>34.81154359019275,32.168702182642036,55.37498702687658</coordinates>
                <altitudeMode>absolute</altitudeMode>
            </Point>
        </Placemark>
        <Placemark id="151">
            <name>06:46:16</name>
            <description>UTC: 2026-03-22 06:46:16
Satellites used: 7
Speed: 7.4 m/s  (26.8 km/h)</description>
            <Point id="150">
                <coordinates>34.811526555479986,32.16865807470715,59.82908264866919</coordinates>
                <altitudeMode>absolute</altitudeMode>
            </Point>
        </Placemark>
        <Placemark id="153">
            <name>06:46:17</name>
            <description>UTC: 2026-03-22 06:46:17
Satellites used: 6
Speed: 14.9 m/s  (53.8 km/h)</description>
            <Point id="152">
                <coordinates>34.8113804353375,32.16869043600512,84.56840680591732</coordinates>
                <altitudeMode>absolute</altitudeMode>
            </Point>
        </Placemark>
        <Placemark id="155">
            <name>06:46:18</name>
            <description>UTC: 2026-03-22 06:46:18
Satellites used: 8
Speed: 9.9 m/s  (35.7 km/h)</description>
            <Point id="154">
                <coordinates>34.81127253875397,32.16877811028543,70.62768146970477</coordinates>
                <altitudeMode>absolute</altitudeMode>
            </Point>
        </Placemark>
        <Placemark id="157">
            <name>06:46:19</name>
            <description>UTC: 2026-03-22 06:46:19
Satellites used: 7
Speed: 7.2 m/s  (26.0 km/h)</description>
            <Point id="156">
                <coordinates>34.81125010633916,32.168715174344065,59.6184301174798</coordinates>
                <altitudeMode>absolute</altitudeMode>
            </Point>
        </Placemark>
        <Placemark id="159">
            <name>06:46:20</name>
            <description>UTC: 2026-03-22 06:46:20
Satellites used: 8
Speed: 13.2 m/s  (47.6 km/h)</description>
            <Point id="158">
                <coordinates>34.81129869702998,32.16860869919733,34.65581297267551</coordinates>
                <altitudeMode>absolute</altitudeMode>
            </Point>
        </Placemark>
        <Placemark id="161">
            <name>06:46:21</name>
            <description>UTC: 2026-03-22 06:46:21
Satellites used: 7
Speed: 8.8 m/s  (31.8 km/h)</description>
            <Point id="160">
                <coordinates>34.81118086482015,32.168737700388625,36.91419136192417</coordinates>
                <altitudeMode>absolute</altitudeMode>
            </Point>
        </Placemark>
        <Placemark id="163">
            <name>06:46:22</name>
            <description>UTC: 2026-03-22 06:46:22
Satellites used: 6
Speed: 7.0 m/s  (25.2 km/h)</description>
            <Point id="162">
                <coordinates>34.81110904488534,32.16871950464209,37.97832847735296</coordinates>
                <altitudeMode>absolute</altitudeMode>
            </Point>
        </Placemark>
        <Placemark id="165">
            <name>06:46:23</name>
            <description>UTC: 2026-03-22 06:46:23
Satellites used: 6
Speed: 8.5 m/s  (30.7 km/h)</description>
            <Point id="164">
                <coordinates>34.81101301691693,32.168722202042844,31.960518577895566</coordinates>
                <altitudeMode>absolute</altitudeMode>
            </Point>
        </Placemark>
        <Placemark id="167">
            <name>06:46:24</name>
            <description>UTC: 2026-03-22 06:46:24
Satellites used: 7
Speed: 13.9 m/s  (50.0 km/h)</description>
            <Point id="166">
                <coordinates>34.81091402952404,32.16866630848302,66.26958501762614</coordinates>
                <altitudeMode>absolute</altitudeMode>
            </Point>
        </Placemark>
        <Placemark id="169">
            <name>06:46:25</name>
            <description>UTC: 2026-03-22 06:46:25
Satellites used: 7
Speed: 5.9 m/s  (21.3 km/h)</description>
            <Point id="168">
                <coordinates>34.810913631870484,32.16868071982533,57.91619843224098</coordinates>
                <altitudeMode>absolute</altitudeMode>
            </Point>
        </Placemark>
        <Placemark id="171">
            <name>06:46:26</name>
            <description>UTC: 2026-03-22 06:46:26
Satellites used: 6
Speed: 10.1 m/s  (36.5 km/h)</description>
            <Point id="170">
                <coordinates>34.810844491815544,32.16871954103828,31.962481867453917</coordinates>
                <altitudeMode>absolute</altitudeMode>
            </Point>
        </Placemark>
        <Placemark id="173">
            <name>06:46:27</name>
            <description>UTC: 2026-03-22 06:46:27
Satellites used: 7
Speed: 10.9 m/s  (39.2 km/h)</description>
            <Point id="172">
                <coordinates>34.810717860583644,32.16863926612271,61.38151994339831</coordinates>
                <altitudeMode>absolute</altitudeMode>
            </Point>
        </Placemark>
        <Placemark id="175">
            <name>06:46:28</name>
            <description>UTC: 2026-03-22 06:46:28
Satellites used: 7
Speed: 6.9 m/s  (25.0 km/h)</description>
            <Point id="174">
                <coordinates>34.81068283089395,32.16864943281337,58.58517907637093</coordinates>
                <altitudeMode>absolute</altitudeMode>
            </Point>
        </Placemark>
        <Placemark id="177">
            <name>06:46:29</name>
            <description>UTC: 2026-03-22 06:46:29
Satellites used: 8
Speed: 5.4 m/s  (19.4 km/h)</description>
            <Point id="176">
                <coordinates>34.810640646810945,32.16864394852933,54.13608694147998</coordinates>
                <altitudeMode>absolute</altitudeMode>
            </Point>
        </Placemark>
        <Placemark id="179">
            <name>06:46:30</name>
            <description>UTC: 2026-03-22 06:46:30
Satellites used: 8
Speed: 7.1 m/s  (25.5 km/h)</description>
            <Point id="178">
                <coordinates>34.81056417214137,32.16873278837372,57.67285497889674</coordinates>
                <altitudeMode>absolute</altitudeMode>
            </Point>
        </Placemark>
        <Placemark id="181">
            <name>06:46:31</name>
            <description>UTC: 2026-03-22 06:46:31
Satellites used: 8
Speed: 9.1 m/s  (32.7 km/h)</description>
            <Point id="180">
                <coordinates>34.81049914078429,32.168782248462016,42.48110317857142</coordinates>
                <altitudeMode>absolute</altitudeMode>
            </Point>
        </Placemark>
        <Placemark id="183">
            <name>06:46:32</name>
            <description>UTC: 2026-03-22 06:46:32
Satellites used: 8
Speed: 14.1 m/s  (50.9 km/h)</description>
            <Point id="182">
                <coordinates>34.81030857106986,32.16866866248213,72.12135710360657</coordinates>
                <altitudeMode>absolute</altitudeMode>
            </Point>
        </Placemark>
        <Placemark id="185">
            <name>06:46:33</name>
            <description>UTC: 2026-03-22 06:46:33
Satellites used: 8
Speed: 11.9 m/s  (42.8 km/h)</description>
            <Point id="184">
                <coordinates>34.81039060865834,32.16858246499385,84.20990614652186</coordinates>
                <altitudeMode>absolute</altitudeMode>
            </Point>
        </Placemark>
        <Placemark id="187">
            <name>06:46:34</name>
            <description>UTC: 2026-03-22 06:46:34
Satellites used: 7
Speed: 15.9 m/s  (57.4 km/h)</description>
            <Point id="186">
                <coordinates>34.81051712776005,32.16868990483776,30.025157359332304</coordinates>
                <altitudeMode>absolute</altitudeMode>
            </Point>
        </Placemark>
        <Placemark id="189">
            <name>06:46:35</name>
            <description>UTC: 2026-03-22 06:46:35
Satellites used: 8
Speed: 9.4 m/s  (34.0 km/h)</description>
            <Point id="188">
                <coordinates>34.81053906206188,32.16861538259524,31.48953045799514</coordinates>
                <altitudeMode>absolute</altitudeMode>
            </Point>
        </Placemark>
        <Placemark id="191">
            <name>06:46:36</name>
            <description>UTC: 2026-03-22 06:46:36
Satellites used: 8
Speed: 10.8 m/s  (38.8 km/h)</description>
            <Point id="190">
                <coordinates>34.81052992826675,32.168663681361664,17.97025761363464</coordinates>
                <altitudeMode>absolute</altitudeMode>
            </Point>
        </Placemark>
        <Placemark id="193">
            <name>06:46:37</name>
            <description>UTC: 2026-03-22 06:46:37
Satellites used: 7
Speed: 4.4 m/s  (15.9 km/h)</description>
            <Point id="192">
                <coordinates>34.81045493694295,32.16859073837903,40.60062793965818</coordinates>
                <altitudeMode>absolute</altitudeMode>
            </Point>
        </Placemark>
        <Placemark id="195">
            <name>06:46:38</name>
            <description>UTC: 2026-03-22 06:46:38
Satellites used: 7
Speed: 23.3 m/s  (83.8 km/h)</description>
            <Point id="194">
                <coordinates>34.81037147134401,32.168363118191365,85.60697114886142</coordinates>
                <altitudeMode>absolute</altitudeMode>
            </Point>
        </Placemark>
        <Placemark id="197">
            <name>06:46:39</name>
            <description>UTC: 2026-03-22 06:46:39
Satellites used: 7
Speed: 7.5 m/s  (27.1 km/h)</description>
            <Point id="196">
                <coordinates>34.810373308653176,32.16837227673129,62.13995229298553</coordinates>
                <altitudeMode>absolute</altitudeMode>
            </Point>
        </Placemark>
        <Placemark id="199">
            <name>06:46:40</name>
            <description>UTC: 2026-03-22 06:46:40
Satellites used: 8
Speed: 6.8 m/s  (24.4 km/h)</description>
            <Point id="198">
                <coordinates>34.81038526539646,32.16839145606786,43.823946037510545</coordinates>
                <altitudeMode>absolute</altitudeMode>
            </Point>
        </Placemark>
        <Placemark id="201">
            <name>06:46:41</name>
            <description>UTC: 2026-03-22 06:46:41
Satellites used: 8
Speed: 9.0 m/s  (32.3 km/h)</description>
            <Point id="200">
                <coordinates>34.81043026839454,32.16830408008451,35.7151845490578</coordinates>
                <altitudeMode>absolute</altitudeMode>
            </Point>
        </Placemark>
        <Placemark id="203">
            <name>06:46:42</name>
            <description>UTC: 2026-03-22 06:46:42
Satellites used: 8
Speed: 12.1 m/s  (43.6 km/h)</description>
            <Point id="202">
                <coordinates>34.81046632038957,32.16812377181588,37.431547572059706</coordinates>
                <altitudeMode>absolute</altitudeMode>
            </Point>
        </Placemark>
        <Placemark id="205">
            <name>06:46:43</name>
            <description>UTC: 2026-03-22 06:46:43
Satellites used: 7
Speed: 5.0 m/s  (17.9 km/h)</description>
            <Point id="204">
                <coordinates>34.8103574650617,32.16820937691887,35.98617240441237</coordinates>
                <altitudeMode>absolute</altitudeMode>
            </Point>
        </Placemark>
        <Placemark id="207">
            <name>06:46:44</name>
            <description>UTC: 2026-03-22 06:46:44
Satellites used: 8
Speed: 4.7 m/s  (17.1 km/h)</description>
            <Point id="206">
                <coordinates>34.810349662117794,32.168203424227826,49.188243783115816</coordinates>
                <altitudeMode>absolute</altitudeMode>
            </Point>
        </Placemark>
        <Placemark id="209">
            <name>06:46:45</name>
            <description>UTC: 2026-03-22 06:46:45
Satellites used: 8
Speed: 10.0 m/s  (35.8 km/h)</description>
            <Point id="208">
                <coordinates>34.81026697425628,32.16806685192883,30.732979986843027</coordinates>
                <altitudeMode>absolute</altitudeMode>
            </Point>
        </Placemark>
        <Placemark id="211">
            <name>06:46:46</name>
            <description>UTC: 2026-03-22 06:46:46
Satellites used: 7
Speed: 7.6 m/s  (27.5 km/h)</description>
            <Point id="210">
                <coordinates>34.81023574703671,32.16806481375815,50.64735492678076</coordinates>
                <altitudeMode>absolute</altitudeMode>
            </Point>
        </Placemark>
        <Placemark id="213">
            <name>06:46:47</name>
            <description>UTC: 2026-03-22 06:46:47
Satellites used: 7
Speed: 8.1 m/s  (29.1 km/h)</description>
            <Point id="212">
                <coordinates>34.810197379468455,32.16796590814105,46.4889791181104</coordinates>
                <altitudeMode>absolute</altitudeMode>
            </Point>
        </Placemark>
        <Placemark id="215">
            <name>06:46:48</name>
            <description>UTC: 2026-03-22 06:46:48
Satellites used: 7
Speed: 15.2 m/s  (54.6 km/h)</description>
            <Point id="214">
                <coordinates>34.81015182928136,32.167841799726844,71.91368353563797</coordinates>
                <altitudeMode>absolute</altitudeMode>
            </Point>
        </Placemark>
        <Placemark id="217">
            <name>06:46:49</name>
            <description>UTC: 2026-03-22 06:46:49
Satellites used: 6
Speed: 8.1 m/s  (29.1 km/h)</description>
            <Point id="216">
                <coordinates>34.81023373032122,32.167860104120145,39.8355546818358</coordinates>
                <altitudeMode>absolute</altitudeMode>
            </Point>
        </Placemark>
        <Placemark id="219">
            <name>06:46:50</name>
            <description>UTC: 2026-03-22 06:46:50
Satellites used: 6
Speed: 7.2 m/s  (25.8 km/h)</description>
            <Point id="218">
                <coordinates>34.8100829102967,32.167898331169106,37.585142345882936</coordinates>
                <altitudeMode>absolute</altitudeMode>
            </Point>
        </Placemark>
        <Placemark id="221">
            <name>06:46:51</name>
            <description>UTC: 2026-03-22 06:46:51
Satellites used: 9
Speed: 18.3 m/s  (65.9 km/h)</description>
            <Point id="220">
                <coordinates>34.810191090301075,32.16787534262118,90.0952694992242</coordinates>
                <altitudeMode>absolute</altitudeMode>
            </Point>
        </Placemark>
        <Placemark id="223">
            <name>06:46:52</name>
            <description>UTC: 2026-03-22 06:46:52
Satellites used: 8
Speed: 15.7 m/s  (56.4 km/h)</description>
            <Point id="222">
                <coordinates>34.81003484270617,32.16765933125161,37.44522724104541</coordinates>
                <altitudeMode>absolute</altitudeMode>
            </Point>
        </Placemark>
        <Placemark id="225">
            <name>06:46:53</name>
            <description>UTC: 2026-03-22 06:46:53
Satellites used: 8
Speed: 9.4 m/s  (33.8 km/h)</description>
            <Point id="224">
                <coordinates>34.80990880109598,32.16774992789392,41.76497589688393</coordinates>
                <altitudeMode>absolute</altitudeMode>
            </Point>
        </Placemark>
        <Placemark id="227">
            <name>06:46:54</name>
            <description>UTC: 2026-03-22 06:46:54
Satellites used: 7
Speed: 5.7 m/s  (20.5 km/h)</description>
            <Point id="226">
                <coordinates>34.80992561551777,32.167713335551895,42.17532027533637</coordinates>
                <altitudeMode>absolute</altitudeMode>
            </Point>
        </Placemark>
        <Placemark id="229">
            <name>06:46:55</name>
            <description>UTC: 2026-03-22 06:46:55
Satellites used: 7
Speed: 11.7 m/s  (42.3 km/h)</description>
            <Point id="228">
                <coordinates>34.80974443012897,32.1675935569494,46.528689057963156</coordinates>
                <altitudeMode>absolute</altitudeMode>
            </Point>
        </Placemark>
        <Placemark id="231">
            <name>06:46:56</name>
            <description>UTC: 2026-03-22 06:46:56
Satellites used: 7
Speed: 10.6 m/s  (38.1 km/h)</description>
            <Point id="230">
                <coordinates>34.80974014984694,32.167514521221825,35.487371073801725</coordinates>
                <altitudeMode>absolute</altitudeMode>
            </Point>
        </Placemark>
        <Placemark id="233">
            <name>06:46:57</name>
            <description>UTC: 2026-03-22 06:46:57
Satellites used: 7
Speed: 5.5 m/s  (19.8 km/h)</description>
            <Point id="232">
                <coordinates>34.809761531815695,32.16756048680852,31.80741975573973</coordinates>
                <altitudeMode>absolute</altitudeMode>
            </Point>
        </Placemark>
        <Placemark id="235">
            <name>06:46:58</name>
            <description>UTC: 2026-03-22 06:46:58
Satellites used: 7
Speed: 5.8 m/s  (21.0 km/h)</description>
            <Point id="234">
                <coordinates>34.80971527183975,32.16749458992047,41.98690675388404</coordinates>
                <altitudeMode>absolute</altitudeMode>
            </Point>
        </Placemark>
        <Placemark id="237">
            <name>06:46:59</name>
            <description>UTC: 2026-03-22 06:46:59
Satellites used: 7
Speed: 8.1 m/s  (29.2 km/h)</description>
            <Point id="236">
                <coordinates>34.8095999556792,32.16747025179011,31.198275904173446</coordinates>
                <altitudeMode>absolute</altitudeMode>
            </Point>
        </Placemark>
        <Placemark id="239">
            <name>06:47:00</name>
            <description>UTC: 2026-03-22 06:47:00
Satellites used: 6
Speed: 11.8 m/s  (42.4 km/h)</description>
            <Point id="238">
                <coordinates>34.80958575258742,32.167275682576395,33.938560624189186</coordinates>
                <altitudeMode>absolute</altitudeMode>
            </Point>
        </Placemark>
        <Placemark id="241">
            <name>06:47:01</name>
            <description>UTC: 2026-03-22 06:47:01
Satellites used: 7
Speed: 10.7 m/s  (38.5 km/h)</description>
            <Point id="240">
                <coordinates>34.809429144245,32.1673405324084,48.62349365231656</coordinates>
                <altitudeMode>absolute</altitudeMode>
            </Point>
        </Placemark>
        <Placemark id="243">
            <name>06:47:02</name>
            <description>UTC: 2026-03-22 06:47:02
Satellites used: 7
Speed: 8.1 m/s  (29.0 km/h)</description>
            <Point id="242">
                <coordinates>34.80945230759318,32.167248845307356,47.52139146650981</coordinates>
                <altitudeMode>absolute</altitudeMode>
            </Point>
        </Placemark>
        <Placemark id="245">
            <name>06:47:03</name>
            <description>UTC: 2026-03-22 06:47:03
Satellites used: 6
Speed: 13.9 m/s  (50.0 km/h)</description>
            <Point id="244">
                <coordinates>34.809224530293,32.16724247654603,61.448845897940885</coordinates>
                <altitudeMode>absolute</altitudeMode>
            </Point>
        </Placemark>
        <Placemark id="247">
            <name>06:47:04</name>
            <description>UTC: 2026-03-22 06:47:04
Satellites used: 7
Speed: 6.4 m/s  (23.1 km/h)</description>
            <Point id="246">
                <coordinates>34.80927458138363,32.16722064339228,44.06385429253943</coordinates>
                <altitudeMode>absolute</altitudeMode>
            </Point>
        </Placemark>
        <Placemark id="249">
            <name>06:47:05</name>
            <description>UTC: 2026-03-22 06:47:05
Satellites used: 6
Speed: 8.0 m/s  (28.6 km/h)</description>
            <Point id="248">
                <coordinates>34.80919825132469,32.16717338540226,38.95149872327181</coordinates>
                <altitudeMode>absolute</altitudeMode>
            </Point>
        </Placemark>
        <Placemark id="251">
            <name>06:47:06</name>
            <description>UTC: 2026-03-22 06:47:06
Satellites used: 7
Speed: 8.1 m/s  (29.3 km/h)</description>
            <Point id="250">
                <coordinates>34.80914845905018,32.16711066411935,52.256901250718165</coordinates>
                <altitudeMode>absolute</altitudeMode>
            </Point>
        </Placemark>
        <Placemark id="253">
            <name>06:47:07</name>
            <description>UTC: 2026-03-22 06:47:07
Satellites used: 7
Speed: 12.6 m/s  (45.5 km/h)</description>
            <Point id="252">
                <coordinates>34.80895485053879,32.167099655628995,62.600759905018485</coordinates>
                <altitudeMode>absolute</altitudeMode>
            </Point>
        </Placemark>
        <Placemark id="255">
            <name>06:47:08</name>
            <description>UTC: 2026-03-22 06:47:08
Satellites used: 7
Speed: 6.3 m/s  (22.7 km/h)</description>
            <Point id="254">
                <coordinates>34.80901432901985,32.16706683270272,61.46867443685708</coordinates>
                <altitudeMode>absolute</altitudeMode>
            </Point>
        </Placemark>
        <Placemark id="257">
            <name>06:47:09</name>
            <description>UTC: 2026-03-22 06:47:09
Satellites used: 7
Speed: 5.2 m/s  (18.7 km/h)</description>
            <Point id="256">
                <coordinates>34.80898551737354,32.16703652065156,53.02794889099565</coordinates>
                <altitudeMode>absolute</altitudeMode>
            </Point>
        </Placemark>
        <Placemark id="259">
            <name>06:47:10</name>
            <description>UTC: 2026-03-22 06:47:10
Satellites used: 7
Speed: 4.9 m/s  (17.8 km/h)</description>
            <Point id="258">
                <coordinates>34.808965072916806,32.16700591959985,50.1831456589923</coordinates>
                <altitudeMode>absolute</altitudeMode>
            </Point>
        </Placemark>
        <Placemark id="261">
            <name>06:47:11</name>
            <description>UTC: 2026-03-22 06:47:11
Satellites used: 7
Speed: 3.8 m/s  (13.5 km/h)</description>
            <Point id="260">
                <coordinates>34.808999456703695,32.1669921818984,59.66646779236084</coordinates>
                <altitudeMode>absolute</altitudeMode>
            </Point>
        </Placemark>
        <Placemark id="263">
            <name>06:47:12</name>
            <description>UTC: 2026-03-22 06:47:12
Satellites used: 8
Speed: 6.5 m/s  (23.6 km/h)</description>
            <Point id="262">
                <coordinates>34.80900151336545,32.16689574242643,62.912475576495616</coordinates>
                <altitudeMode>absolute</altitudeMode>
            </Point>
        </Placemark>
        <Placemark id="265">
            <name>06:47:13</name>
            <description>UTC: 2026-03-22 06:47:13
Satellites used: 7
Speed: 6.8 m/s  (24.6 km/h)</description>
            <Point id="264">
                <coordinates>34.808963099144236,32.16684818776625,67.39996067383753</coordinates>
                <altitudeMode>absolute</altitudeMode>
            </Point>
        </Placemark>
        <Placemark id="267">
            <name>06:47:14</name>
            <description>UTC: 2026-03-22 06:47:14
Satellites used: 8
Speed: 12.1 m/s  (43.6 km/h)</description>
            <Point id="266">
                <coordinates>34.80880288386276,32.166857889860495,38.53070762214369</coordinates>
                <altitudeMode>absolute</altitudeMode>
            </Point>
        </Placemark>
        <Placemark id="269">
            <name>06:47:15</name>
            <description>UTC: 2026-03-22 06:47:15
Satellites used: 9
Speed: 3.9 m/s  (14.2 km/h)</description>
            <Point id="268">
                <coordinates>34.808817225769175,32.166909547710546,49.22150580560701</coordinates>
                <altitudeMode>absolute</altitudeMode>
            </Point>
        </Placemark>
        <Placemark id="271">
            <name>06:47:16</name>
            <description>UTC: 2026-03-22 06:47:16
Satellites used: 9
Speed: 11.2 m/s  (40.2 km/h)</description>
            <Point id="270">
                <coordinates>34.80878483341547,32.16701874832815,74.57183886845685</coordinates>
                <altitudeMode>absolute</altitudeMode>
            </Point>
        </Placemark>
        <Placemark id="273">
            <name>06:47:17</name>
            <description>UTC: 2026-03-22 06:47:17
Satellites used: 8
Speed: 13.3 m/s  (48.0 km/h)</description>
            <Point id="272">
                <coordinates>34.80879404006473,32.16685777978182,29.140237271038377</coordinates>
                <altitudeMode>absolute</altitudeMode>
            </Point>
        </Placemark>
        <Placemark id="275">
            <name>06:47:18</name>
            <description>UTC: 2026-03-22 06:47:18
Satellites used: 7
Speed: 7.5 m/s  (27.1 km/h)</description>
            <Point id="274">
                <coordinates>34.808677065853026,32.166861701826996,36.26054951512246</coordinates>
                <altitudeMode>absolute</altitudeMode>
            </Point>
        </Placemark>
        <Placemark id="277">
            <name>06:47:19</name>
            <description>UTC: 2026-03-22 06:47:19
Satellites used: 7
Speed: 9.9 m/s  (35.6 km/h)</description>
            <Point id="276">
                <coordinates>34.80854392402257,32.166927989584245,56.291851344936255</coordinates>
                <altitudeMode>absolute</altitudeMode>
            </Point>
        </Placemark>
        <Placemark id="279">
            <name>06:47:20</name>
            <description>UTC: 2026-03-22 06:47:20
Satellites used: 7
Speed: 8.2 m/s  (29.6 km/h)</description>
            <Point id="278">
                <coordinates>34.808472435901514,32.16684891760453,44.905048292257604</coordinates>
                <altitudeMode>absolute</altitudeMode>
            </Point>
        </Placemark>
        <Placemark id="281">
            <name>06:47:21</name>
            <description>UTC: 2026-03-22 06:47:21
Satellites used: 7
Speed: 9.9 m/s  (35.8 km/h)</description>
            <Point id="280">
                <coordinates>34.80837286277565,32.16697218631844,56.18809458768565</coordinates>
                <altitudeMode>absolute</altitudeMode>
            </Point>
        </Placemark>
        <Placemark id="283">
            <name>06:47:22</name>
            <description>UTC: 2026-03-22 06:47:22
Satellites used: 7
Speed: 5.7 m/s  (20.7 km/h)</description>
            <Point id="282">
                <coordinates>34.80838131122335,32.166961256913766,43.882795579008345</coordinates>
                <altitudeMode>absolute</altitudeMode>
            </Point>
        </Placemark>
        <Placemark id="285">
            <name>06:47:23</name>
            <description>UTC: 2026-03-22 06:47:23
Satellites used: 7
Speed: 6.2 m/s  (22.5 km/h)</description>
            <Point id="284">
                <coordinates>34.80832005734462,32.1669622790555,56.36481197177899</coordinates>
                <altitudeMode>absolute</altitudeMode>
            </Point>
        </Placemark>
        <Placemark id="287">
            <name>06:47:24</name>
            <description>UTC: 2026-03-22 06:47:24
Satellites used: 6
Speed: 11.0 m/s  (39.6 km/h)</description>
            <Point id="286">
                <coordinates>34.80826748650008,32.16703126273804,28.82047307205229</coordinates>
                <altitudeMode>absolute</altitudeMode>
            </Point>
        </Placemark>
        <Placemark id="289">
            <name>06:47:25</name>
            <description>UTC: 2026-03-22 06:47:25
Satellites used: 6
Speed: 8.2 m/s  (29.4 km/h)</description>
            <Point id="288">
                <coordinates>34.808146479201305,32.16702475338664,47.98811074628116</coordinates>
                <altitudeMode>absolute</altitudeMode>
            </Point>
        </Placemark>
        <Placemark id="291">
            <name>06:47:26</name>
            <description>UTC: 2026-03-22 06:47:26
Satellites used: 6
Speed: 8.6 m/s  (30.9 km/h)</description>
            <Point id="290">
                <coordinates>34.80807733987693,32.16710084389716,47.776615864859615</coordinates>
                <altitudeMode>absolute</altitudeMode>
            </Point>
        </Placemark>
        <Placemark id="293">
            <name>06:47:27</name>
            <description>UTC: 2026-03-22 06:47:27
Satellites used: 7
Speed: 11.5 m/s  (41.4 km/h)</description>
            <Point id="292">
                <coordinates>34.8079653887916,32.16717509361579,57.854149583112154</coordinates>
                <altitudeMode>absolute</altitudeMode>
            </Point>
        </Placemark>
        <Placemark id="295">
            <name>06:47:28</name>
            <description>UTC: 2026-03-22 06:47:28
Satellites used: 6
Speed: 7.5 m/s  (26.9 km/h)</description>
            <Point id="294">
                <coordinates>34.807926675092034,32.16714844281576,44.181199373040556</coordinates>
                <altitudeMode>absolute</altitudeMode>
            </Point>
        </Placemark>
        <Placemark id="297">
            <name>06:47:29</name>
            <description>UTC: 2026-03-22 06:47:29
Satellites used: 8
Speed: 12.9 m/s  (46.5 km/h)</description>
            <Point id="296">
                <coordinates>34.807871836605955,32.167266403354944,71.27015558369756</coordinates>
                <altitudeMode>absolute</altitudeMode>
            </Point>
        </Placemark>
        <Placemark id="299">
            <name>06:47:30</name>
            <description>UTC: 2026-03-22 06:47:30
Satellites used: 8
Speed: 14.2 m/s  (51.0 km/h)</description>
            <Point id="298">
                <coordinates>34.807641616790484,32.16733252165308,54.76589217002899</coordinates>
                <altitudeMode>absolute</altitudeMode>
            </Point>
        </Placemark>
        <Placemark id="301">
            <name>06:47:31</name>
            <description>UTC: 2026-03-22 06:47:31
Satellites used: 7
Speed: 9.9 m/s  (35.7 km/h)</description>
            <Point id="300">
                <coordinates>34.80760317709047,32.16733966556824,57.43500322461117</coordinates>
                <altitudeMode>absolute</altitudeMode>
            </Point>
        </Placemark>
        <Placemark id="303">
            <name>06:47:32</name>
            <description>UTC: 2026-03-22 06:47:32
Satellites used: 6
Speed: 10.6 m/s  (38.1 km/h)</description>
            <Point id="302">
                <coordinates>34.80761907261705,32.16730302683355,33.217821223209405</coordinates>
                <altitudeMode>absolute</altitudeMode>
            </Point>
        </Placemark>
        <Placemark id="305">
            <name>06:47:33</name>
            <description>UTC: 2026-03-22 06:47:33
Satellites used: 7
Speed: 10.2 m/s  (36.6 km/h)</description>
            <Point id="304">
                <coordinates>34.807591838702,32.16735474642014,69.68587400349219</coordinates>
                <altitudeMode>absolute</altitudeMode>
            </Point>
        </Placemark>
        <Placemark id="307">
            <name>06:47:34</name>
            <description>UTC: 2026-03-22 06:47:34
Satellites used: 6
Speed: 10.3 m/s  (36.9 km/h)</description>
            <Point id="306">
                <coordinates>34.80741223606568,32.16736185525834,45.5404979270405</coordinates>
                <altitudeMode>absolute</altitudeMode>
            </Point>
        </Placemark>
        <Placemark id="309">
            <name>06:47:35</name>
            <description>UTC: 2026-03-22 06:47:35
Satellites used: 7
Speed: 7.3 m/s  (26.4 km/h)</description>
            <Point id="308">
                <coordinates>34.8073678622241,32.16732227432176,56.121127555685746</coordinates>
                <altitudeMode>absolute</altitudeMode>
            </Point>
        </Placemark>
        <Placemark id="311">
            <name>06:47:36</name>
            <description>UTC: 2026-03-22 06:47:36
Satellites used: 7
Speed: 11.6 m/s  (41.8 km/h)</description>
            <Point id="310">
                <coordinates>34.80719971739724,32.16731287446778,65.19718185246509</coordinates>
                <altitudeMode>absolute</altitudeMode>
            </Point>
        </Placemark>
        <Placemark id="313">
            <name>06:47:37</name>
            <description>UTC: 2026-03-22 06:47:37
Satellites used: 7
Speed: 9.2 m/s  (33.1 km/h)</description>
            <Point id="312">
                <coordinates>34.80715419905883,32.16735433219086,68.60947006998623</coordinates>
                <altitudeMode>absolute</altitudeMode>
            </Point>
        </Placemark>
        <Placemark id="315">
            <name>06:47:38</name>
            <description>UTC: 2026-03-22 06:47:38
Satellites used: 6
Speed: 17.5 m/s  (63.1 km/h)</description>
            <Point id="314">
                <coordinates>34.80699180831866,32.16764013920776,67.2776680592187</coordinates>
                <altitudeMode>absolute</altitudeMode>
            </Point>
        </Placemark>
        <Placemark id="317">
            <name>06:47:39</name>
            <description>UTC: 2026-03-22 06:47:39
Satellites used: 7
Speed: 9.7 m/s  (35.1 km/h)</description>
            <Point id="316">
                <coordinates>34.80696722168442,32.167505891540465,49.808110187049365</coordinates>
                <altitudeMode>absolute</altitudeMode>
            </Point>
        </Placemark>
        <Placemark id="319">
            <name>06:47:40</name>
            <description>UTC: 2026-03-22 06:47:40
Satellites used: 7
Speed: 12.0 m/s  (43.1 km/h)</description>
            <Point id="318">
                <coordinates>34.806791033343195,32.16756999884717,54.94493310054044</coordinates>
                <altitudeMode>absolute</altitudeMode>
            </Point>
        </Placemark>
        <Placemark id="321">
            <name>06:47:41</name>
            <description>UTC: 2026-03-22 06:47:41
Satellites used: 6
Speed: 10.0 m/s  (36.2 km/h)</description>
            <Point id="320">
                <coordinates>34.8067565569951,32.167515966909086,41.893123058189914</coordinates>
                <altitudeMode>absolute</altitudeMode>
            </Point>
        </Placemark>
        <Placemark id="323">
            <name>06:47:42</name>
            <description>UTC: 2026-03-22 06:47:42
Satellites used: 7
Speed: 13.9 m/s  (49.9 km/h)</description>
            <Point id="322">
                <coordinates>34.806610208257375,32.16762272560903,31.249670560014806</coordinates>
                <altitudeMode>absolute</altitudeMode>
            </Point>
        </Placemark>
        <Placemark id="325">
            <name>06:47:43</name>
            <description>UTC: 2026-03-22 06:47:43
Satellites used: 7
Speed: 21.2 m/s  (76.2 km/h)</description>
            <Point id="324">
                <coordinates>34.80628981538105,32.16769412381073,65.16122863277634</coordinates>
                <altitudeMode>absolute</altitudeMode>
            </Point>
        </Placemark>
        <Placemark id="327">
            <name>06:47:44</name>
            <description>UTC: 2026-03-22 06:47:44
Satellites used: 7
Speed: 10.0 m/s  (36.1 km/h)</description>
            <Point id="326">
                <coordinates>34.806362683027324,32.167619923992774,66.25050596874135</coordinates>
                <altitudeMode>absolute</altitudeMode>
            </Point>
        </Placemark>
        <Placemark id="329">
            <name>06:47:45</name>
            <description>UTC: 2026-03-22 06:47:45
Satellites used: 7
Speed: 7.0 m/s  (25.3 km/h)</description>
            <Point id="328">
                <coordinates>34.8063215502148,32.16765905588942,52.97685869712391</coordinates>
                <altitudeMode>absolute</altitudeMode>
            </Point>
        </Placemark>
        <Placemark id="331">
            <name>06:47:46</name>
            <description>UTC: 2026-03-22 06:47:46
Satellites used: 7
Speed: 8.8 m/s  (31.8 km/h)</description>
            <Point id="330">
                <coordinates>34.806210196166205,32.167711186161604,53.84328716040952</coordinates>
                <altitudeMode>absolute</altitudeMode>
            </Point>
        </Placemark>
        <Placemark id="333">
            <name>06:47:47</name>
            <description>UTC: 2026-03-22 06:47:47
Satellites used: 7
Speed: 12.6 m/s  (45.4 km/h)</description>
            <Point id="332">
                <coordinates>34.80605545642539,32.16775438030389,68.36272157197888</coordinates>
                <altitudeMode>absolute</altitudeMode>
            </Point>
        </Placemark>
        <Placemark id="335">
            <name>06:47:48</name>
            <description>UTC: 2026-03-22 06:47:48
Satellites used: 8
Speed: 10.3 m/s  (37.2 km/h)</description>
            <Point id="334">
                <coordinates>34.806100196687005,32.16789314642327,68.7340758719634</coordinates>
                <altitudeMode>absolute</altitudeMode>
            </Point>
        </Placemark>
        <Placemark id="337">
            <name>06:47:49</name>
            <description>UTC: 2026-03-22 06:47:49
Satellites used: 7
Speed: 10.2 m/s  (36.8 km/h)</description>
            <Point id="336">
                <coordinates>34.806098335359444,32.16779031655218,39.278197383699336</coordinates>
                <altitudeMode>absolute</altitudeMode>
            </Point>
        </Placemark>
        <Placemark id="339">
            <name>06:47:50</name>
            <description>UTC: 2026-03-22 06:47:50
Satellites used: 7
Speed: 7.6 m/s  (27.3 km/h)</description>
            <Point id="338">
                <coordinates>34.80597783881833,32.167819429293935,44.23161674011325</coordinates>
                <altitudeMode>absolute</altitudeMode>
            </Point>
        </Placemark>
        <Placemark id="341">
            <name>06:47:51</name>
            <description>UTC: 2026-03-22 06:47:51
Satellites used: 8
Speed: 8.7 m/s  (31.5 km/h)</description>
            <Point id="340">
                <coordinates>34.80597638377074,32.1679572232937,58.52923257447197</coordinates>
                <altitudeMode>absolute</altitudeMode>
            </Point>
        </Placemark>
        <Placemark id="343">
            <name>06:47:52</name>
            <description>UTC: 2026-03-22 06:47:52
Satellites used: 8
Speed: 10.1 m/s  (36.2 km/h)</description>
            <Point id="342">
                <coordinates>34.80592094301411,32.16801548665465,68.29395068634571</coordinates>
                <altitudeMode>absolute</altitudeMode>
            </Point>
        </Placemark>
        <Placemark id="345">
            <name>06:47:53</name>
            <description>UTC: 2026-03-22 06:47:53
Satellites used: 8
Speed: 8.2 m/s  (29.5 km/h)</description>
            <Point id="344">
                <coordinates>34.80583818615434,32.168013505479195,69.93799896797469</coordinates>
                <altitudeMode>absolute</altitudeMode>
            </Point>
        </Placemark>
        <Placemark id="347">
            <name>06:47:54</name>
            <description>UTC: 2026-03-22 06:47:54
Satellites used: 6
Speed: 8.8 m/s  (31.8 km/h)</description>
            <Point id="346">
                <coordinates>34.80584389143263,32.167874263548896,45.36161740895247</coordinates>
                <altitudeMode>absolute</altitudeMode>
            </Point>
        </Placemark>
        <Placemark id="349">
            <name>06:47:55</name>
            <description>UTC: 2026-03-22 06:47:55
Satellites used: 6
Speed: 5.6 m/s  (20.1 km/h)</description>
            <Point id="348">
                <coordinates>34.80578364904454,32.16787523456565,63.572081821211775</coordinates>
                <altitudeMode>absolute</altitudeMode>
            </Point>
        </Placemark>
        <Placemark id="351">
            <name>06:47:56</name>
            <description>UTC: 2026-03-22 06:47:56
Satellites used: 6
Speed: 10.7 m/s  (38.5 km/h)</description>
            <Point id="350">
                <coordinates>34.80589466044531,32.16775371965201,38.85228073230731</coordinates>
                <altitudeMode>absolute</altitudeMode>
            </Point>
        </Placemark>
        <Placemark id="353">
            <name>06:47:57</name>
            <description>UTC: 2026-03-22 06:47:57
Satellites used: 7
Speed: 5.5 m/s  (19.8 km/h)</description>
            <Point id="352">
                <coordinates>34.805840763904605,32.16779478028754,38.72914474186255</coordinates>
                <altitudeMode>absolute</altitudeMode>
            </Point>
        </Placemark>
        <Placemark id="355">
            <name>06:47:58</name>
            <description>UTC: 2026-03-22 06:47:58
Satellites used: 7
Speed: 4.6 m/s  (16.6 km/h)</description>
            <Point id="354">
                <coordinates>34.80587412882114,32.16781273818552,57.46126708991769</coordinates>
                <altitudeMode>absolute</altitudeMode>
            </Point>
        </Placemark>
        <Placemark id="357">
            <name>06:47:59</name>
            <description>UTC: 2026-03-22 06:47:59
Satellites used: 6
Speed: 13.8 m/s  (49.8 km/h)</description>
            <Point id="356">
                <coordinates>34.80596654302532,32.16764678010359,23.556568737948695</coordinates>
                <altitudeMode>absolute</altitudeMode>
            </Point>
        </Placemark>
        <Placemark id="359">
            <name>06:48:00</name>
            <description>UTC: 2026-03-22 06:48:00
Satellites used: 7
Speed: 10.2 m/s  (36.9 km/h)</description>
            <Point id="358">
                <coordinates>34.80614923333667,32.16770283130078,49.68730413080747</coordinates>
                <altitudeMode>absolute</altitudeMode>
            </Point>
        </Placemark>
        <Placemark id="361">
            <name>06:48:04</name>
            <description>UTC: 2026-03-22 06:48:04
Satellites used: 4
Speed: 26.5 m/s  (95.5 km/h)</description>
            <Point id="360">
                <coordinates>34.805223756824596,32.1671521100272,-226.90382789429924</coordinates>
                <altitudeMode>absolute</altitudeMode>
            </Point>
        </Placemark>
        <Placemark id="363">
            <name>06:48:06</name>
            <description>UTC: 2026-03-22 06:48:06
Satellites used: 5
Speed: 0.0 m/s  (0.0 km/h)</description>
            <Point id="362">
                <coordinates>34.80647431935876,32.16775667146461,81.26868582056849</coordinates>
                <altitudeMode>absolute</altitudeMode>
            </Point>
        </Placemark>
        <Placemark id="365">
            <name>06:48:07</name>
            <description>UTC: 2026-03-22 06:48:07
Satellites used: 6
Speed: 7.8 m/s  (28.0 km/h)</description>
            <Point id="364">
                <coordinates>34.80648416063169,32.167601793825696,72.16199953805034</coordinates>
                <altitudeMode>absolute</altitudeMode>
            </Point>
        </Placemark>
        <Placemark id="367">
            <name>06:48:08</name>
            <description>UTC: 2026-03-22 06:48:08
Satellites used: 6
Speed: 10.7 m/s  (38.6 km/h)</description>
            <Point id="366">
                <coordinates>34.80655513751362,32.167461742540326,78.02015211426901</coordinates>
                <altitudeMode>absolute</altitudeMode>
            </Point>
        </Placemark>
        <Placemark id="369">
            <name>06:48:09</name>
            <description>UTC: 2026-03-22 06:48:09
Satellites used: 6
Speed: 13.6 m/s  (49.1 km/h)</description>
            <Point id="368">
                <coordinates>34.80670664418451,32.16745783932374,54.13289412612422</coordinates>
                <altitudeMode>absolute</altitudeMode>
            </Point>
        </Placemark>
        <Placemark id="371">
            <name>06:48:10</name>
            <description>UTC: 2026-03-22 06:48:10
Satellites used: 6
Speed: 7.7 m/s  (27.6 km/h)</description>
            <Point id="370">
                <coordinates>34.80670036239072,32.1676047741849,53.849023620391456</coordinates>
                <altitudeMode>absolute</altitudeMode>
            </Point>
        </Placemark>
        <Placemark id="373">
            <name>06:48:11</name>
            <description>UTC: 2026-03-22 06:48:11
Satellites used: 6
Speed: 9.7 m/s  (35.0 km/h)</description>
            <Point id="372">
                <coordinates>34.806871327412246,32.16756207700672,53.35536970650952</coordinates>
                <altitudeMode>absolute</altitudeMode>
            </Point>
        </Placemark>
        <Placemark id="375">
            <name>06:48:14</name>
            <description>UTC: 2026-03-22 06:48:14
Satellites used: 4
Speed: 0.0 m/s  (0.0 km/h)</description>
            <Point id="374">
                <coordinates>34.808653809373254,32.16822670023712,486.87941639531897</coordinates>
                <altitudeMode>absolute</altitudeMode>
            </Point>
        </Placemark>
        <Placemark id="377">
            <name>06:48:18</name>
            <description>UTC: 2026-03-22 06:48:18
Satellites used: 8
Speed: 0.0 m/s  (0.0 km/h)</description>
            <Point id="376">
                <coordinates>34.807444071273984,32.16737829636477,62.31523612947349</coordinates>
                <altitudeMode>absolute</altitudeMode>
            </Point>
        </Placemark>
        <Placemark id="379">
            <name>06:48:19</name>
            <description>UTC: 2026-03-22 06:48:19
Satellites used: 8
Speed: 12.2 m/s  (44.0 km/h)</description>
            <Point id="378">
                <coordinates>34.80770062382972,32.16736197269388,80.93832543200334</coordinates>
                <altitudeMode>absolute</altitudeMode>
            </Point>
        </Placemark>
        <Placemark id="381">
            <name>06:48:23</name>
            <description>UTC: 2026-03-22 06:48:23
Satellites used: 7
Speed: 0.0 m/s  (0.0 km/h)</description>
            <Point id="380">
                <coordinates>34.81133320457515,32.16483926177758,147.52995767489398</coordinates>
                <altitudeMode>absolute</altitudeMode>
            </Point>
        </Placemark>
        <Placemark id="383">
            <name>06:48:26</name>
            <description>UTC: 2026-03-22 06:48:26
Satellites used: 6
Speed: 0.0 m/s  (0.0 km/h)</description>
            <Point id="382">
                <coordinates>34.81033376833001,32.168089002371126,643.0693900923144</coordinates>
                <altitudeMode>absolute</altitudeMode>
            </Point>
        </Placemark>
        <Placemark id="385">
            <name>06:48:28</name>
            <description>UTC: 2026-03-22 06:48:28
Satellites used: 5
Speed: 0.0 m/s  (0.0 km/h)</description>
            <Point id="384">
                <coordinates>34.8146260818927,32.17022377748348,1779.816064917945</coordinates>
                <altitudeMode>absolute</altitudeMode>
            </Point>
        </Placemark>
        <Placemark id="387">
            <name>06:48:30</name>
            <description>UTC: 2026-03-22 06:48:30
Satellites used: 6
Speed: 0.0 m/s  (0.0 km/h)</description>
            <Point id="386">
                <coordinates>34.80851461696505,32.167053243526716,48.38653113804197</coordinates>
                <altitudeMode>absolute</altitudeMode>
            </Point>
        </Placemark>
        <Placemark id="389">
            <name>06:48:31</name>
            <description>UTC: 2026-03-22 06:48:31
Satellites used: 6
Speed: 7.8 m/s  (28.2 km/h)</description>
            <Point id="388">
                <coordinates>34.808469600748715,32.16690407079844,38.76054680293915</coordinates>
                <altitudeMode>absolute</altitudeMode>
            </Point>
        </Placemark>
        <Placemark id="391">
            <name>06:48:32</name>
            <description>UTC: 2026-03-22 06:48:32
Satellites used: 6
Speed: 9.1 m/s  (32.7 km/h)</description>
            <Point id="390">
                <coordinates>34.80866680118094,32.166987270178076,60.6072478125249</coordinates>
                <altitudeMode>absolute</altitudeMode>
            </Point>
        </Placemark>
        <Placemark id="393">
            <name>06:48:33</name>
            <description>UTC: 2026-03-22 06:48:33
Satellites used: 7
Speed: 9.7 m/s  (34.8 km/h)</description>
            <Point id="392">
                <coordinates>34.80858580443186,32.16677578988815,54.4138909607133</coordinates>
                <altitudeMode>absolute</altitudeMode>
            </Point>
        </Placemark>
        <Placemark id="395">
            <name>06:48:34</name>
            <description>UTC: 2026-03-22 06:48:34
Satellites used: 7
Speed: 42.3 m/s  (152.3 km/h)</description>
            <Point id="394">
                <coordinates>34.809041602788774,32.166365675508516,-22.850461506617766</coordinates>
                <altitudeMode>absolute</altitudeMode>
            </Point>
        </Placemark>
        <Placemark id="397">
            <name>06:48:36</name>
            <description>UTC: 2026-03-22 06:48:36
Satellites used: 6
Speed: 0.0 m/s  (0.0 km/h)</description>
            <Point id="396">
                <coordinates>34.81083175104419,32.16772176393842,619.1454936334328</coordinates>
                <altitudeMode>absolute</altitudeMode>
            </Point>
        </Placemark>
        <Placemark id="399">
            <name>06:48:37</name>
            <description>UTC: 2026-03-22 06:48:37
Satellites used: 6
Speed: 2.5 m/s  (8.9 km/h)</description>
            <Point id="398">
                <coordinates>34.81086568611498,32.16776188331877,616.2345069405628</coordinates>
                <altitudeMode>absolute</altitudeMode>
            </Point>
        </Placemark>
        <Placemark id="401">
            <name>06:48:38</name>
            <description>UTC: 2026-03-22 06:48:38
Satellites used: 6
Speed: 2.0 m/s  (7.1 km/h)</description>
            <Point id="400">
                <coordinates>34.81087138202469,32.167710152882485,620.9262018657122</coordinates>
                <altitudeMode>absolute</altitudeMode>
            </Point>
        </Placemark>
        <Placemark id="403">
            <name>06:48:39</name>
            <description>UTC: 2026-03-22 06:48:39
Satellites used: 6
Speed: 8.6 m/s  (31.1 km/h)</description>
            <Point id="402">
                <coordinates>34.81088848511178,32.16786456788839,604.2486986571632</coordinates>
                <altitudeMode>absolute</altitudeMode>
            </Point>
        </Placemark>
        <Placemark id="405">
            <name>06:48:40</name>
            <description>UTC: 2026-03-22 06:48:40
Satellites used: 6
Speed: 2.4 m/s  (8.6 km/h)</description>
            <Point id="404">
                <coordinates>34.810891543021086,32.16780200458025,618.2863369561376</coordinates>
                <altitudeMode>absolute</altitudeMode>
            </Point>
        </Placemark>
        <Placemark id="407">
            <name>06:48:41</name>
            <description>UTC: 2026-03-22 06:48:41
Satellites used: 6
Speed: 4.6 m/s  (16.5 km/h)</description>
            <Point id="406">
                <coordinates>34.81086745195017,32.1677536959036,604.5508262518222</coordinates>
                <altitudeMode>absolute</altitudeMode>
            </Point>
        </Placemark>
        <Placemark id="409">
            <name>06:48:42</name>
            <description>UTC: 2026-03-22 06:48:42
Satellites used: 6
Speed: 4.9 m/s  (17.5 km/h)</description>
            <Point id="408">
                <coordinates>34.81086051417076,32.16788185082044,608.4609054606436</coordinates>
                <altitudeMode>absolute</altitudeMode>
            </Point>
        </Placemark>
        <Placemark id="411">
            <name>06:48:43</name>
            <description>UTC: 2026-03-22 06:48:43
Satellites used: 6
Speed: 4.9 m/s  (17.6 km/h)</description>
            <Point id="410">
                <coordinates>34.8108481874866,32.167750403225305,619.414850233733</coordinates>
                <altitudeMode>absolute</altitudeMode>
            </Point>
        </Placemark>
        <Placemark id="413">
            <name>06:48:45</name>
            <description>UTC: 2026-03-22 06:48:45
Satellites used: 7
Speed: 0.0 m/s  (0.0 km/h)</description>
            <Point id="412">
                <coordinates>34.80901026056959,32.16667251598418,73.19815363177081</coordinates>
                <altitudeMode>absolute</altitudeMode>
            </Point>
        </Placemark>
        <Placemark id="415">
            <name>06:48:46</name>
            <description>UTC: 2026-03-22 06:48:46
Satellites used: 7
Speed: 3.8 m/s  (13.7 km/h)</description>
            <Point id="414">
                <coordinates>34.8089162603677,32.16667884751287,69.78849564982835</coordinates>
                <altitudeMode>absolute</altitudeMode>
            </Point>
        </Placemark>
        <Placemark id="417">
            <name>06:48:47</name>
            <description>UTC: 2026-03-22 06:48:47
Satellites used: 6
Speed: 10.5 m/s  (37.9 km/h)</description>
            <Point id="416">
                <coordinates>34.80882822501097,32.166600448285394,50.874369324030404</coordinates>
                <altitudeMode>absolute</altitudeMode>
            </Point>
        </Placemark>
        <Placemark id="419">
            <name>06:48:48</name>
            <description>UTC: 2026-03-22 06:48:48
Satellites used: 7
Speed: 5.3 m/s  (19.0 km/h)</description>
            <Point id="418">
                <coordinates>34.80883347640222,32.16655698474006,67.86905473819282</coordinates>
                <altitudeMode>absolute</altitudeMode>
            </Point>
        </Placemark>
        <Placemark id="421">
            <name>06:48:49</name>
            <description>UTC: 2026-03-22 06:48:49
Satellites used: 8
Speed: 12.8 m/s  (46.1 km/h)</description>
            <Point id="420">
                <coordinates>34.80880953020648,32.166386361492606,84.27818784577711</coordinates>
                <altitudeMode>absolute</altitudeMode>
            </Point>
        </Placemark>
        <Placemark id="423">
            <name>06:48:50</name>
            <description>UTC: 2026-03-22 06:48:50
Satellites used: 8
Speed: 22.0 m/s  (79.1 km/h)</description>
            <Point id="422">
                <coordinates>34.80880363715042,32.16629954980544,23.872640383863974</coordinates>
                <altitudeMode>absolute</altitudeMode>
            </Point>
        </Placemark>
        <Placemark id="425">
            <name>06:48:51</name>
            <description>UTC: 2026-03-22 06:48:51
Satellites used: 8
Speed: 14.7 m/s  (52.9 km/h)</description>
            <Point id="424">
                <coordinates>34.80876504731006,32.16623363349589,24.562579452879547</coordinates>
                <altitudeMode>absolute</altitudeMode>
            </Point>
        </Placemark>
        <Placemark id="427">
            <name>06:48:52</name>
            <description>UTC: 2026-03-22 06:48:52
Satellites used: 8
Speed: 17.3 m/s  (62.4 km/h)</description>
            <Point id="426">
                <coordinates>34.80856079600429,32.166369322631496,78.34187888233838</coordinates>
                <altitudeMode>absolute</altitudeMode>
            </Point>
        </Placemark>
        <Placemark id="429">
            <name>06:48:53</name>
            <description>UTC: 2026-03-22 06:48:53
Satellites used: 5
Speed: 12.5 m/s  (45.1 km/h)</description>
            <Point id="428">
                <coordinates>34.80842802943145,32.166371810606414,73.25267327031987</coordinates>
                <altitudeMode>absolute</altitudeMode>
            </Point>
        </Placemark>
        <Placemark id="431">
            <name>06:48:54</name>
            <description>UTC: 2026-03-22 06:48:54
Satellites used: 8
Speed: 16.1 m/s  (57.8 km/h)</description>
            <Point id="430">
                <coordinates>34.808548506790395,32.16609735411065,36.369939031527274</coordinates>
                <altitudeMode>absolute</altitudeMode>
            </Point>
        </Placemark>
        <Placemark id="433">
            <name>06:48:55</name>
            <description>UTC: 2026-03-22 06:48:55
Satellites used: 8
Speed: 7.7 m/s  (27.6 km/h)</description>
            <Point id="432">
                <coordinates>34.808443558729195,32.16612728786303,51.27738580392852</coordinates>
                <altitudeMode>absolute</altitudeMode>
            </Point>
        </Placemark>
        <Placemark id="435">
            <name>06:48:56</name>
            <description>UTC: 2026-03-22 06:48:56
Satellites used: 8
Speed: 9.7 m/s  (34.9 km/h)</description>
            <Point id="434">
                <coordinates>34.8083365940055,32.166082910983604,42.33858221864095</coordinates>
                <altitudeMode>absolute</altitudeMode>
            </Point>
        </Placemark>
        <Placemark id="437">
            <name>06:48:57</name>
            <description>UTC: 2026-03-22 06:48:57
Satellites used: 7
Speed: 9.5 m/s  (34.3 km/h)</description>
            <Point id="436">
                <coordinates>34.808340329417284,32.16598777649443,37.44800040166207</coordinates>
                <altitudeMode>absolute</altitudeMode>
            </Point>
        </Placemark>
        <Placemark id="439">
            <name>06:48:58</name>
            <description>UTC: 2026-03-22 06:48:58
Satellites used: 8
Speed: 12.1 m/s  (43.5 km/h)</description>
            <Point id="438">
                <coordinates>34.808235342921535,32.16589988429402,58.59479510661839</coordinates>
                <altitudeMode>absolute</altitudeMode>
            </Point>
        </Placemark>
        <Placemark id="441">
            <name>06:48:59</name>
            <description>UTC: 2026-03-22 06:48:59
Satellites used: 6
Speed: 10.0 m/s  (36.1 km/h)</description>
            <Point id="440">
                <coordinates>34.808216701200344,32.16589136946835,31.991244175979784</coordinates>
                <altitudeMode>absolute</altitudeMode>
            </Point>
        </Placemark>
        <Placemark id="443">
            <name>06:49:00</name>
            <description>UTC: 2026-03-22 06:49:00
Satellites used: 6
Speed: 11.1 m/s  (39.9 km/h)</description>
            <Point id="442">
                <coordinates>34.808218826042335,32.16578134667965,60.292746376078966</coordinates>
                <altitudeMode>absolute</altitudeMode>
            </Point>
        </Placemark>
        <Placemark id="445">
            <name>06:49:01</name>
            <description>UTC: 2026-03-22 06:49:01
Satellites used: 6
Speed: 12.1 m/s  (43.7 km/h)</description>
            <Point id="444">
                <coordinates>34.808045200387426,32.1657054171162,58.69691049362574</coordinates>
                <altitudeMode>absolute</altitudeMode>
            </Point>
        </Placemark>
        <Placemark id="447">
            <name>06:49:02</name>
            <description>UTC: 2026-03-22 06:49:02
Satellites used: 7
Speed: 15.6 m/s  (56.0 km/h)</description>
            <Point id="446">
                <coordinates>34.80807377853312,32.16575687326367,16.190677597019807</coordinates>
                <altitudeMode>absolute</altitudeMode>
            </Point>
        </Placemark>
        <Placemark id="449">
            <name>06:49:03</name>
            <description>UTC: 2026-03-22 06:49:03
Satellites used: 6
Speed: 14.6 m/s  (52.6 km/h)</description>
            <Point id="448">
                <coordinates>34.807965006252964,32.16554553187856,56.47097742857235</coordinates>
                <altitudeMode>absolute</altitudeMode>
            </Point>
        </Placemark>
        <Placemark id="451">
            <name>06:49:04</name>
            <description>UTC: 2026-03-22 06:49:04
Satellites used: 7
Speed: 15.3 m/s  (55.1 km/h)</description>
            <Point id="450">
                <coordinates>34.80779196506256,32.165492565295665,62.85577572494955</coordinates>
                <altitudeMode>absolute</altitudeMode>
            </Point>
        </Placemark>
        <Placemark id="453">
            <name>06:49:05</name>
            <description>UTC: 2026-03-22 06:49:05
Satellites used: 7
Speed: 3.6 m/s  (13.0 km/h)</description>
            <Point id="452">
                <coordinates>34.807879446710224,32.16566063298271,53.640801720742246</coordinates>
                <altitudeMode>absolute</altitudeMode>
            </Point>
        </Placemark>
        <Placemark id="455">
            <name>06:49:06</name>
            <description>UTC: 2026-03-22 06:49:06
Satellites used: 6
Speed: 15.1 m/s  (54.4 km/h)</description>
            <Point id="454">
                <coordinates>34.807751098634526,32.165430954640236,27.334292575235658</coordinates>
                <altitudeMode>absolute</altitudeMode>
            </Point>
        </Placemark>
        <Placemark id="457">
            <name>06:49:07</name>
            <description>UTC: 2026-03-22 06:49:07
Satellites used: 7
Speed: 20.5 m/s  (73.9 km/h)</description>
            <Point id="456">
                <coordinates>34.807536165798496,32.165287457458945,13.25865697199176</coordinates>
                <altitudeMode>absolute</altitudeMode>
            </Point>
        </Placemark>
        <Placemark id="459">
            <name>06:49:08</name>
            <description>UTC: 2026-03-22 06:49:08
Satellites used: 6
Speed: 22.3 m/s  (80.3 km/h)</description>
            <Point id="458">
                <coordinates>34.80768681462553,32.16569151646096,79.46683275360266</coordinates>
                <altitudeMode>absolute</altitudeMode>
            </Point>
        </Placemark>
        <Placemark id="461">
            <name>06:49:09</name>
            <description>UTC: 2026-03-22 06:49:09
Satellites used: 6
Speed: 18.6 m/s  (67.1 km/h)</description>
            <Point id="460">
                <coordinates>34.80747660621811,32.16524704921232,25.96230543512693</coordinates>
                <altitudeMode>absolute</altitudeMode>
            </Point>
        </Placemark>
        <Placemark id="463">
            <name>06:49:10</name>
            <description>UTC: 2026-03-22 06:49:10
Satellites used: 4
Speed: 27.8 m/s  (100.2 km/h)</description>
            <Point id="462">
                <coordinates>34.80776445023954,32.1652575768068,106.2051585237024</coordinates>
                <altitudeMode>absolute</altitudeMode>
            </Point>
        </Placemark>
        <Placemark id="465">
            <name>06:49:12</name>
            <description>UTC: 2026-03-22 06:49:12
Satellites used: 6
Speed: 0.0 m/s  (0.0 km/h)</description>
            <Point id="464">
                <coordinates>34.80742240115065,32.16506166262994,50.71780839329739</coordinates>
                <altitudeMode>absolute</altitudeMode>
            </Point>
        </Placemark>
        <Placemark id="467">
            <name>06:49:13</name>
            <description>UTC: 2026-03-22 06:49:13
Satellites used: 5
Speed: 14.3 m/s  (51.4 km/h)</description>
            <Point id="466">
                <coordinates>34.80705878871899,32.16511003070021,42.44638316841113</coordinates>
                <altitudeMode>absolute</altitudeMode>
            </Point>
        </Placemark>
        <Placemark id="469">
            <name>06:49:14</name>
            <description>UTC: 2026-03-22 06:49:14
Satellites used: 5
Speed: 29.7 m/s  (107.1 km/h)</description>
            <Point id="468">
                <coordinates>34.80742649388671,32.165114734022204,120.30873020455041</coordinates>
                <altitudeMode>absolute</altitudeMode>
            </Point>
        </Placemark>
        <Placemark id="471">
            <name>06:49:15</name>
            <description>UTC: 2026-03-22 06:49:15
Satellites used: 5
Speed: 25.9 m/s  (93.2 km/h)</description>
            <Point id="470">
                <coordinates>34.80693832318612,32.16489890058333,28.57020091935846</coordinates>
                <altitudeMode>absolute</altitudeMode>
            </Point>
        </Placemark>
        <Placemark id="473">
            <name>06:49:16</name>
            <description>UTC: 2026-03-22 06:49:16
Satellites used: 6
Speed: 13.2 m/s  (47.4 km/h)</description>
            <Point id="472">
                <coordinates>34.807030584422975,32.16475182376486,51.53113519557607</coordinates>
                <altitudeMode>absolute</altitudeMode>
            </Point>
        </Placemark>
        <Placemark id="475">
            <name>06:49:17</name>
            <description>UTC: 2026-03-22 06:49:17
Satellites used: 6
Speed: 20.0 m/s  (71.9 km/h)</description>
            <Point id="474">
                <coordinates>34.80688161060968,32.164844994005705,99.11206688023937</coordinates>
                <altitudeMode>absolute</altitudeMode>
            </Point>
        </Placemark>
        <Placemark id="477">
            <name>06:49:19</name>
            <description>UTC: 2026-03-22 06:49:19
Satellites used: 7
Speed: 0.0 m/s  (0.0 km/h)</description>
            <Point id="476">
                <coordinates>34.80690197501225,32.16464975272849,52.68592428383204</coordinates>
                <altitudeMode>absolute</altitudeMode>
            </Point>
        </Placemark>
        <Placemark id="479">
            <name>06:49:20</name>
            <description>UTC: 2026-03-22 06:49:20
Satellites used: 8
Speed: 12.1 m/s  (43.4 km/h)</description>
            <Point id="478">
                <coordinates>34.80682676378283,32.16454284073889,79.48517846601565</coordinates>
                <altitudeMode>absolute</altitudeMode>
            </Point>
        </Placemark>
        <Placemark id="481">
            <name>06:49:21</name>
            <description>UTC: 2026-03-22 06:49:21
Satellites used: 8
Speed: 9.2 m/s  (32.9 km/h)</description>
            <Point id="480">
                <coordinates>34.80680264777703,32.16447429391339,47.14705564777795</coordinates>
                <altitudeMode>absolute</altitudeMode>
            </Point>
        </Placemark>
        <Placemark id="483">
            <name>06:49:22</name>
            <description>UTC: 2026-03-22 06:49:22
Satellites used: 7
Speed: 6.9 m/s  (25.0 km/h)</description>
            <Point id="482">
                <coordinates>34.8067544779111,32.16442819937723,50.93623146182226</coordinates>
                <altitudeMode>absolute</altitudeMode>
            </Point>
        </Placemark>
        <Placemark id="485">
            <name>06:49:23</name>
            <description>UTC: 2026-03-22 06:49:23
Satellites used: 7
Speed: 11.5 m/s  (41.3 km/h)</description>
            <Point id="484">
                <coordinates>34.8066630097279,32.164322855361775,39.231846167356096</coordinates>
                <altitudeMode>absolute</altitudeMode>
            </Point>
        </Placemark>
        <Placemark id="487">
            <name>06:49:24</name>
            <description>UTC: 2026-03-22 06:49:24
Satellites used: 5
Speed: 8.8 m/s  (31.6 km/h)</description>
            <Point id="486">
                <coordinates>34.806716769728055,32.16430994315793,31.346603033925202</coordinates>
                <altitudeMode>absolute</altitudeMode>
            </Point>
        </Placemark>
        <Placemark id="489">
            <name>06:49:25</name>
            <description>UTC: 2026-03-22 06:49:25
Satellites used: 8
Speed: 11.9 m/s  (42.7 km/h)</description>
            <Point id="488">
                <coordinates>34.80670555400604,32.16437456393673,71.09727957343645</coordinates>
                <altitudeMode>absolute</altitudeMode>
            </Point>
        </Placemark>
        <Placemark id="491">
            <name>06:49:26</name>
            <description>UTC: 2026-03-22 06:49:26
Satellites used: 8
Speed: 12.1 m/s  (43.5 km/h)</description>
            <Point id="490">
                <coordinates>34.80647808885392,32.16420658579263,51.10009304523617</coordinates>
                <altitudeMode>absolute</altitudeMode>
            </Point>
        </Placemark>
        <Placemark id="493">
            <name>06:49:27</name>
            <description>UTC: 2026-03-22 06:49:27
Satellites used: 7
Speed: 10.4 m/s  (37.6 km/h)</description>
            <Point id="492">
                <coordinates>34.80662173127089,32.16410602683208,65.4750543928025</coordinates>
                <altitudeMode>absolute</altitudeMode>
            </Point>
        </Placemark>
        <Placemark id="495">
            <name>06:49:28</name>
            <description>UTC: 2026-03-22 06:49:28
Satellites used: 8
Speed: 12.7 m/s  (45.6 km/h)</description>
            <Point id="494">
                <coordinates>34.80656612805218,32.163952728997366,51.69680647126015</coordinates>
                <altitudeMode>absolute</altitudeMode>
            </Point>
        </Placemark>
        <Placemark id="497">
            <name>06:49:29</name>
            <description>UTC: 2026-03-22 06:49:29
Satellites used: 9
Speed: 19.6 m/s  (70.7 km/h)</description>
            <Point id="496">
                <coordinates>34.80678108810562,32.163716771913144,67.03161459066976</coordinates>
                <altitudeMode>absolute</altitudeMode>
            </Point>
        </Placemark>
        <Placemark id="499">
            <name>06:49:30</name>
            <description>UTC: 2026-03-22 06:49:30
Satellites used: 9
Speed: 10.0 m/s  (35.9 km/h)</description>
            <Point id="498">
                <coordinates>34.80680945305025,32.16380572302783,73.14512856093334</coordinates>
                <altitudeMode>absolute</altitudeMode>
            </Point>
        </Placemark>
        <Placemark id="501">
            <name>06:49:31</name>
            <description>UTC: 2026-03-22 06:49:31
Satellites used: 9
Speed: 10.7 m/s  (38.4 km/h)</description>
            <Point id="500">
                <coordinates>34.80674585306657,32.163675737145034,75.49896869077006</coordinates>
                <altitudeMode>absolute</altitudeMode>
            </Point>
        </Placemark>
        <Placemark id="503">
            <name>06:49:32</name>
            <description>UTC: 2026-03-22 06:49:32
Satellites used: 8
Speed: 18.1 m/s  (65.1 km/h)</description>
            <Point id="502">
                <coordinates>34.806358271129504,32.163904112726726,43.51927040151588</coordinates>
                <altitudeMode>absolute</altitudeMode>
            </Point>
        </Placemark>
        <Placemark id="505">
            <name>06:49:33</name>
            <description>UTC: 2026-03-22 06:49:33
Satellites used: 8
Speed: 13.0 m/s  (46.9 km/h)</description>
            <Point id="504">
                <coordinates>34.806390154372636,32.16373204629631,82.79343304797281</coordinates>
                <altitudeMode>absolute</altitudeMode>
            </Point>
        </Placemark>
        <Placemark id="507">
            <name>06:49:34</name>
            <description>UTC: 2026-03-22 06:49:34
Satellites used: 8
Speed: 6.8 m/s  (24.6 km/h)</description>
            <Point id="506">
                <coordinates>34.80644614393223,32.16370512098927,80.67861859150517</coordinates>
                <altitudeMode>absolute</altitudeMode>
            </Point>
        </Placemark>
        <Placemark id="509">
            <name>06:49:35</name>
            <description>UTC: 2026-03-22 06:49:35
Satellites used: 8
Speed: 12.9 m/s  (46.4 km/h)</description>
            <Point id="508">
                <coordinates>34.806304339241215,32.16356788838746,56.41614099740854</coordinates>
                <altitudeMode>absolute</altitudeMode>
            </Point>
        </Placemark>
        <Placemark id="511">
            <name>06:49:36</name>
            <description>UTC: 2026-03-22 06:49:36
Satellites used: 8
Speed: 6.7 m/s  (24.2 km/h)</description>
            <Point id="510">
                <coordinates>34.80641294648534,32.163653019852795,83.06310795473755</coordinates>
                <altitudeMode>absolute</altitudeMode>
            </Point>
        </Placemark>
        <Placemark id="513">
            <name>06:49:37</name>
            <description>UTC: 2026-03-22 06:49:37
Satellites used: 9
Speed: 2.0 m/s  (7.1 km/h)</description>
            <Point id="512">
                <coordinates>34.806415978137665,32.163641144041755,69.67753786757457</coordinates>
                <altitudeMode>absolute</altitudeMode>
            </Point>
        </Placemark>
        <Placemark id="515">
            <name>06:49:38</name>
            <description>UTC: 2026-03-22 06:49:38
Satellites used: 9
Speed: 17.1 m/s  (61.7 km/h)</description>
            <Point id="514">
                <coordinates>34.806502767141616,32.16328220750856,75.14577809234403</coordinates>
                <altitudeMode>absolute</altitudeMode>
            </Point>
        </Placemark>
        <Placemark id="517">
            <name>06:49:39</name>
            <description>UTC: 2026-03-22 06:49:39
Satellites used: 9
Speed: 7.9 m/s  (28.4 km/h)</description>
            <Point id="516">
                <coordinates>34.80636710155166,32.163352001470614,67.96951795228482</coordinates>
                <altitudeMode>absolute</altitudeMode>
            </Point>
        </Placemark>
        <Placemark id="519">
            <name>06:49:40</name>
            <description>UTC: 2026-03-22 06:49:40
Satellites used: 9
Speed: 7.6 m/s  (27.2 km/h)</description>
            <Point id="518">
                <coordinates>34.806298771752424,32.16333060332381,79.40131536615618</coordinates>
                <altitudeMode>absolute</altitudeMode>
            </Point>
        </Placemark>
        <Placemark id="521">
            <name>06:49:41</name>
            <description>UTC: 2026-03-22 06:49:41
Satellites used: 8
Speed: 11.8 m/s  (42.3 km/h)</description>
            <Point id="520">
                <coordinates>34.80621975873687,32.163446387013174,49.139094791409235</coordinates>
                <altitudeMode>absolute</altitudeMode>
            </Point>
        </Placemark>
        <Placemark id="523">
            <name>06:49:42</name>
            <description>UTC: 2026-03-22 06:49:42
Satellites used: 8
Speed: 5.5 m/s  (19.9 km/h)</description>
            <Point id="522">
                <coordinates>34.806359312116456,32.16341042620395,77.29600390018186</coordinates>
                <altitudeMode>absolute</altitudeMode>
            </Point>
        </Placemark>
        <Placemark id="525">
            <name>06:49:43</name>
            <description>UTC: 2026-03-22 06:49:43
Satellites used: 7
Speed: 10.4 m/s  (37.3 km/h)</description>
            <Point id="524">
                <coordinates>34.80624746759797,32.16320698538732,60.72915557536568</coordinates>
                <altitudeMode>absolute</altitudeMode>
            </Point>
        </Placemark>
        <Placemark id="527">
            <name>06:49:44</name>
            <description>UTC: 2026-03-22 06:49:44
Satellites used: 8
Speed: 8.3 m/s  (30.0 km/h)</description>
            <Point id="526">
                <coordinates>34.80633370511218,32.16349333259198,55.87660368495647</coordinates>
                <altitudeMode>absolute</altitudeMode>
            </Point>
        </Placemark>
        <Placemark id="529">
            <name>06:49:45</name>
            <description>UTC: 2026-03-22 06:49:45
Satellites used: 7
Speed: 10.7 m/s  (38.6 km/h)</description>
            <Point id="528">
                <coordinates>34.80621403774971,32.163506743953064,83.99936606947837</coordinates>
                <altitudeMode>absolute</altitudeMode>
            </Point>
        </Placemark>
        <Placemark id="531">
            <name>06:49:46</name>
            <description>UTC: 2026-03-22 06:49:46
Satellites used: 8
Speed: 8.6 m/s  (30.9 km/h)</description>
            <Point id="530">
                <coordinates>34.80638798712161,32.163528203004,86.49148713656591</coordinates>
                <altitudeMode>absolute</altitudeMode>
            </Point>
        </Placemark>
        <Placemark id="533">
            <name>06:49:47</name>
            <description>UTC: 2026-03-22 06:49:47
Satellites used: 8
Speed: 6.5 m/s  (23.5 km/h)</description>
            <Point id="532">
                <coordinates>34.80624438147452,32.163458795142624,62.43859179737303</coordinates>
                <altitudeMode>absolute</altitudeMode>
            </Point>
        </Placemark>
        <Placemark id="535">
            <name>06:49:48</name>
            <description>UTC: 2026-03-22 06:49:48
Satellites used: 8
Speed: 4.6 m/s  (16.6 km/h)</description>
            <Point id="534">
                <coordinates>34.80631627644291,32.16350666750629,81.65574807299863</coordinates>
                <altitudeMode>absolute</altitudeMode>
            </Point>
        </Placemark>
        <Placemark id="537">
            <name>06:49:49</name>
            <description>UTC: 2026-03-22 06:49:49
Satellites used: 8
Speed: 12.8 m/s  (46.3 km/h)</description>
            <Point id="536">
                <coordinates>34.80648611210062,32.16346206833378,102.17097240251316</coordinates>
                <altitudeMode>absolute</altitudeMode>
            </Point>
        </Placemark>
        <Placemark id="539">
            <name>06:49:50</name>
            <description>UTC: 2026-03-22 06:49:50
Satellites used: 7
Speed: 15.1 m/s  (54.4 km/h)</description>
            <Point id="538">
                <coordinates>34.80631545848457,32.163286523123915,55.1286326238523</coordinates>
                <altitudeMode>absolute</altitudeMode>
            </Point>
        </Placemark>
        <Placemark id="541">
            <name>06:49:51</name>
            <description>UTC: 2026-03-22 06:49:51
Satellites used: 6
Speed: 5.8 m/s  (21.0 km/h)</description>
            <Point id="540">
                <coordinates>34.80633363733608,32.16335230087295,60.17283740299881</coordinates>
                <altitudeMode>absolute</altitudeMode>
            </Point>
        </Placemark>
        <Placemark id="543">
            <name>06:49:52</name>
            <description>UTC: 2026-03-22 06:49:52
Satellites used: 7
Speed: 6.4 m/s  (23.1 km/h)</description>
            <Point id="542">
                <coordinates>34.80646871852133,32.163470975074745,72.73270097485842</coordinates>
                <altitudeMode>absolute</altitudeMode>
            </Point>
        </Placemark>
        <Placemark id="545">
            <name>06:49:53</name>
            <description>UTC: 2026-03-22 06:49:53
Satellites used: 7
Speed: 8.8 m/s  (31.6 km/h)</description>
            <Point id="544">
                <coordinates>34.80632398457047,32.16336064697981,50.06657068547609</coordinates>
                <altitudeMode>absolute</altitudeMode>
            </Point>
        </Placemark>
        <Placemark id="547">
            <name>06:49:54</name>
            <description>UTC: 2026-03-22 06:49:54
Satellites used: 7
Speed: 4.0 m/s  (14.5 km/h)</description>
            <Point id="546">
                <coordinates>34.80638067605403,32.1633239979378,68.23852647786428</coordinates>
                <altitudeMode>absolute</altitudeMode>
            </Point>
        </Placemark>
        <Placemark id="549">
            <name>06:50:13</name>
            <description>UTC: 2026-03-22 06:50:13
Satellites used: 8
Speed: 1.8 m/s  (6.3 km/h)</description>
            <Point id="548">
                <coordinates>34.80604947855358,32.16355204539778,49.963641572552866</coordinates>
                <altitudeMode>absolute</altitudeMode>
            </Point>
        </Placemark>
        <Placemark id="551">
            <name>06:50:14</name>
            <description>UTC: 2026-03-22 06:50:14
Satellites used: 8
Speed: 9.5 m/s  (34.0 km/h)</description>
            <Point id="550">
                <coordinates>34.80617960849402,32.16339361826063,42.29819894791335</coordinates>
                <altitudeMode>absolute</altitudeMode>
            </Point>
        </Placemark>
        <Placemark id="553">
            <name>06:50:15</name>
            <description>UTC: 2026-03-22 06:50:15
Satellites used: 9
Speed: 5.8 m/s  (20.7 km/h)</description>
            <Point id="552">
                <coordinates>34.80617848811335,32.16342594297408,55.48930932240457</coordinates>
                <altitudeMode>absolute</altitudeMode>
            </Point>
        </Placemark>
        <Placemark id="555">
            <name>06:50:16</name>
            <description>UTC: 2026-03-22 06:50:16
Satellites used: 8
Speed: 8.8 m/s  (31.6 km/h)</description>
            <Point id="554">
                <coordinates>34.80631782242026,32.16336692914593,56.89553330240349</coordinates>
                <altitudeMode>absolute</altitudeMode>
            </Point>
        </Placemark>
        <Placemark id="557">
            <name>06:50:17</name>
            <description>UTC: 2026-03-22 06:50:17
Satellites used: 8
Speed: 7.3 m/s  (26.1 km/h)</description>
            <Point id="556">
                <coordinates>34.80632891731677,32.16336151344625,64.53934562974783</coordinates>
                <altitudeMode>absolute</altitudeMode>
            </Point>
        </Placemark>
        <Placemark id="559">
            <name>06:50:18</name>
            <description>UTC: 2026-03-22 06:50:18
Satellites used: 9
Speed: 5.0 m/s  (18.0 km/h)</description>
            <Point id="558">
                <coordinates>34.80624335067252,32.163496624288726,50.69448813272373</coordinates>
                <altitudeMode>absolute</altitudeMode>
            </Point>
        </Placemark>
        <Placemark id="561">
            <name>06:50:19</name>
            <description>UTC: 2026-03-22 06:50:19
Satellites used: 8
Speed: 5.9 m/s  (21.4 km/h)</description>
            <Point id="560">
                <coordinates>34.806377773838975,32.16336906567915,50.692912363477554</coordinates>
                <altitudeMode>absolute</altitudeMode>
            </Point>
        </Placemark>
        <Placemark id="563">
            <name>06:50:20</name>
            <description>UTC: 2026-03-22 06:50:20
Satellites used: 8
Speed: 8.2 m/s  (29.7 km/h)</description>
            <Point id="562">
                <coordinates>34.80628579560423,32.16336260670639,72.92357873915131</coordinates>
                <altitudeMode>absolute</altitudeMode>
            </Point>
        </Placemark>
        <Placemark id="565">
            <name>06:50:21</name>
            <description>UTC: 2026-03-22 06:50:21
Satellites used: 9
Speed: 7.0 m/s  (25.1 km/h)</description>
            <Point id="564">
                <coordinates>34.806367599914374,32.16346454308932,74.90451866422453</coordinates>
                <altitudeMode>absolute</altitudeMode>
            </Point>
        </Placemark>
        <Placemark id="567">
            <name>06:50:22</name>
            <description>UTC: 2026-03-22 06:50:22
Satellites used: 9
Speed: 7.9 m/s  (28.4 km/h)</description>
            <Point id="566">
                <coordinates>34.806276168606054,32.16336827281112,48.30506268712629</coordinates>
                <altitudeMode>absolute</altitudeMode>
            </Point>
        </Placemark>
        <Placemark id="569">
            <name>06:50:23</name>
            <description>UTC: 2026-03-22 06:50:23
Satellites used: 9
Speed: 6.3 m/s  (22.6 km/h)</description>
            <Point id="568">
                <coordinates>34.806237594170675,32.16345974466589,72.00027530741615</coordinates>
                <altitudeMode>absolute</altitudeMode>
            </Point>
        </Placemark>
        <Placemark id="571">
            <name>06:50:24</name>
            <description>UTC: 2026-03-22 06:50:24
Satellites used: 9
Speed: 5.3 m/s  (19.1 km/h)</description>
            <Point id="570">
                <coordinates>34.80641116283885,32.16343570368412,68.49068154392145</coordinates>
                <altitudeMode>absolute</altitudeMode>
            </Point>
        </Placemark>
        <Placemark id="573">
            <name>06:50:38</name>
            <description>UTC: 2026-03-22 06:50:38
Satellites used: 8
Speed: 2.1 m/s  (7.5 km/h)</description>
            <Point id="572">
                <coordinates>34.806024239331265,32.16332494321954,56.104067912125636</coordinates>
                <altitudeMode>absolute</altitudeMode>
            </Point>
        </Placemark>
        <Placemark id="575">
            <name>06:50:39</name>
            <description>UTC: 2026-03-22 06:50:39
Satellites used: 8
Speed: 7.2 m/s  (25.8 km/h)</description>
            <Point id="574">
                <coordinates>34.806145081774815,32.16323141819236,57.830708124046424</coordinates>
                <altitudeMode>absolute</altitudeMode>
            </Point>
        </Placemark>
        <Placemark id="577">
            <name>06:50:40</name>
            <description>UTC: 2026-03-22 06:50:40
Satellites used: 8
Speed: 7.5 m/s  (27.1 km/h)</description>
            <Point id="576">
                <coordinates>34.80607893089729,32.16315248808781,67.32753552821704</coordinates>
                <altitudeMode>absolute</altitudeMode>
            </Point>
        </Placemark>
        <Placemark id="579">
            <name>06:50:41</name>
            <description>UTC: 2026-03-22 06:50:41
Satellites used: 8
Speed: 9.1 m/s  (32.6 km/h)</description>
            <Point id="578">
                <coordinates>34.80594632021117,32.1630863582598,71.80209261227257</coordinates>
                <altitudeMode>absolute</altitudeMode>
            </Point>
        </Placemark>
        <Placemark id="581">
            <name>06:50:42</name>
            <description>UTC: 2026-03-22 06:50:42
Satellites used: 9
Speed: 18.7 m/s  (67.4 km/h)</description>
            <Point id="580">
                <coordinates>34.80600711056283,32.16288728179766,30.864975173580774</coordinates>
                <altitudeMode>absolute</altitudeMode>
            </Point>
        </Placemark>
        <Placemark id="583">
            <name>06:50:43</name>
            <description>UTC: 2026-03-22 06:50:43
Satellites used: 9
Speed: 13.0 m/s  (46.9 km/h)</description>
            <Point id="582">
                <coordinates>34.80594979873806,32.16292195241162,79.51793031558066</coordinates>
                <altitudeMode>absolute</altitudeMode>
            </Point>
        </Placemark>
        <Placemark id="585">
            <name>06:50:46</name>
            <description>UTC: 2026-03-22 06:50:46
Satellites used: 9
Speed: 11.1 m/s  (39.9 km/h)</description>
            <Point id="584">
                <coordinates>34.80577686727089,32.162567131687446,70.26984054198363</coordinates>
                <altitudeMode>absolute</altitudeMode>
            </Point>
        </Placemark>
        <Placemark id="587">
            <name>06:50:47</name>
            <description>UTC: 2026-03-22 06:50:47
Satellites used: 8
Speed: 14.2 m/s  (51.0 km/h)</description>
            <Point id="586">
                <coordinates>34.80565523005315,32.16243208460938,49.13208646519387</coordinates>
                <altitudeMode>absolute</altitudeMode>
            </Point>
        </Placemark>
        <Placemark id="589">
            <name>06:50:48</name>
            <description>UTC: 2026-03-22 06:50:48
Satellites used: 9
Speed: 18.2 m/s  (65.4 km/h)</description>
            <Point id="588">
                <coordinates>34.80567882930316,32.162196797423015,68.89591910826013</coordinates>
                <altitudeMode>absolute</altitudeMode>
            </Point>
        </Placemark>
        <Placemark id="591">
            <name>06:50:49</name>
            <description>UTC: 2026-03-22 06:50:49
Satellites used: 8
Speed: 16.4 m/s  (58.9 km/h)</description>
            <Point id="590">
                <coordinates>34.80557340532579,32.16213266268633,42.41745916627964</coordinates>
                <altitudeMode>absolute</altitudeMode>
            </Point>
        </Placemark>
        <Placemark id="593">
            <name>06:50:50</name>
            <description>UTC: 2026-03-22 06:50:50
Satellites used: 8
Speed: 15.2 m/s  (54.6 km/h)</description>
            <Point id="592">
                <coordinates>34.805612571549496,32.16198584431717,64.53498368382157</coordinates>
                <altitudeMode>absolute</altitudeMode>
            </Point>
        </Placemark>
        <Placemark id="595">
            <name>06:50:51</name>
            <description>UTC: 2026-03-22 06:50:51
Satellites used: 8
Speed: 28.0 m/s  (100.8 km/h)</description>
            <Point id="594">
                <coordinates>34.80589678764395,32.16163187389541,83.28456420635517</coordinates>
                <altitudeMode>absolute</altitudeMode>
            </Point>
        </Placemark>
        <Placemark id="597">
            <name>06:50:52</name>
            <description>UTC: 2026-03-22 06:50:52
Satellites used: 6
Speed: 15.5 m/s  (55.9 km/h)</description>
            <Point id="596">
                <coordinates>34.80537986672514,32.1618068284203,73.08487904530465</coordinates>
                <altitudeMode>absolute</altitudeMode>
            </Point>
        </Placemark>
        <Placemark id="599">
            <name>06:50:53</name>
            <description>UTC: 2026-03-22 06:50:53
Satellites used: 7
Speed: 12.9 m/s  (46.3 km/h)</description>
            <Point id="598">
                <coordinates>34.805515966997156,32.161619031322516,67.65298605440162</coordinates>
                <altitudeMode>absolute</altitudeMode>
            </Point>
        </Placemark>
        <Placemark id="601">
            <name>06:50:54</name>
            <description>UTC: 2026-03-22 06:50:54
Satellites used: 7
Speed: 14.9 m/s  (53.5 km/h)</description>
            <Point id="600">
                <coordinates>34.80534947418996,32.161509529022574,65.22482662413752</coordinates>
                <altitudeMode>absolute</altitudeMode>
            </Point>
        </Placemark>
        <Placemark id="603">
            <name>06:50:55</name>
            <description>UTC: 2026-03-22 06:50:55
Satellites used: 6
Speed: 13.3 m/s  (47.9 km/h)</description>
            <Point id="602">
                <coordinates>34.805411593890575,32.16138413513829,71.51942976834601</coordinates>
                <altitudeMode>absolute</altitudeMode>
            </Point>
        </Placemark>
        <Placemark id="605">
            <name>06:50:56</name>
            <description>UTC: 2026-03-22 06:50:56
Satellites used: 5
Speed: 18.0 m/s  (64.9 km/h)</description>
            <Point id="604">
                <coordinates>34.80530284781592,32.16117331680878,70.7408122024696</coordinates>
                <altitudeMode>absolute</altitudeMode>
            </Point>
        </Placemark>
        <Placemark id="607">
            <name>06:50:57</name>
            <description>UTC: 2026-03-22 06:50:57
Satellites used: 5
Speed: 14.6 m/s  (52.7 km/h)</description>
            <Point id="606">
                <coordinates>34.80526557983466,32.16110591963514,59.980237461977644</coordinates>
                <altitudeMode>absolute</altitudeMode>
            </Point>
        </Placemark>
        <Placemark id="609">
            <name>06:50:58</name>
            <description>UTC: 2026-03-22 06:50:58
Satellites used: 7
Speed: 13.4 m/s  (48.3 km/h)</description>
            <Point id="608">
                <coordinates>34.805158377549276,32.16103213139897,72.00702126081686</coordinates>
                <altitudeMode>absolute</altitudeMode>
            </Point>
        </Placemark>
        <Placemark id="611">
            <name>06:50:59</name>
            <description>UTC: 2026-03-22 06:50:59
Satellites used: 8
Speed: 19.4 m/s  (69.9 km/h)</description>
            <Point id="610">
                <coordinates>34.80516163325228,32.16078209471414,84.79462171109257</coordinates>
                <altitudeMode>absolute</altitudeMode>
            </Point>
        </Placemark>
        <Placemark id="613">
            <name>06:51:00</name>
            <description>UTC: 2026-03-22 06:51:00
Satellites used: 7
Speed: 16.4 m/s  (59.0 km/h)</description>
            <Point id="612">
                <coordinates>34.80509809269455,32.16069426299686,60.59873376220706</coordinates>
                <altitudeMode>absolute</altitudeMode>
            </Point>
        </Placemark>
        <Placemark id="615">
            <name>06:51:01</name>
            <description>UTC: 2026-03-22 06:51:01
Satellites used: 7
Speed: 17.6 m/s  (63.4 km/h)</description>
            <Point id="614">
                <coordinates>34.80490571402955,32.16057201113103,62.760268873210876</coordinates>
                <altitudeMode>absolute</altitudeMode>
            </Point>
        </Placemark>
        <Placemark id="617">
            <name>06:51:02</name>
            <description>UTC: 2026-03-22 06:51:02
Satellites used: 9
Speed: 20.9 m/s  (75.1 km/h)</description>
            <Point id="616">
                <coordinates>34.80523143317953,32.16032423030467,76.8313672548413</coordinates>
                <altitudeMode>absolute</altitudeMode>
            </Point>
        </Placemark>
        <Placemark id="619">
            <name>06:51:03</name>
            <description>UTC: 2026-03-22 06:51:03
Satellites used: 8
Speed: 19.2 m/s  (69.0 km/h)</description>
            <Point id="618">
                <coordinates>34.80507203069402,32.16020830312513,92.79465970005062</coordinates>
                <altitudeMode>absolute</altitudeMode>
            </Point>
        </Placemark>
        <Placemark id="621">
            <name>06:51:04</name>
            <description>UTC: 2026-03-22 06:51:04
Satellites used: 7
Speed: 17.5 m/s  (63.1 km/h)</description>
            <Point id="620">
                <coordinates>34.80482461712229,32.16017416930716,60.6283336127143</coordinates>
                <altitudeMode>absolute</altitudeMode>
            </Point>
        </Placemark>
        <Placemark id="623">
            <name>06:51:05</name>
            <description>UTC: 2026-03-22 06:51:05
Satellites used: 7
Speed: 16.6 m/s  (59.6 km/h)</description>
            <Point id="622">
                <coordinates>34.80470881995938,32.16004841639434,70.41216200940396</coordinates>
                <altitudeMode>absolute</altitudeMode>
            </Point>
        </Placemark>
        <Placemark id="625">
            <name>06:51:06</name>
            <description>UTC: 2026-03-22 06:51:06
Satellites used: 7
Speed: 16.5 m/s  (59.5 km/h)</description>
            <Point id="624">
                <coordinates>34.80453863370364,32.15998589860693,69.13163360675345</coordinates>
                <altitudeMode>absolute</altitudeMode>
            </Point>
        </Placemark>
        <Placemark id="627">
            <name>06:51:07</name>
            <description>UTC: 2026-03-22 06:51:07
Satellites used: 6
Speed: 16.8 m/s  (60.3 km/h)</description>
            <Point id="626">
                <coordinates>34.80447854608431,32.159823159553355,73.2355483889114</coordinates>
                <altitudeMode>absolute</altitudeMode>
            </Point>
        </Placemark>
        <Placemark id="629">
            <name>06:51:08</name>
            <description>UTC: 2026-03-22 06:51:08
Satellites used: 5
Speed: 17.0 m/s  (61.0 km/h)</description>
            <Point id="628">
                <coordinates>34.80440764662609,32.15967659054406,73.80423366236921</coordinates>
                <altitudeMode>absolute</altitudeMode>
            </Point>
        </Placemark>
        <Placemark id="631">
            <name>06:51:09</name>
            <description>UTC: 2026-03-22 06:51:09
Satellites used: 6
Speed: 19.8 m/s  (71.1 km/h)</description>
            <Point id="630">
                <coordinates>34.804342298111145,32.15946388105233,75.6384219872482</coordinates>
                <altitudeMode>absolute</altitudeMode>
            </Point>
        </Placemark>
        <Placemark id="633">
            <name>06:51:10</name>
            <description>UTC: 2026-03-22 06:51:10
Satellites used: 6
Speed: 18.5 m/s  (66.7 km/h)</description>
            <Point id="632">
                <coordinates>34.8041055692059,32.15944596685209,85.81913508763654</coordinates>
                <altitudeMode>absolute</altitudeMode>
            </Point>
        </Placemark>
        <Placemark id="635">
            <name>06:51:11</name>
            <description>UTC: 2026-03-22 06:51:11
Satellites used: 4
Speed: 17.7 m/s  (63.6 km/h)</description>
            <Point id="634">
                <coordinates>34.80417637408777,32.15922593768236,76.3119748481315</coordinates>
                <altitudeMode>absolute</altitudeMode>
            </Point>
        </Placemark>
        <Placemark id="637">
            <name>06:51:12</name>
            <description>UTC: 2026-03-22 06:51:12
Satellites used: 5
Speed: 33.0 m/s  (118.7 km/h)</description>
            <Point id="636">
                <coordinates>34.80412547739585,32.158929328114475,20.61761887519492</coordinates>
                <altitudeMode>absolute</altitudeMode>
            </Point>
        </Placemark>
        <Placemark id="639">
            <name>06:51:13</name>
            <description>UTC: 2026-03-22 06:51:13
Satellites used: 6
Speed: 14.4 m/s  (51.7 km/h)</description>
            <Point id="638">
                <coordinates>34.80401390358325,32.158996402567396,69.07178727701884</coordinates>
                <altitudeMode>absolute</altitudeMode>
            </Point>
        </Placemark>
        <Placemark id="641">
            <name>06:51:14</name>
            <description>UTC: 2026-03-22 06:51:14
Satellites used: 5
Speed: 14.0 m/s  (50.2 km/h)</description>
            <Point id="640">
                <coordinates>34.8040025991638,32.15887719204845,74.39656124072467</coordinates>
                <altitudeMode>absolute</altitudeMode>
            </Point>
        </Placemark>
        <Placemark id="643">
            <name>06:51:15</name>
            <description>UTC: 2026-03-22 06:51:15
Satellites used: 5
Speed: 14.2 m/s  (51.3 km/h)</description>
            <Point id="642">
                <coordinates>34.8038992888598,32.15875540693818,65.28564317537946</coordinates>
                <altitudeMode>absolute</altitudeMode>
            </Point>
        </Placemark>
        <Placemark id="645">
            <name>06:51:16</name>
            <description>UTC: 2026-03-22 06:51:16
Satellites used: 4
Speed: 17.2 m/s  (61.8 km/h)</description>
            <Point id="644">
                <coordinates>34.80381581883789,32.158573532567615,65.94867576485738</coordinates>
                <altitudeMode>absolute</altitudeMode>
            </Point>
        </Placemark>
        <Placemark id="647">
            <name>06:51:17</name>
            <description>UTC: 2026-03-22 06:51:17
Satellites used: 4
Speed: 18.8 m/s  (67.7 km/h)</description>
            <Point id="646">
                <coordinates>34.8037217928095,32.15842069149626,51.733377487745265</coordinates>
                <altitudeMode>absolute</altitudeMode>
            </Point>
        </Placemark>
        <Placemark id="649">
            <name>06:51:18</name>
            <description>UTC: 2026-03-22 06:51:18
Satellites used: 4
Speed: 16.0 m/s  (57.6 km/h)</description>
            <Point id="648">
                <coordinates>34.803873808967616,32.15834631087299,36.96500582055505</coordinates>
                <altitudeMode>absolute</altitudeMode>
            </Point>
        </Placemark>
        <Placemark id="651">
            <name>06:51:19</name>
            <description>UTC: 2026-03-22 06:51:19
Satellites used: 5
Speed: 16.3 m/s  (58.6 km/h)</description>
            <Point id="650">
                <coordinates>34.803631003407055,32.15823826981019,65.33249723468843</coordinates>
                <altitudeMode>absolute</altitudeMode>
            </Point>
        </Placemark>
        <Placemark id="653">
            <name>06:51:20</name>
            <description>UTC: 2026-03-22 06:51:20
Satellites used: 6
Speed: 18.7 m/s  (67.4 km/h)</description>
            <Point id="652">
                <coordinates>34.803507709809885,32.1581611330337,85.69558317944625</coordinates>
                <altitudeMode>absolute</altitudeMode>
            </Point>
        </Placemark>
        <Placemark id="655">
            <name>06:51:21</name>
            <description>UTC: 2026-03-22 06:51:21
Satellites used: 6
Speed: 14.8 m/s  (53.3 km/h)</description>
            <Point id="654">
                <coordinates>34.803539567468825,32.15800352784535,77.41133218576248</coordinates>
                <altitudeMode>absolute</altitudeMode>
            </Point>
        </Placemark>
        <Placemark id="657">
            <name>06:51:22</name>
            <description>UTC: 2026-03-22 06:51:22
Satellites used: 5
Speed: 16.9 m/s  (60.9 km/h)</description>
            <Point id="656">
                <coordinates>34.803406807486795,32.15794827299279,98.49287847416079</coordinates>
                <altitudeMode>absolute</altitudeMode>
            </Point>
        </Placemark>
        <Placemark id="659">
            <name>06:51:23</name>
            <description>UTC: 2026-03-22 06:51:23
Satellites used: 5
Speed: 15.9 m/s  (57.4 km/h)</description>
            <Point id="658">
                <coordinates>34.803288018739266,32.157798125385064,80.85357502301105</coordinates>
                <altitudeMode>absolute</altitudeMode>
            </Point>
        </Placemark>
        <Placemark id="661">
            <name>06:51:24</name>
            <description>UTC: 2026-03-22 06:51:24
Satellites used: 4
Speed: 22.7 m/s  (81.7 km/h)</description>
            <Point id="660">
                <coordinates>34.80321239385964,32.157603155668205,48.86766635153059</coordinates>
                <altitudeMode>absolute</altitudeMode>
            </Point>
        </Placemark>
        <Placemark id="663">
            <name>06:51:25</name>
            <description>UTC: 2026-03-22 06:51:25
Satellites used: 5
Speed: 14.6 m/s  (52.4 km/h)</description>
            <Point id="662">
                <coordinates>34.8031367033835,32.15755552651506,74.92930096834823</coordinates>
                <altitudeMode>absolute</altitudeMode>
            </Point>
        </Placemark>
        <Placemark id="665">
            <name>06:51:26</name>
            <description>UTC: 2026-03-22 06:51:26
Satellites used: 5
Speed: 14.6 m/s  (52.7 km/h)</description>
            <Point id="664">
                <coordinates>34.80303884633408,32.15744739832673,70.63214170573204</coordinates>
                <altitudeMode>absolute</altitudeMode>
            </Point>
        </Placemark>
        <Placemark id="667">
            <name>06:51:28</name>
            <description>UTC: 2026-03-22 06:51:28
Satellites used: 5
Speed: 17.6 m/s  (63.5 km/h)</description>
            <Point id="666">
                <coordinates>34.802849601647026,32.157106726538174,93.32556068345305</coordinates>
                <altitudeMode>absolute</altitudeMode>
            </Point>
        </Placemark>
        <Placemark id="669">
            <name>06:51:29</name>
            <description>UTC: 2026-03-22 06:51:29
Satellites used: 5
Speed: 13.4 m/s  (48.1 km/h)</description>
            <Point id="668">
                <coordinates>34.80292392381827,32.15701899980479,78.6755236028748</coordinates>
                <altitudeMode>absolute</altitudeMode>
            </Point>
        </Placemark>
        <Placemark id="671">
            <name>06:51:30</name>
            <description>UTC: 2026-03-22 06:51:30
Satellites used: 5
Speed: 18.6 m/s  (67.0 km/h)</description>
            <Point id="670">
                <coordinates>34.802773880006626,32.15680412859327,86.07308613338485</coordinates>
                <altitudeMode>absolute</altitudeMode>
            </Point>
        </Placemark>
        <Placemark id="673">
            <name>06:51:31</name>
            <description>UTC: 2026-03-22 06:51:31
Satellites used: 6
Speed: 15.8 m/s  (56.9 km/h)</description>
            <Point id="672">
                <coordinates>34.802844395426,32.15671029682291,69.13515847921164</coordinates>
                <altitudeMode>absolute</altitudeMode>
            </Point>
        </Placemark>
        <Placemark id="675">
            <name>06:51:33</name>
            <description>UTC: 2026-03-22 06:51:33
Satellites used: 4
Speed: 0.0 m/s  (0.0 km/h)</description>
            <Point id="674">
                <coordinates>34.80269449499981,32.15642411462731,64.03523078208185</coordinates>
                <altitudeMode>absolute</altitudeMode>
            </Point>
        </Placemark>
        <Placemark id="677">
            <name>06:51:34</name>
            <description>UTC: 2026-03-22 06:51:34
Satellites used: 6
Speed: 22.6 m/s  (81.3 km/h)</description>
            <Point id="676">
                <coordinates>34.80226110441781,32.156429875684815,102.95879115920299</coordinates>
                <altitudeMode>absolute</altitudeMode>
            </Point>
        </Placemark>
        <Placemark id="679">
            <name>06:51:35</name>
            <description>UTC: 2026-03-22 06:51:35
Satellites used: 7
Speed: 15.3 m/s  (55.1 km/h)</description>
            <Point id="678">
                <coordinates>34.80255309476669,32.15620204144134,50.64661015345622</coordinates>
                <altitudeMode>absolute</altitudeMode>
            </Point>
        </Placemark>
        <Placemark id="681">
            <name>06:51:36</name>
            <description>UTC: 2026-03-22 06:51:36
Satellites used: 8
Speed: 9.6 m/s  (34.5 km/h)</description>
            <Point id="680">
                <coordinates>34.802411733204124,32.15617794104845,56.48956154818804</coordinates>
                <altitudeMode>absolute</altitudeMode>
            </Point>
        </Placemark>
        <Placemark id="683">
            <name>06:51:37</name>
            <description>UTC: 2026-03-22 06:51:37
Satellites used: 7
Speed: 15.4 m/s  (55.4 km/h)</description>
            <Point id="682">
                <coordinates>34.80239985216268,32.15601417459977,39.09900169197933</coordinates>
                <altitudeMode>absolute</altitudeMode>
            </Point>
        </Placemark>
        <Placemark id="685">
            <name>06:51:38</name>
            <description>UTC: 2026-03-22 06:51:38
Satellites used: 5
Speed: 12.7 m/s  (45.8 km/h)</description>
            <Point id="684">
                <coordinates>34.80225701826129,32.155942919443845,60.443121959585284</coordinates>
                <altitudeMode>absolute</altitudeMode>
            </Point>
        </Placemark>
        <Placemark id="687">
            <name>06:51:39</name>
            <description>UTC: 2026-03-22 06:51:39
Satellites used: 5
Speed: 13.2 m/s  (47.6 km/h)</description>
            <Point id="686">
                <coordinates>34.802247570232005,32.15580087053127,54.94178584814141</coordinates>
                <altitudeMode>absolute</altitudeMode>
            </Point>
        </Placemark>
        <Placemark id="689">
            <name>06:51:40</name>
            <description>UTC: 2026-03-22 06:51:40
Satellites used: 5
Speed: 13.3 m/s  (47.7 km/h)</description>
            <Point id="688">
                <coordinates>34.80214314622677,32.155712873841665,59.36763096569364</coordinates>
                <altitudeMode>absolute</altitudeMode>
            </Point>
        </Placemark>
        <Placemark id="691">
            <name>06:51:41</name>
            <description>UTC: 2026-03-22 06:51:41
Satellites used: 5
Speed: 11.3 m/s  (40.6 km/h)</description>
            <Point id="690">
                <coordinates>34.80217365964992,32.15562245320929,61.02613765959149</coordinates>
                <altitudeMode>absolute</altitudeMode>
            </Point>
        </Placemark>
        <Placemark id="693">
            <name>06:51:42</name>
            <description>UTC: 2026-03-22 06:51:42
Satellites used: 4
Speed: 11.7 m/s  (42.2 km/h)</description>
            <Point id="692">
                <coordinates>34.80206246572422,32.15558690895996,43.45916767641735</coordinates>
                <altitudeMode>absolute</altitudeMode>
            </Point>
        </Placemark>
        <Placemark id="695">
            <name>06:51:43</name>
            <description>UTC: 2026-03-22 06:51:43
Satellites used: 5
Speed: 7.4 m/s  (26.8 km/h)</description>
            <Point id="694">
                <coordinates>34.802056427720174,32.15556000333956,58.01703451938746</coordinates>
                <altitudeMode>absolute</altitudeMode>
            </Point>
        </Placemark>
        <Placemark id="697">
            <name>06:51:44</name>
            <description>UTC: 2026-03-22 06:51:44
Satellites used: 5
Speed: 8.1 m/s  (29.2 km/h)</description>
            <Point id="696">
                <coordinates>34.80202225644623,32.155484464716665,49.44669646267689</coordinates>
                <altitudeMode>absolute</altitudeMode>
            </Point>
        </Placemark>
        <Placemark id="699">
            <name>06:51:45</name>
            <description>UTC: 2026-03-22 06:51:45
Satellites used: 5
Speed: 11.5 m/s  (41.4 km/h)</description>
            <Point id="698">
                <coordinates>34.801938070146655,32.15550995934999,76.98577694783047</coordinates>
                <altitudeMode>absolute</altitudeMode>
            </Point>
        </Placemark>
        <Placemark id="701">
            <name>06:51:47</name>
            <description>UTC: 2026-03-22 06:51:47
Satellites used: 4
Speed: 5.0 m/s  (17.8 km/h)</description>
            <Point id="700">
                <coordinates>34.80199797952675,32.15542425670956,35.172005555206404</coordinates>
                <altitudeMode>absolute</altitudeMode>
            </Point>
        </Placemark>
        <Placemark id="703">
            <name>06:51:48</name>
            <description>UTC: 2026-03-22 06:51:48
Satellites used: 5
Speed: 3.2 m/s  (11.4 km/h)</description>
            <Point id="702">
                <coordinates>34.80195875788531,32.155480065911036,43.037757850483025</coordinates>
                <altitudeMode>absolute</altitudeMode>
            </Point>
        </Placemark>
        <Placemark id="705">
            <name>06:51:49</name>
            <description>UTC: 2026-03-22 06:51:49
Satellites used: 5
Speed: 5.8 m/s  (20.9 km/h)</description>
            <Point id="704">
                <coordinates>34.80201544346726,32.15554072827359,53.17435074611939</coordinates>
                <altitudeMode>absolute</altitudeMode>
            </Point>
        </Placemark>
        <Placemark id="707">
            <name>06:51:50</name>
            <description>UTC: 2026-03-22 06:51:50
Satellites used: 5
Speed: 1.9 m/s  (6.9 km/h)</description>
            <Point id="706">
                <coordinates>34.80199913860344,32.155478910403126,49.55042911113285</coordinates>
                <altitudeMode>absolute</altitudeMode>
            </Point>
        </Placemark>
        <Placemark id="709">
            <name>06:51:51</name>
            <description>UTC: 2026-03-22 06:51:51
Satellites used: 6
Speed: 7.9 m/s  (28.4 km/h)</description>
            <Point id="708">
                <coordinates>34.80200912813483,32.155488941826114,66.91463235618306</coordinates>
                <altitudeMode>absolute</altitudeMode>
            </Point>
        </Placemark>
        <Placemark id="711">
            <name>06:51:52</name>
            <description>UTC: 2026-03-22 06:51:52
Satellites used: 7
Speed: 5.0 m/s  (18.0 km/h)</description>
            <Point id="710">
                <coordinates>34.80200637451514,32.15549811805999,42.62623397643249</coordinates>
                <altitudeMode>absolute</altitudeMode>
            </Point>
        </Placemark>
        <Placemark id="713">
            <name>06:51:53</name>
            <description>UTC: 2026-03-22 06:51:53
Satellites used: 5
Speed: 2.6 m/s  (9.3 km/h)</description>
            <Point id="712">
                <coordinates>34.80199405110098,32.15550836966871,43.91698134166903</coordinates>
                <altitudeMode>absolute</altitudeMode>
            </Point>
        </Placemark>
        <Placemark id="715">
            <name>06:51:54</name>
            <description>UTC: 2026-03-22 06:51:54
Satellites used: 6
Speed: 5.0 m/s  (18.0 km/h)</description>
            <Point id="714">
                <coordinates>34.80195706623644,32.15544234298157,57.499351564246666</coordinates>
                <altitudeMode>absolute</altitudeMode>
            </Point>
        </Placemark>
        <Placemark id="717">
            <name>06:51:55</name>
            <description>UTC: 2026-03-22 06:51:55
Satellites used: 6
Speed: 2.2 m/s  (8.0 km/h)</description>
            <Point id="716">
                <coordinates>34.80196357125245,32.15550126229287,47.10716438098286</coordinates>
                <altitudeMode>absolute</altitudeMode>
            </Point>
        </Placemark>
        <Placemark id="719">
            <name>06:51:56</name>
            <description>UTC: 2026-03-22 06:51:56
Satellites used: 6
Speed: 3.3 m/s  (11.8 km/h)</description>
            <Point id="718">
                <coordinates>34.80199159476959,32.15550784142808,57.50283093701244</coordinates>
                <altitudeMode>absolute</altitudeMode>
            </Point>
        </Placemark>
        <Placemark id="721">
            <name>06:51:57</name>
            <description>UTC: 2026-03-22 06:51:57
Satellites used: 6
Speed: 2.2 m/s  (7.8 km/h)</description>
            <Point id="720">
                <coordinates>34.802032465734975,32.155512010719946,54.66382363517883</coordinates>
                <altitudeMode>absolute</altitudeMode>
            </Point>
        </Placemark>
        <Placemark id="723">
            <name>06:51:58</name>
            <description>UTC: 2026-03-22 06:51:58
Satellites used: 6
Speed: 1.3 m/s  (4.8 km/h)</description>
            <Point id="722">
                <coordinates>34.80200859241999,32.1555178733636,56.33733496666316</coordinates>
                <altitudeMode>absolute</altitudeMode>
            </Point>
        </Placemark>
        <Placemark id="725">
            <name>06:51:59</name>
            <description>UTC: 2026-03-22 06:51:59
Satellites used: 6
Speed: 4.5 m/s  (16.4 km/h)</description>
            <Point id="724">
                <coordinates>34.8020100289718,32.15540699156596,56.405312168687956</coordinates>
                <altitudeMode>absolute</altitudeMode>
            </Point>
        </Placemark>
        <Placemark id="727">
            <name>06:52:00</name>
            <description>UTC: 2026-03-22 06:52:00
Satellites used: 6
Speed: 11.4 m/s  (41.1 km/h)</description>
            <Point id="726">
                <coordinates>34.802029600831,32.155526306786825,83.07177643965184</coordinates>
                <altitudeMode>absolute</altitudeMode>
            </Point>
        </Placemark>
        <Placemark id="729">
            <name>06:52:01</name>
            <description>UTC: 2026-03-22 06:52:01
Satellites used: 6
Speed: 2.7 m/s  (9.8 km/h)</description>
            <Point id="728">
                <coordinates>34.80205767247096,32.1554521592527,63.02057637576373</coordinates>
                <altitudeMode>absolute</altitudeMode>
            </Point>
        </Placemark>
        <Placemark id="731">
            <name>06:52:02</name>
            <description>UTC: 2026-03-22 06:52:02
Satellites used: 5
Speed: 1.7 m/s  (6.3 km/h)</description>
            <Point id="730">
                <coordinates>34.80207508321422,32.155480374835086,66.70283300747074</coordinates>
                <altitudeMode>absolute</altitudeMode>
            </Point>
        </Placemark>
        <Placemark id="733">
            <name>06:52:03</name>
            <description>UTC: 2026-03-22 06:52:03
Satellites used: 5
Speed: 12.8 m/s  (46.2 km/h)</description>
            <Point id="732">
                <coordinates>34.80195108941824,32.15544834465009,35.175862343863365</coordinates>
                <altitudeMode>absolute</altitudeMode>
            </Point>
        </Placemark>
        <Placemark id="735">
            <name>06:52:05</name>
            <description>UTC: 2026-03-22 06:52:05
Satellites used: 5
Speed: 5.0 m/s  (17.9 km/h)</description>
            <Point id="734">
                <coordinates>34.802144906547056,32.15565122031878,57.01169443397155</coordinates>
                <altitudeMode>absolute</altitudeMode>
            </Point>
        </Placemark>
        <Placemark id="737">
            <name>06:52:06</name>
            <description>UTC: 2026-03-22 06:52:06
Satellites used: 7
Speed: 3.0 m/s  (10.6 km/h)</description>
            <Point id="736">
                <coordinates>34.802083879025474,32.15559834083908,67.89734879014496</coordinates>
                <altitudeMode>absolute</altitudeMode>
            </Point>
        </Placemark>
        <Placemark id="739">
            <name>06:52:29</name>
            <description>UTC: 2026-03-22 06:52:29
Satellites used: 6
Speed: 2.3 m/s  (8.1 km/h)</description>
            <Point id="738">
                <coordinates>34.80213302987676,32.15529761630253,95.26771269540234</coordinates>
                <altitudeMode>absolute</altitudeMode>
            </Point>
        </Placemark>
        <Placemark id="741">
            <name>06:52:30</name>
            <description>UTC: 2026-03-22 06:52:30
Satellites used: 7
Speed: 12.9 m/s  (46.5 km/h)</description>
            <Point id="740">
                <coordinates>34.80226198490435,32.15520977404259,63.83894912039812</coordinates>
                <altitudeMode>absolute</altitudeMode>
            </Point>
        </Placemark>
        <Placemark id="743">
            <name>06:52:31</name>
            <description>UTC: 2026-03-22 06:52:31
Satellites used: 8
Speed: 4.8 m/s  (17.3 km/h)</description>
            <Point id="742">
                <coordinates>34.802278673091074,32.155235799315996,88.901059631344</coordinates>
                <altitudeMode>absolute</altitudeMode>
            </Point>
        </Placemark>
        <Placemark id="745">
            <name>06:52:32</name>
            <description>UTC: 2026-03-22 06:52:32
Satellites used: 8
Speed: 18.7 m/s  (67.5 km/h)</description>
            <Point id="744">
                <coordinates>34.80241810846098,32.15497845618171,53.60044034663258</coordinates>
                <altitudeMode>absolute</altitudeMode>
            </Point>
        </Placemark>
        <Placemark id="747">
            <name>06:52:33</name>
            <description>UTC: 2026-03-22 06:52:33
Satellites used: 8
Speed: 11.1 m/s  (39.9 km/h)</description>
            <Point id="746">
                <coordinates>34.80253790292309,32.155035600448954,60.40327258226902</coordinates>
                <altitudeMode>absolute</altitudeMode>
            </Point>
        </Placemark>
        <Placemark id="749">
            <name>06:52:34</name>
            <description>UTC: 2026-03-22 06:52:34
Satellites used: 8
Speed: 13.1 m/s  (47.1 km/h)</description>
            <Point id="748">
                <coordinates>34.802705334828495,32.155030990577515,54.528193054957356</coordinates>
                <altitudeMode>absolute</altitudeMode>
            </Point>
        </Placemark>
        <Placemark id="751">
            <name>06:52:35</name>
            <description>UTC: 2026-03-22 06:52:35
Satellites used: 8
Speed: 14.2 m/s  (51.3 km/h)</description>
            <Point id="750">
                <coordinates>34.80283594287275,32.15491121852897,54.492142045880875</coordinates>
                <altitudeMode>absolute</altitudeMode>
            </Point>
        </Placemark>
        <Placemark id="753">
            <name>06:52:36</name>
            <description>UTC: 2026-03-22 06:52:36
Satellites used: 5
Speed: 13.8 m/s  (49.6 km/h)</description>
            <Point id="752">
                <coordinates>34.802940003707505,32.154846197831674,68.89729805585128</coordinates>
                <altitudeMode>absolute</altitudeMode>
            </Point>
        </Placemark>
        <Placemark id="755">
            <name>06:52:38</name>
            <description>UTC: 2026-03-22 06:52:38
Satellites used: 4
Speed: 18.6 m/s  (67.1 km/h)</description>
            <Point id="754">
                <coordinates>34.80328302368328,32.15456839449557,97.7667091528212</coordinates>
                <altitudeMode>absolute</altitudeMode>
            </Point>
        </Placemark>
        <Placemark id="757">
            <name>06:52:44</name>
            <description>UTC: 2026-03-22 06:52:44
Satellites used: 4
Speed: 13.4 m/s  (48.3 km/h)</description>
            <Point id="756">
                <coordinates>34.80385104646726,32.154515726166764,56.79340570605523</coordinates>
                <altitudeMode>absolute</altitudeMode>
            </Point>
        </Placemark>
        <Placemark id="759">
            <name>06:52:52</name>
            <description>UTC: 2026-03-22 06:52:52
Satellites used: 7
Speed: 0.0 m/s  (0.0 km/h)</description>
            <Point id="758">
                <coordinates>34.80510686392786,32.15421992231362,78.26995709970592</coordinates>
                <altitudeMode>absolute</altitudeMode>
            </Point>
        </Placemark>
        <Placemark id="761">
            <name>06:52:53</name>
            <description>UTC: 2026-03-22 06:52:53
Satellites used: 6
Speed: 10.3 m/s  (37.1 km/h)</description>
            <Point id="760">
                <coordinates>34.8052897080525,32.15426202378109,59.6808554323743</coordinates>
                <altitudeMode>absolute</altitudeMode>
            </Point>
        </Placemark>
        <Placemark id="763">
            <name>06:52:54</name>
            <description>UTC: 2026-03-22 06:52:54
Satellites used: 7
Speed: 14.6 m/s  (52.4 km/h)</description>
            <Point id="762">
                <coordinates>34.80535722532569,32.15424488052755,103.13307777493186</coordinates>
                <altitudeMode>absolute</altitudeMode>
            </Point>
        </Placemark>
        <Placemark id="765">
            <name>06:52:55</name>
            <description>UTC: 2026-03-22 06:52:55
Satellites used: 7
Speed: 13.8 m/s  (49.6 km/h)</description>
            <Point id="764">
                <coordinates>34.805523757470546,32.154035838149944,87.14848978438332</coordinates>
                <altitudeMode>absolute</altitudeMode>
            </Point>
        </Placemark>
        <Placemark id="767">
            <name>06:52:56</name>
            <description>UTC: 2026-03-22 06:52:56
Satellites used: 7
Speed: 12.3 m/s  (44.3 km/h)</description>
            <Point id="766">
                <coordinates>34.805566206240115,32.153945758803495,88.81651873971435</coordinates>
                <altitudeMode>absolute</altitudeMode>
            </Point>
        </Placemark>
        <Placemark id="769">
            <name>06:52:57</name>
            <description>UTC: 2026-03-22 06:52:57
Satellites used: 9
Speed: 13.6 m/s  (49.0 km/h)</description>
            <Point id="768">
                <coordinates>34.805737082073506,32.15389711126677,85.17693415637618</coordinates>
                <altitudeMode>absolute</altitudeMode>
            </Point>
        </Placemark>
        <Placemark id="771">
            <name>06:52:58</name>
            <description>UTC: 2026-03-22 06:52:58
Satellites used: 9
Speed: 17.8 m/s  (64.1 km/h)</description>
            <Point id="770">
                <coordinates>34.80590517713005,32.153764170118045,71.03440885501689</coordinates>
                <altitudeMode>absolute</altitudeMode>
            </Point>
        </Placemark>
        <Placemark id="773">
            <name>06:52:59</name>
            <description>UTC: 2026-03-22 06:52:59
Satellites used: 7
Speed: 11.4 m/s  (41.0 km/h)</description>
            <Point id="772">
                <coordinates>34.80594331882016,32.15375792195905,80.53917087505431</coordinates>
                <altitudeMode>absolute</altitudeMode>
            </Point>
        </Placemark>
        <Placemark id="775">
            <name>06:53:00</name>
            <description>UTC: 2026-03-22 06:53:00
Satellites used: 8
Speed: 11.8 m/s  (42.5 km/h)</description>
            <Point id="774">
                <coordinates>34.8060365232979,32.15368608158266,74.09472242074457</coordinates>
                <altitudeMode>absolute</altitudeMode>
            </Point>
        </Placemark>
        <Placemark id="777">
            <name>06:53:01</name>
            <description>UTC: 2026-03-22 06:53:01
Satellites used: 9
Speed: 16.5 m/s  (59.5 km/h)</description>
            <Point id="776">
                <coordinates>34.806187713405066,32.153518360723155,69.56447655202236</coordinates>
                <altitudeMode>absolute</altitudeMode>
            </Point>
        </Placemark>
        <Placemark id="779">
            <name>06:53:02</name>
            <description>UTC: 2026-03-22 06:53:02
Satellites used: 8
Speed: 14.0 m/s  (50.5 km/h)</description>
            <Point id="778">
                <coordinates>34.806219805880666,32.153447330380466,88.23562243216823</coordinates>
                <altitudeMode>absolute</altitudeMode>
            </Point>
        </Placemark>
        <Placemark id="781">
            <name>06:53:03</name>
            <description>UTC: 2026-03-22 06:53:03
Satellites used: 8
Speed: 13.2 m/s  (47.5 km/h)</description>
            <Point id="780">
                <coordinates>34.80624966345952,32.15338929633106,59.98031261949028</coordinates>
                <altitudeMode>absolute</altitudeMode>
            </Point>
        </Placemark>
        <Placemark id="783">
            <name>06:53:04</name>
            <description>UTC: 2026-03-22 06:53:04
Satellites used: 8
Speed: 12.4 m/s  (44.6 km/h)</description>
            <Point id="782">
                <coordinates>34.806191473840585,32.15323846152501,64.0525453444666</coordinates>
                <altitudeMode>absolute</altitudeMode>
            </Point>
        </Placemark>
        <Placemark id="785">
            <name>06:53:05</name>
            <description>UTC: 2026-03-22 06:53:05
Satellites used: 7
Speed: 17.6 m/s  (63.4 km/h)</description>
            <Point id="784">
                <coordinates>34.806284897211896,32.15307400540992,46.0119109034274</coordinates>
                <altitudeMode>absolute</altitudeMode>
            </Point>
        </Placemark>
        <Placemark id="787">
            <name>06:53:06</name>
            <description>UTC: 2026-03-22 06:53:06
Satellites used: 8
Speed: 18.7 m/s  (67.4 km/h)</description>
            <Point id="786">
                <coordinates>34.806028370831854,32.152878894735224,57.78802235841721</coordinates>
                <altitudeMode>absolute</altitudeMode>
            </Point>
        </Placemark>
        <Placemark id="789">
            <name>06:53:07</name>
            <description>UTC: 2026-03-22 06:53:07
Satellites used: 7
Speed: 16.9 m/s  (60.7 km/h)</description>
            <Point id="788">
                <coordinates>34.805985057970354,32.152772522139806,70.41683577525119</coordinates>
                <altitudeMode>absolute</altitudeMode>
            </Point>
        </Placemark>
        <Placemark id="791">
            <name>06:53:08</name>
            <description>UTC: 2026-03-22 06:53:08
Satellites used: 8
Speed: 15.9 m/s  (57.3 km/h)</description>
            <Point id="790">
                <coordinates>34.80598580344135,32.152637374385456,53.990443621633126</coordinates>
                <altitudeMode>absolute</altitudeMode>
            </Point>
        </Placemark>
        <Placemark id="793">
            <name>06:53:09</name>
            <description>UTC: 2026-03-22 06:53:09
Satellites used: 8
Speed: 10.8 m/s  (38.9 km/h)</description>
            <Point id="792">
                <coordinates>34.805983394899044,32.15268108408333,79.28695246296282</coordinates>
                <altitudeMode>absolute</altitudeMode>
            </Point>
        </Placemark>
        <Placemark id="795">
            <name>06:53:10</name>
            <description>UTC: 2026-03-22 06:53:10
Satellites used: 9
Speed: 15.9 m/s  (57.4 km/h)</description>
            <Point id="794">
                <coordinates>34.80587078544288,32.15244156315879,64.57547650333707</coordinates>
                <altitudeMode>absolute</altitudeMode>
            </Point>
        </Placemark>
        <Placemark id="797">
            <name>06:53:11</name>
            <description>UTC: 2026-03-22 06:53:11
Satellites used: 8
Speed: 17.1 m/s  (61.7 km/h)</description>
            <Point id="796">
                <coordinates>34.80569724614589,32.15232802835082,68.16649360509699</coordinates>
                <altitudeMode>absolute</altitudeMode>
            </Point>
        </Placemark>
        <Placemark id="799">
            <name>06:53:12</name>
            <description>UTC: 2026-03-22 06:53:12
Satellites used: 7
Speed: 16.9 m/s  (60.8 km/h)</description>
            <Point id="798">
                <coordinates>34.805677528670216,32.15217777217909,76.40671798364646</coordinates>
                <altitudeMode>absolute</altitudeMode>
            </Point>
        </Placemark>
        <Placemark id="801">
            <name>06:53:13</name>
            <description>UTC: 2026-03-22 06:53:13
Satellites used: 5
Speed: 19.2 m/s  (69.1 km/h)</description>
            <Point id="800">
                <coordinates>34.805634250823786,32.15197913357961,60.022616044532455</coordinates>
                <altitudeMode>absolute</altitudeMode>
            </Point>
        </Placemark>
        <Placemark id="803">
            <name>06:53:14</name>
            <description>UTC: 2026-03-22 06:53:14
Satellites used: 5
Speed: 21.1 m/s  (75.8 km/h)</description>
            <Point id="802">
                <coordinates>34.805628003182115,32.15181757798239,92.85940192869086</coordinates>
                <altitudeMode>absolute</altitudeMode>
            </Point>
        </Placemark>
        <Placemark id="805">
            <name>06:53:15</name>
            <description>UTC: 2026-03-22 06:53:15
Satellites used: 4
Speed: 23.2 m/s  (83.3 km/h)</description>
            <Point id="804">
                <coordinates>34.80547171342556,32.151603152436735,96.65922017768298</coordinates>
                <altitudeMode>absolute</altitudeMode>
            </Point>
        </Placemark>
        <Placemark id="807">
            <name>06:53:16</name>
            <description>UTC: 2026-03-22 06:53:16
Satellites used: 4
Speed: 19.7 m/s  (70.9 km/h)</description>
            <Point id="806">
                <coordinates>34.80525706419301,32.15156783470538,70.649561195488</coordinates>
                <altitudeMode>absolute</altitudeMode>
            </Point>
        </Placemark>
        <Placemark id="809">
            <name>06:53:17</name>
            <description>UTC: 2026-03-22 06:53:17
Satellites used: 4
Speed: 24.1 m/s  (86.6 km/h)</description>
            <Point id="808">
                <coordinates>34.805236625863984,32.1512616307487,92.89838996146109</coordinates>
                <altitudeMode>absolute</altitudeMode>
            </Point>
        </Placemark>
        <Placemark id="811">
            <name>06:53:18</name>
            <description>UTC: 2026-03-22 06:53:18
Satellites used: 4
Speed: 26.9 m/s  (96.8 km/h)</description>
            <Point id="810">
                <coordinates>34.80521259937616,32.15103540782007,115.54212497817053</coordinates>
                <altitudeMode>absolute</altitudeMode>
            </Point>
        </Placemark>
        <Placemark id="813">
            <name>06:53:19</name>
            <description>UTC: 2026-03-22 06:53:19
Satellites used: 5
Speed: 20.4 m/s  (73.6 km/h)</description>
            <Point id="812">
                <coordinates>34.804989228109555,32.150975887402474,97.62122683753327</coordinates>
                <altitudeMode>absolute</altitudeMode>
            </Point>
        </Placemark>
        <Placemark id="815">
            <name>06:53:20</name>
            <description>UTC: 2026-03-22 06:53:20
Satellites used: 4
Speed: 20.8 m/s  (75.0 km/h)</description>
            <Point id="814">
                <coordinates>34.80495754637617,32.15078247619614,85.82043369648287</coordinates>
                <altitudeMode>absolute</altitudeMode>
            </Point>
        </Placemark>
        <Placemark id="817">
            <name>06:53:22</name>
            <description>UTC: 2026-03-22 06:53:22
Satellites used: 6
Speed: 0.0 m/s  (0.0 km/h)</description>
            <Point id="816">
                <coordinates>34.804638877696135,32.150566255221285,84.87660374013379</coordinates>
                <altitudeMode>absolute</altitudeMode>
            </Point>
        </Placemark>
        <Placemark id="819">
            <name>06:53:23</name>
            <description>UTC: 2026-03-22 06:53:23
Satellites used: 6
Speed: 11.3 m/s  (40.6 km/h)</description>
            <Point id="818">
                <coordinates>34.80455343546227,32.150355648287004,98.41568268681503</coordinates>
                <altitudeMode>absolute</altitudeMode>
            </Point>
        </Placemark>
        <Placemark id="821">
            <name>06:53:24</name>
            <description>UTC: 2026-03-22 06:53:24
Satellites used: 6
Speed: 16.9 m/s  (60.9 km/h)</description>
            <Point id="820">
                <coordinates>34.804482737285234,32.15015247653358,72.31328601277646</coordinates>
                <altitudeMode>absolute</altitudeMode>
            </Point>
        </Placemark>
        <Placemark id="823">
            <name>06:53:25</name>
            <description>UTC: 2026-03-22 06:53:25
Satellites used: 7
Speed: 14.6 m/s  (52.4 km/h)</description>
            <Point id="822">
                <coordinates>34.80440027131915,32.15005246525033,78.6797368454923</coordinates>
                <altitudeMode>absolute</altitudeMode>
            </Point>
        </Placemark>
        <Placemark id="825">
            <name>06:53:26</name>
            <description>UTC: 2026-03-22 06:53:26
Satellites used: 6
Speed: 11.7 m/s  (42.3 km/h)</description>
            <Point id="824">
                <coordinates>34.804374027424245,32.150007385729715,92.20297780380993</coordinates>
                <altitudeMode>absolute</altitudeMode>
            </Point>
        </Placemark>
        <Placemark id="827">
            <name>06:53:27</name>
            <description>UTC: 2026-03-22 06:53:27
Satellites used: 6
Speed: 17.9 m/s  (64.6 km/h)</description>
            <Point id="826">
                <coordinates>34.804230419561634,32.14978358144874,80.90814073533389</coordinates>
                <altitudeMode>absolute</altitudeMode>
            </Point>
        </Placemark>
        <Placemark id="829">
            <name>06:53:28</name>
            <description>UTC: 2026-03-22 06:53:28
Satellites used: 4
Speed: 27.5 m/s  (99.2 km/h)</description>
            <Point id="828">
                <coordinates>34.80409141169076,32.149442626480145,66.37757813181686</coordinates>
                <altitudeMode>absolute</altitudeMode>
            </Point>
        </Placemark>
        <Placemark id="831">
            <name>06:53:29</name>
            <description>UTC: 2026-03-22 06:53:29
Satellites used: 5
Speed: 32.7 m/s  (117.6 km/h)</description>
            <Point id="830">
                <coordinates>34.80394608756233,32.149214499798504,120.99148355606731</coordinates>
                <altitudeMode>absolute</altitudeMode>
            </Point>
        </Placemark>
        <Placemark id="833">
            <name>06:53:30</name>
            <description>UTC: 2026-03-22 06:53:30
Satellites used: 4
Speed: 24.2 m/s  (87.0 km/h)</description>
            <Point id="832">
                <coordinates>34.80400733549747,32.149110404113614,60.90295334847968</coordinates>
                <altitudeMode>absolute</altitudeMode>
            </Point>
        </Placemark>
        <Placemark id="835">
            <name>06:53:31</name>
            <description>UTC: 2026-03-22 06:53:31
Satellites used: 5
Speed: 14.7 m/s  (52.9 km/h)</description>
            <Point id="834">
                <coordinates>34.80397225756806,32.14905672678774,80.09201630297024</coordinates>
                <altitudeMode>absolute</altitudeMode>
            </Point>
        </Placemark>
        <Placemark id="837">
            <name>06:53:32</name>
            <description>UTC: 2026-03-22 06:53:32
Satellites used: 4
Speed: 22.4 m/s  (80.6 km/h)</description>
            <Point id="836">
                <coordinates>34.80387104904096,32.14883475587581,52.53247033087666</coordinates>
                <altitudeMode>absolute</altitudeMode>
            </Point>
        </Placemark>
        <Placemark id="839">
            <name>06:53:33</name>
            <description>UTC: 2026-03-22 06:53:33
Satellites used: 5
Speed: 23.0 m/s  (82.8 km/h)</description>
            <Point id="838">
                <coordinates>34.80380591049168,32.14869706642185,34.26526211412778</coordinates>
                <altitudeMode>absolute</altitudeMode>
            </Point>
        </Placemark>
        <Placemark id="841">
            <name>06:53:34</name>
            <description>UTC: 2026-03-22 06:53:34
Satellites used: 7
Speed: 19.9 m/s  (71.7 km/h)</description>
            <Point id="840">
                <coordinates>34.803705518433546,32.14853424757706,70.08189118128821</coordinates>
                <altitudeMode>absolute</altitudeMode>
            </Point>
        </Placemark>
        <Placemark id="843">
            <name>06:53:35</name>
            <description>UTC: 2026-03-22 06:53:35
Satellites used: 7
Speed: 15.4 m/s  (55.3 km/h)</description>
            <Point id="842">
                <coordinates>34.80384279588112,32.148554711797836,31.274509733384583</coordinates>
                <altitudeMode>absolute</altitudeMode>
            </Point>
        </Placemark>
        <Placemark id="845">
            <name>06:53:37</name>
            <description>UTC: 2026-03-22 06:53:37
Satellites used: 6
Speed: 11.0 m/s  (39.6 km/h)</description>
            <Point id="844">
                <coordinates>34.80363173452284,32.148363888004496,52.473831608256035</coordinates>
                <altitudeMode>absolute</altitudeMode>
            </Point>
        </Placemark>
        <Placemark id="847">
            <name>06:53:38</name>
            <description>UTC: 2026-03-22 06:53:38
Satellites used: 7
Speed: 9.2 m/s  (33.0 km/h)</description>
            <Point id="846">
                <coordinates>34.8035671289028,32.14832028470715,57.01763725873819</coordinates>
                <altitudeMode>absolute</altitudeMode>
            </Point>
        </Placemark>
        <Placemark id="849">
            <name>06:53:39</name>
            <description>UTC: 2026-03-22 06:53:39
Satellites used: 7
Speed: 15.0 m/s  (53.9 km/h)</description>
            <Point id="848">
                <coordinates>34.80379171492036,32.14823361058911,29.848967777515984</coordinates>
                <altitudeMode>absolute</altitudeMode>
            </Point>
        </Placemark>
        <Placemark id="851">
            <name>06:53:40</name>
            <description>UTC: 2026-03-22 06:53:40
Satellites used: 7
Speed: 19.0 m/s  (68.5 km/h)</description>
            <Point id="850">
                <coordinates>34.80360061198331,32.14824519746623,91.24221169138391</coordinates>
                <altitudeMode>absolute</altitudeMode>
            </Point>
        </Placemark>
        <Placemark id="853">
            <name>06:53:41</name>
            <description>UTC: 2026-03-22 06:53:41
Satellites used: 6
Speed: 10.1 m/s  (36.3 km/h)</description>
            <Point id="852">
                <coordinates>34.80353502614599,32.14811165597162,59.76336557568359</coordinates>
                <altitudeMode>absolute</altitudeMode>
            </Point>
        </Placemark>
        <Placemark id="855">
            <name>06:53:42</name>
            <description>UTC: 2026-03-22 06:53:42
Satellites used: 6
Speed: 6.6 m/s  (23.6 km/h)</description>
            <Point id="854">
                <coordinates>34.803541125416466,32.14812366057488,71.821924557486</coordinates>
                <altitudeMode>absolute</altitudeMode>
            </Point>
        </Placemark>
        <Placemark id="857">
            <name>06:53:43</name>
            <description>UTC: 2026-03-22 06:53:43
Satellites used: 4
Speed: 10.1 m/s  (36.5 km/h)</description>
            <Point id="856">
                <coordinates>34.80374104335984,32.14802550565381,76.1261754787454</coordinates>
                <altitudeMode>absolute</altitudeMode>
            </Point>
        </Placemark>
        <Placemark id="859">
            <name>06:53:45</name>
            <description>UTC: 2026-03-22 06:53:45
Satellites used: 4
Speed: 8.2 m/s  (29.4 km/h)</description>
            <Point id="858">
                <coordinates>34.80343149007326,32.147865657269875,65.13019907456196</coordinates>
                <altitudeMode>absolute</altitudeMode>
            </Point>
        </Placemark>
        <Placemark id="861">
            <name>06:53:46</name>
            <description>UTC: 2026-03-22 06:53:46
Satellites used: 6
Speed: 5.9 m/s  (21.2 km/h)</description>
            <Point id="860">
                <coordinates>34.80360204007153,32.14794860238126,57.83255243923957</coordinates>
                <altitudeMode>absolute</altitudeMode>
            </Point>
        </Placemark>
        <Placemark id="863">
            <name>06:53:47</name>
            <description>UTC: 2026-03-22 06:53:47
Satellites used: 4
Speed: 28.1 m/s  (101.1 km/h)</description>
            <Point id="862">
                <coordinates>34.803786312153775,32.14805750300817,-2.698164045432379</coordinates>
                <altitudeMode>absolute</altitudeMode>
            </Point>
        </Placemark>
        <Placemark id="865">
            <name>06:53:48</name>
            <description>UTC: 2026-03-22 06:53:48
Satellites used: 4
Speed: 10.4 m/s  (37.6 km/h)</description>
            <Point id="864">
                <coordinates>34.80364166772862,32.14786674896768,14.741111222365992</coordinates>
                <altitudeMode>absolute</altitudeMode>
            </Point>
        </Placemark>
        <Placemark id="867">
            <name>06:53:50</name>
            <description>UTC: 2026-03-22 06:53:50
Satellites used: 7
Speed: 15.0 m/s  (53.9 km/h)</description>
            <Point id="866">
                <coordinates>34.8032442902794,32.14748038631674,65.66728508978196</coordinates>
                <altitudeMode>absolute</altitudeMode>
            </Point>
        </Placemark>
        <Placemark id="869">
            <name>06:53:51</name>
            <description>UTC: 2026-03-22 06:53:51
Satellites used: 6
Speed: 16.9 m/s  (60.7 km/h)</description>
            <Point id="868">
                <coordinates>34.80327809219206,32.14732832025401,80.28773711374457</coordinates>
                <altitudeMode>absolute</altitudeMode>
            </Point>
        </Placemark>
        <Placemark id="871">
            <name>06:53:52</name>
            <description>UTC: 2026-03-22 06:53:52
Satellites used: 7
Speed: 19.4 m/s  (69.7 km/h)</description>
            <Point id="870">
                <coordinates>34.80318838513043,32.14711086851898,55.3991255447391</coordinates>
                <altitudeMode>absolute</altitudeMode>
            </Point>
        </Placemark>
        <Placemark id="873">
            <name>06:53:59</name>
            <description>UTC: 2026-03-22 06:53:59
Satellites used: 6
Speed: 0.0 m/s  (0.0 km/h)</description>
            <Point id="872">
                <coordinates>34.8030687297973,32.14623689163683,12.61835370254079</coordinates>
                <altitudeMode>absolute</altitudeMode>
            </Point>
        </Placemark>
        <Placemark id="875">
            <name>06:54:00</name>
            <description>UTC: 2026-03-22 06:54:00
Satellites used: 7
Speed: 24.1 m/s  (86.8 km/h)</description>
            <Point id="874">
                <coordinates>34.802804656824165,32.14612564282623,66.11490329432482</coordinates>
                <altitudeMode>absolute</altitudeMode>
            </Point>
        </Placemark>
        <Placemark id="877">
            <name>06:54:01</name>
            <description>UTC: 2026-03-22 06:54:01
Satellites used: 6
Speed: 16.7 m/s  (60.1 km/h)</description>
            <Point id="876">
                <coordinates>34.80279863160791,32.14599685075511,66.14855878849102</coordinates>
                <altitudeMode>absolute</altitudeMode>
            </Point>
        </Placemark>
        <Placemark id="879">
            <name>06:54:02</name>
            <description>UTC: 2026-03-22 06:54:02
Satellites used: 7
Speed: 14.4 m/s  (51.8 km/h)</description>
            <Point id="878">
                <coordinates>34.80277024605796,32.1458603911309,65.8321897996366</coordinates>
                <altitudeMode>absolute</altitudeMode>
            </Point>
        </Placemark>
        <Placemark id="881">
            <name>06:54:03</name>
            <description>UTC: 2026-03-22 06:54:03
Satellites used: 8
Speed: 14.6 m/s  (52.5 km/h)</description>
            <Point id="880">
                <coordinates>34.80267087271305,32.14572810171512,62.09462202655845</coordinates>
                <altitudeMode>absolute</altitudeMode>
            </Point>
        </Placemark>
        <Placemark id="883">
            <name>06:54:04</name>
            <description>UTC: 2026-03-22 06:54:04
Satellites used: 6
Speed: 26.4 m/s  (95.0 km/h)</description>
            <Point id="882">
                <coordinates>34.80249756212826,32.145435169074666,89.36726199967578</coordinates>
                <altitudeMode>absolute</altitudeMode>
            </Point>
        </Placemark>
        <Placemark id="885">
            <name>06:54:05</name>
            <description>UTC: 2026-03-22 06:54:05
Satellites used: 7
Speed: 13.7 m/s  (49.2 km/h)</description>
            <Point id="884">
                <coordinates>34.80267332415442,32.145421835010175,59.25263324456728</coordinates>
                <altitudeMode>absolute</altitudeMode>
            </Point>
        </Placemark>
        <Placemark id="887">
            <name>06:54:06</name>
            <description>UTC: 2026-03-22 06:54:06
Satellites used: 7
Speed: 27.2 m/s  (97.9 km/h)</description>
            <Point id="886">
                <coordinates>34.80238104383298,32.145069512820314,87.5105090487754</coordinates>
                <altitudeMode>absolute</altitudeMode>
            </Point>
        </Placemark>
        <Placemark id="889">
            <name>06:54:07</name>
            <description>UTC: 2026-03-22 06:54:07
Satellites used: 8
Speed: 18.0 m/s  (64.6 km/h)</description>
            <Point id="888">
                <coordinates>34.80249022034265,32.14499929439196,62.633531635682814</coordinates>
                <altitudeMode>absolute</altitudeMode>
            </Point>
        </Placemark>
        <Placemark id="891">
            <name>06:54:08</name>
            <description>UTC: 2026-03-22 06:54:08
Satellites used: 7
Speed: 15.7 m/s  (56.6 km/h)</description>
            <Point id="890">
                <coordinates>34.80254273125197,32.144996655734715,40.32517941892923</coordinates>
                <altitudeMode>absolute</altitudeMode>
            </Point>
        </Placemark>
        <Placemark id="893">
            <name>06:54:09</name>
            <description>UTC: 2026-03-22 06:54:09
Satellites used: 8
Speed: 22.7 m/s  (81.8 km/h)</description>
            <Point id="892">
                <coordinates>34.80233983092376,32.1446529800084,55.747317774262406</coordinates>
                <altitudeMode>absolute</altitudeMode>
            </Point>
        </Placemark>
        <Placemark id="895">
            <name>06:54:10</name>
            <description>UTC: 2026-03-22 06:54:10
Satellites used: 8
Speed: 23.1 m/s  (83.1 km/h)</description>
            <Point id="894">
                <coordinates>34.80245042436069,32.14443473994407,44.90165060159512</coordinates>
                <altitudeMode>absolute</altitudeMode>
            </Point>
        </Placemark>
        <Placemark id="897">
            <name>06:54:11</name>
            <description>UTC: 2026-03-22 06:54:11
Satellites used: 5
Speed: 29.6 m/s  (106.5 km/h)</description>
            <Point id="896">
                <coordinates>34.80197517139473,32.14429692258568,84.02820827526513</coordinates>
                <altitudeMode>absolute</altitudeMode>
            </Point>
        </Placemark>
        <Placemark id="899">
            <name>06:54:12</name>
            <description>UTC: 2026-03-22 06:54:12
Satellites used: 6
Speed: 17.5 m/s  (63.0 km/h)</description>
            <Point id="898">
                <coordinates>34.802362142821735,32.14424641733945,40.5483023690905</coordinates>
                <altitudeMode>absolute</altitudeMode>
            </Point>
        </Placemark>
        <Placemark id="901">
            <name>06:54:13</name>
            <description>UTC: 2026-03-22 06:54:13
Satellites used: 5
Speed: 21.6 m/s  (77.9 km/h)</description>
            <Point id="900">
                <coordinates>34.80222563249172,32.143967695997176,41.97697356414457</coordinates>
                <altitudeMode>absolute</altitudeMode>
            </Point>
        </Placemark>
        <Placemark id="903">
            <name>06:54:14</name>
            <description>UTC: 2026-03-22 06:54:14
Satellites used: 7
Speed: 18.2 m/s  (65.5 km/h)</description>
            <Point id="902">
                <coordinates>34.80201725335609,32.143932949743856,66.28009955499456</coordinates>
                <altitudeMode>absolute</altitudeMode>
            </Point>
        </Placemark>
        <Placemark id="905">
            <name>06:54:15</name>
            <description>UTC: 2026-03-22 06:54:15
Satellites used: 6
Speed: 13.5 m/s  (48.5 km/h)</description>
            <Point id="904">
                <coordinates>34.802097550042866,32.14383558477763,47.71404388103705</coordinates>
                <altitudeMode>absolute</altitudeMode>
            </Point>
        </Placemark>
        <Placemark id="907">
            <name>06:54:16</name>
            <description>UTC: 2026-03-22 06:54:16
Satellites used: 6
Speed: 22.1 m/s  (79.7 km/h)</description>
            <Point id="906">
                <coordinates>34.80177987932919,32.143636931887144,67.45304731094184</coordinates>
                <altitudeMode>absolute</altitudeMode>
            </Point>
        </Placemark>
        <Placemark id="909">
            <name>06:54:17</name>
            <description>UTC: 2026-03-22 06:54:17
Satellites used: 5
Speed: 12.4 m/s  (44.6 km/h)</description>
            <Point id="908">
                <coordinates>34.80185279886298,32.143608405003015,58.41794640493056</coordinates>
                <altitudeMode>absolute</altitudeMode>
            </Point>
        </Placemark>
        <Placemark id="911">
            <name>06:54:22</name>
            <description>UTC: 2026-03-22 06:54:22
Satellites used: 4
Speed: 0.0 m/s  (0.0 km/h)</description>
            <Point id="910">
                <coordinates>34.80045420737221,32.14386210487586,-168.22690283733044</coordinates>
                <altitudeMode>absolute</altitudeMode>
            </Point>
        </Placemark>
        <Placemark id="913">
            <name>06:54:52</name>
            <description>UTC: 2026-03-22 06:54:52
Satellites used: 5
Speed: 0.0 m/s  (0.0 km/h)</description>
            <Point id="912">
                <coordinates>34.80484577748539,32.14022836846282,38.84942990555785</coordinates>
                <altitudeMode>absolute</altitudeMode>
            </Point>
        </Placemark>
        <Placemark id="915">
            <name>06:54:53</name>
            <description>UTC: 2026-03-22 06:54:53
Satellites used: 5
Speed: 15.9 m/s  (57.1 km/h)</description>
            <Point id="914">
                <coordinates>34.805000060706455,32.140273977956205,75.41192329794343</coordinates>
                <altitudeMode>absolute</altitudeMode>
            </Point>
        </Placemark>
        <Placemark id="917">
            <name>06:54:54</name>
            <description>UTC: 2026-03-22 06:54:54
Satellites used: 4
Speed: 16.1 m/s  (58.0 km/h)</description>
            <Point id="916">
                <coordinates>34.80531374241995,32.14034758026142,58.89001666540299</coordinates>
                <altitudeMode>absolute</altitudeMode>
            </Point>
        </Placemark>
        <Placemark id="919">
            <name>06:55:38</name>
            <description>UTC: 2026-03-22 06:55:38
Satellites used: 6
Speed: 0.0 m/s  (0.0 km/h)</description>
            <Point id="918">
                <coordinates>34.81583041834348,32.13844867716347,62.89151014764325</coordinates>
                <altitudeMode>absolute</altitudeMode>
            </Point>
        </Placemark>
        <Placemark id="921">
            <name>06:55:39</name>
            <description>UTC: 2026-03-22 06:55:39
Satellites used: 6
Speed: 10.9 m/s  (39.4 km/h)</description>
            <Point id="920">
                <coordinates>34.81610583612134,32.138521082860805,65.58879170181794</coordinates>
                <altitudeMode>absolute</altitudeMode>
            </Point>
        </Placemark>
        <Placemark id="923">
            <name>06:55:40</name>
            <description>UTC: 2026-03-22 06:55:40
Satellites used: 5
Speed: 15.0 m/s  (53.9 km/h)</description>
            <Point id="922">
                <coordinates>34.81632718423187,32.13848594879379,72.44801706194677</coordinates>
                <altitudeMode>absolute</altitudeMode>
            </Point>
        </Placemark>
        <Placemark id="925">
            <name>06:55:41</name>
            <description>UTC: 2026-03-22 06:55:41
Satellites used: 5
Speed: 17.8 m/s  (64.2 km/h)</description>
            <Point id="924">
                <coordinates>34.81656628329792,32.13849745590927,70.48787819060168</coordinates>
                <altitudeMode>absolute</altitudeMode>
            </Point>
        </Placemark>
        <Placemark id="927">
            <name>06:55:42</name>
            <description>UTC: 2026-03-22 06:55:42
Satellites used: 5
Speed: 23.8 m/s  (85.6 km/h)</description>
            <Point id="926">
                <coordinates>34.816890329815436,32.138533472477654,53.29701556477712</coordinates>
                <altitudeMode>absolute</altitudeMode>
            </Point>
        </Placemark>
        <Placemark id="929">
            <name>06:55:45</name>
            <description>UTC: 2026-03-22 06:55:45
Satellites used: 5
Speed: 24.7 m/s  (88.9 km/h)</description>
            <Point id="928">
                <coordinates>34.8177545152959,32.138477584701384,94.72179957002257</coordinates>
                <altitudeMode>absolute</altitudeMode>
            </Point>
        </Placemark>
        <Placemark id="931">
            <name>06:55:46</name>
            <description>UTC: 2026-03-22 06:55:46
Satellites used: 4
Speed: 27.5 m/s  (99.1 km/h)</description>
            <Point id="930">
                <coordinates>34.818075059822746,32.13853919682825,79.03614758872305</coordinates>
                <altitudeMode>absolute</altitudeMode>
            </Point>
        </Placemark>
        <Placemark id="933">
            <name>06:55:47</name>
            <description>UTC: 2026-03-22 06:55:47
Satellites used: 4
Speed: 26.6 m/s  (95.9 km/h)</description>
            <Point id="932">
                <coordinates>34.81835274391591,32.138520526598995,89.02316716316207</coordinates>
                <altitudeMode>absolute</altitudeMode>
            </Point>
        </Placemark>
        <Placemark id="935">
            <name>06:55:48</name>
            <description>UTC: 2026-03-22 06:55:48
Satellites used: 4
Speed: 27.1 m/s  (97.6 km/h)</description>
            <Point id="934">
                <coordinates>34.81861231629684,32.13851747543465,66.58849869659456</coordinates>
                <altitudeMode>absolute</altitudeMode>
            </Point>
        </Placemark>
        <Placemark id="937">
            <name>06:55:49</name>
            <description>UTC: 2026-03-22 06:55:49
Satellites used: 5
Speed: 26.9 m/s  (96.7 km/h)</description>
            <Point id="936">
                <coordinates>34.81891283033698,32.138553906207946,80.63438350581127</coordinates>
                <altitudeMode>absolute</altitudeMode>
            </Point>
        </Placemark>
        <Placemark id="939">
            <name>06:55:50</name>
            <description>UTC: 2026-03-22 06:55:50
Satellites used: 5
Speed: 26.0 m/s  (93.6 km/h)</description>
            <Point id="938">
                <coordinates>34.81917339376904,32.13849009096452,76.82296995261677</coordinates>
                <altitudeMode>absolute</altitudeMode>
            </Point>
        </Placemark>
        <Placemark id="941">
            <name>06:55:51</name>
            <description>UTC: 2026-03-22 06:55:51
Satellites used: 6
Speed: 24.1 m/s  (86.8 km/h)</description>
            <Point id="940">
                <coordinates>34.819399688343815,32.138510660893715,80.40442304140318</coordinates>
                <altitudeMode>absolute</altitudeMode>
            </Point>
        </Placemark>
        <Placemark id="943">
            <name>06:55:52</name>
            <description>UTC: 2026-03-22 06:55:52
Satellites used: 6
Speed: 30.3 m/s  (109.2 km/h)</description>
            <Point id="942">
                <coordinates>34.81979637992447,32.13849023494578,61.085479618861775</coordinates>
                <altitudeMode>absolute</altitudeMode>
            </Point>
        </Placemark>
        <Placemark id="945">
            <name>06:55:53</name>
            <description>UTC: 2026-03-22 06:55:53
Satellites used: 6
Speed: 30.5 m/s  (109.7 km/h)</description>
            <Point id="944">
                <coordinates>34.820054156101634,32.138381352091464,41.516014721345634</coordinates>
                <altitudeMode>absolute</altitudeMode>
            </Point>
        </Placemark>
        <Placemark id="947">
            <name>06:55:54</name>
            <description>UTC: 2026-03-22 06:55:54
Satellites used: 5
Speed: 48.1 m/s  (173.2 km/h)</description>
            <Point id="946">
                <coordinates>34.820527394127474,32.13837007374276,-24.057446329922758</coordinates>
                <altitudeMode>absolute</altitudeMode>
            </Point>
        </Placemark>
        <Placemark id="949">
            <name>06:56:37</name>
            <description>UTC: 2026-03-22 06:56:37
Satellites used: 8
Speed: 0.0 m/s  (0.0 km/h)</description>
            <Point id="948">
                <coordinates>34.8321855134513,32.13524447616681,93.34181306025947</coordinates>
                <altitudeMode>absolute</altitudeMode>
            </Point>
        </Placemark>
        <Placemark id="951">
            <name>06:56:38</name>
            <description>UTC: 2026-03-22 06:56:38
Satellites used: 8
Speed: 10.9 m/s  (39.1 km/h)</description>
            <Point id="950">
                <coordinates>34.83237201256812,32.13505905016131,91.05978560094371</coordinates>
                <altitudeMode>absolute</altitudeMode>
            </Point>
        </Placemark>
        <Placemark id="953">
            <name>06:56:39</name>
            <description>UTC: 2026-03-22 06:56:39
Satellites used: 8
Speed: 24.2 m/s  (86.9 km/h)</description>
            <Point id="952">
                <coordinates>34.83270767154293,32.13482482877754,72.57593646125437</coordinates>
                <altitudeMode>absolute</altitudeMode>
            </Point>
        </Placemark>
        <Placemark id="955">
            <name>06:56:40</name>
            <description>UTC: 2026-03-22 06:56:40
Satellites used: 8
Speed: 21.6 m/s  (77.8 km/h)</description>
            <Point id="954">
                <coordinates>34.83289021054365,32.134732523113136,83.81460231965487</coordinates>
                <altitudeMode>absolute</altitudeMode>
            </Point>
        </Placemark>
        <Placemark id="957">
            <name>06:56:41</name>
            <description>UTC: 2026-03-22 06:56:41
Satellites used: 5
Speed: 24.4 m/s  (87.9 km/h)</description>
            <Point id="956">
                <coordinates>34.833067429119346,32.134521738202544,92.48318900392223</coordinates>
                <altitudeMode>absolute</altitudeMode>
            </Point>
        </Placemark>
        <Placemark id="959">
            <name>06:56:42</name>
            <description>UTC: 2026-03-22 06:56:42
Satellites used: 8
Speed: 25.7 m/s  (92.5 km/h)</description>
            <Point id="958">
                <coordinates>34.833355909828725,32.13443325155512,96.67552163280986</coordinates>
                <altitudeMode>absolute</altitudeMode>
            </Point>
        </Placemark>
        <Placemark id="961">
            <name>06:56:43</name>
            <description>UTC: 2026-03-22 06:56:43
Satellites used: 8
Speed: 27.5 m/s  (98.9 km/h)</description>
            <Point id="960">
                <coordinates>34.83362499422913,32.13428313199335,86.024638376013</coordinates>
                <altitudeMode>absolute</altitudeMode>
            </Point>
        </Placemark>
        <Placemark id="963">
            <name>06:56:44</name>
            <description>UTC: 2026-03-22 06:56:44
Satellites used: 8
Speed: 27.5 m/s  (99.0 km/h)</description>
            <Point id="962">
                <coordinates>34.83384529680536,32.134123011349985,81.67561983881316</coordinates>
                <altitudeMode>absolute</altitudeMode>
            </Point>
        </Placemark>
        <Placemark id="965">
            <name>06:56:45</name>
            <description>UTC: 2026-03-22 06:56:45
Satellites used: 8
Speed: 34.2 m/s  (123.1 km/h)</description>
            <Point id="964">
                <coordinates>34.8340915356456,32.13386137743513,50.165332425882504</coordinates>
                <altitudeMode>absolute</altitudeMode>
            </Point>
        </Placemark>
        <Placemark id="967">
            <name>06:56:46</name>
            <description>UTC: 2026-03-22 06:56:46
Satellites used: 8
Speed: 19.5 m/s  (70.2 km/h)</description>
            <Point id="966">
                <coordinates>34.83419466509054,32.13398038232395,83.2328686769543</coordinates>
                <altitudeMode>absolute</altitudeMode>
            </Point>
        </Placemark>
        <Placemark id="969">
            <name>06:56:47</name>
            <description>UTC: 2026-03-22 06:56:47
Satellites used: 8
Speed: 27.4 m/s  (98.7 km/h)</description>
            <Point id="968">
                <coordinates>34.83447326380864,32.13373751567143,98.56203867327949</coordinates>
                <altitudeMode>absolute</altitudeMode>
            </Point>
        </Placemark>
        <Placemark id="971">
            <name>06:56:48</name>
            <description>UTC: 2026-03-22 06:56:48
Satellites used: 8
Speed: 27.9 m/s  (100.6 km/h)</description>
            <Point id="970">
                <coordinates>34.83471204442468,32.13354783927393,91.3869366514459</coordinates>
                <altitudeMode>absolute</altitudeMode>
            </Point>
        </Placemark>
        <Placemark id="973">
            <name>06:56:50</name>
            <description>UTC: 2026-03-22 06:56:50
Satellites used: 6
Speed: 27.6 m/s  (99.4 km/h)</description>
            <Point id="972">
                <coordinates>34.835140121712314,32.13324495902798,107.5096585429095</coordinates>
                <altitudeMode>absolute</altitudeMode>
            </Point>
        </Placemark>
        <Placemark id="975">
            <name>06:56:51</name>
            <description>UTC: 2026-03-22 06:56:51
Satellites used: 6
Speed: 24.4 m/s  (87.9 km/h)</description>
            <Point id="974">
                <coordinates>34.83539178462988,32.13324878443548,104.90719301133403</coordinates>
                <altitudeMode>absolute</altitudeMode>
            </Point>
        </Placemark>
        <Placemark id="977">
            <name>06:56:52</name>
            <description>UTC: 2026-03-22 06:56:52
Satellites used: 7
Speed: 27.7 m/s  (99.6 km/h)</description>
            <Point id="976">
                <coordinates>34.83563296699608,32.13302058391209,100.37186026678165</coordinates>
                <altitudeMode>absolute</altitudeMode>
            </Point>
        </Placemark>
        <Placemark id="979">
            <name>06:56:53</name>
            <description>UTC: 2026-03-22 06:56:53
Satellites used: 6
Speed: 25.5 m/s  (91.7 km/h)</description>
            <Point id="978">
                <coordinates>34.83587052577446,32.13297113085455,107.47833510858526</coordinates>
                <altitudeMode>absolute</altitudeMode>
            </Point>
        </Placemark>
        <Placemark id="981">
            <name>06:56:54</name>
            <description>UTC: 2026-03-22 06:56:54
Satellites used: 6
Speed: 24.7 m/s  (88.8 km/h)</description>
            <Point id="980">
                <coordinates>34.83605906591473,32.13283058421225,110.36864944743795</coordinates>
                <altitudeMode>absolute</altitudeMode>
            </Point>
        </Placemark>
        <Placemark id="983">
            <name>06:56:55</name>
            <description>UTC: 2026-03-22 06:56:55
Satellites used: 5
Speed: 26.0 m/s  (93.5 km/h)</description>
            <Point id="982">
                <coordinates>34.83629759822026,32.13274285831734,128.44559376052968</coordinates>
                <altitudeMode>absolute</altitudeMode>
            </Point>
        </Placemark>
        <Placemark id="985">
            <name>06:56:56</name>
            <description>UTC: 2026-03-22 06:56:56
Satellites used: 5
Speed: 26.1 m/s  (94.1 km/h)</description>
            <Point id="984">
                <coordinates>34.83653099317889,32.132583266901634,124.54387081656999</coordinates>
                <altitudeMode>absolute</altitudeMode>
            </Point>
        </Placemark>
        <Placemark id="987">
            <name>06:56:57</name>
            <description>UTC: 2026-03-22 06:56:57
Satellites used: 5
Speed: 26.6 m/s  (95.8 km/h)</description>
            <Point id="986">
                <coordinates>34.836776553828386,32.13245068043511,113.28562201605692</coordinates>
                <altitudeMode>absolute</altitudeMode>
            </Point>
        </Placemark>
        <Placemark id="989">
            <name>06:56:58</name>
            <description>UTC: 2026-03-22 06:56:58
Satellites used: 7
Speed: 30.2 m/s  (108.8 km/h)</description>
            <Point id="988">
                <coordinates>34.83709782561769,32.132291165613395,106.22385909441304</coordinates>
                <altitudeMode>absolute</altitudeMode>
            </Point>
        </Placemark>
        <Placemark id="991">
            <name>06:56:59</name>
            <description>UTC: 2026-03-22 06:56:59
Satellites used: 8
Speed: 30.9 m/s  (111.4 km/h)</description>
            <Point id="990">
                <coordinates>34.837363868167486,32.132141337564406,93.62544086305464</coordinates>
                <altitudeMode>absolute</altitudeMode>
            </Point>
        </Placemark>
        <Placemark id="993">
            <name>06:57:00</name>
            <description>UTC: 2026-03-22 06:57:00
Satellites used: 8
Speed: 25.3 m/s  (91.1 km/h)</description>
            <Point id="992">
                <coordinates>34.837558075206495,32.13210159258446,101.08676076497554</coordinates>
                <altitudeMode>absolute</altitudeMode>
            </Point>
        </Placemark>
        <Placemark id="995">
            <name>06:57:01</name>
            <description>UTC: 2026-03-22 06:57:01
Satellites used: 8
Speed: 29.5 m/s  (106.4 km/h)</description>
            <Point id="994">
                <coordinates>34.83788227374095,32.13194298550817,93.09309134039086</coordinates>
                <altitudeMode>absolute</altitudeMode>
            </Point>
        </Placemark>
        <Placemark id="997">
            <name>06:57:02</name>
            <description>UTC: 2026-03-22 06:57:02
Satellites used: 8
Speed: 26.4 m/s  (95.2 km/h)</description>
            <Point id="996">
                <coordinates>34.83809024110158,32.13185014696458,101.74310360578077</coordinates>
                <altitudeMode>absolute</altitudeMode>
            </Point>
        </Placemark>
        <Placemark id="999">
            <name>06:57:03</name>
            <description>UTC: 2026-03-22 06:57:03
Satellites used: 8
Speed: 22.8 m/s  (82.1 km/h)</description>
            <Point id="998">
                <coordinates>34.83825028267411,32.13177677506522,105.62535194653539</coordinates>
                <altitudeMode>absolute</altitudeMode>
            </Point>
        </Placemark>
        <Placemark id="1001">
            <name>06:57:04</name>
            <description>UTC: 2026-03-22 06:57:04
Satellites used: 7
Speed: 32.2 m/s  (115.8 km/h)</description>
            <Point id="1000">
                <coordinates>34.83869220906565,32.131702566757916,75.38781488599011</coordinates>
                <altitudeMode>absolute</altitudeMode>
            </Point>
        </Placemark>
        <Placemark id="1003">
            <name>06:57:05</name>
            <description>UTC: 2026-03-22 06:57:05
Satellites used: 6
Speed: 23.7 m/s  (85.5 km/h)</description>
            <Point id="1002">
                <coordinates>34.83878131285032,32.131580804339464,100.98574062261667</coordinates>
                <altitudeMode>absolute</altitudeMode>
            </Point>
        </Placemark>
        <Placemark id="1005">
            <name>06:57:06</name>
            <description>UTC: 2026-03-22 06:57:06
Satellites used: 7
Speed: 24.9 m/s  (89.5 km/h)</description>
            <Point id="1004">
                <coordinates>34.83904804359519,32.131497073005946,89.22938312664068</coordinates>
                <altitudeMode>absolute</altitudeMode>
            </Point>
        </Placemark>
        <Placemark id="1007">
            <name>06:57:07</name>
            <description>UTC: 2026-03-22 06:57:07
Satellites used: 7
Speed: 30.3 m/s  (109.0 km/h)</description>
            <Point id="1006">
                <coordinates>34.839340545978494,32.13124490318399,83.90956506553968</coordinates>
                <altitudeMode>absolute</altitudeMode>
            </Point>
        </Placemark>
        <Placemark id="1009">
            <name>06:57:08</name>
            <description>UTC: 2026-03-22 06:57:08
Satellites used: 6
Speed: 27.1 m/s  (97.6 km/h)</description>
            <Point id="1008">
                <coordinates>34.83961938221684,32.13125837205546,86.73423302219251</coordinates>
                <altitudeMode>absolute</altitudeMode>
            </Point>
        </Placemark>
        <Placemark id="1011">
            <name>06:57:09</name>
            <description>UTC: 2026-03-22 06:57:09
Satellites used: 5
Speed: 27.5 m/s  (98.9 km/h)</description>
            <Point id="1010">
                <coordinates>34.83988182995274,32.13114568207032,80.85982662707305</coordinates>
                <altitudeMode>absolute</altitudeMode>
            </Point>
        </Placemark>
        <Placemark id="1013">
            <name>06:57:10</name>
            <description>UTC: 2026-03-22 06:57:10
Satellites used: 6
Speed: 23.1 m/s  (83.3 km/h)</description>
            <Point id="1012">
                <coordinates>34.84002692043443,32.131071144522096,95.80204168058098</coordinates>
                <altitudeMode>absolute</altitudeMode>
            </Point>
        </Placemark>
        <Placemark id="1015">
            <name>06:57:11</name>
            <description>UTC: 2026-03-22 06:57:11
Satellites used: 7
Speed: 22.7 m/s  (81.6 km/h)</description>
            <Point id="1014">
                <coordinates>34.84025603120568,32.131021705272424,81.95583908041445</coordinates>
                <altitudeMode>absolute</altitudeMode>
            </Point>
        </Placemark>
        <Placemark id="1017">
            <name>06:57:12</name>
            <description>UTC: 2026-03-22 06:57:12
Satellites used: 7
Speed: 26.5 m/s  (95.3 km/h)</description>
            <Point id="1016">
                <coordinates>34.840556501320904,32.13088308103142,93.41782939706124</coordinates>
                <altitudeMode>absolute</altitudeMode>
            </Point>
        </Placemark>
        <Placemark id="1019">
            <name>06:57:13</name>
            <description>UTC: 2026-03-22 06:57:13
Satellites used: 7
Speed: 26.4 m/s  (95.1 km/h)</description>
            <Point id="1018">
                <coordinates>34.84083005793738,32.13084807505874,77.42513610184712</coordinates>
                <altitudeMode>absolute</altitudeMode>
            </Point>
        </Placemark>
        <Placemark id="1021">
            <name>06:57:14</name>
            <description>UTC: 2026-03-22 06:57:14
Satellites used: 8
Speed: 27.2 m/s  (98.0 km/h)</description>
            <Point id="1020">
                <coordinates>34.841036595818835,32.13062115809508,90.58908953564702</coordinates>
                <altitudeMode>absolute</altitudeMode>
            </Point>
        </Placemark>
        <Placemark id="1023">
            <name>06:57:38</name>
            <description>UTC: 2026-03-22 06:57:38
Satellites used: 6
Speed: 0.0 m/s  (0.0 km/h)</description>
            <Point id="1022">
                <coordinates>34.8464828703179,32.1283263466955,88.86961695139156</coordinates>
                <altitudeMode>absolute</altitudeMode>
            </Point>
        </Placemark>
        <Placemark id="1025">
            <name>06:57:39</name>
            <description>UTC: 2026-03-22 06:57:39
Satellites used: 4
Speed: 6.7 m/s  (24.2 km/h)</description>
            <Point id="1024">
                <coordinates>34.84658479909303,32.128270292091464,101.204904791765</coordinates>
                <altitudeMode>absolute</altitudeMode>
            </Point>
        </Placemark>
        <Placemark id="1027">
            <name>06:57:40</name>
            <description>UTC: 2026-03-22 06:57:40
Satellites used: 6
Speed: 14.6 m/s  (52.4 km/h)</description>
            <Point id="1026">
                <coordinates>34.84685880972281,32.12819147521953,80.77170465656637</coordinates>
                <altitudeMode>absolute</altitudeMode>
            </Point>
        </Placemark>
        <Placemark id="1029">
            <name>06:57:41</name>
            <description>UTC: 2026-03-22 06:57:41
Satellites used: 7
Speed: 17.3 m/s  (62.2 km/h)</description>
            <Point id="1028">
                <coordinates>34.847075280375336,32.12813716092555,77.04416595191145</coordinates>
                <altitudeMode>absolute</altitudeMode>
            </Point>
        </Placemark>
        <Placemark id="1031">
            <name>06:57:42</name>
            <description>UTC: 2026-03-22 06:57:42
Satellites used: 6
Speed: 22.5 m/s  (80.9 km/h)</description>
            <Point id="1030">
                <coordinates>34.84733615891612,32.12795493475743,78.87863436512788</coordinates>
                <altitudeMode>absolute</altitudeMode>
            </Point>
        </Placemark>
        <Placemark id="1033">
            <name>06:57:43</name>
            <description>UTC: 2026-03-22 06:57:43
Satellites used: 6
Speed: 20.6 m/s  (74.2 km/h)</description>
            <Point id="1032">
                <coordinates>34.84754280463707,32.12807803232,99.21841675352464</coordinates>
                <altitudeMode>absolute</altitudeMode>
            </Point>
        </Placemark>
        <Placemark id="1035">
            <name>06:57:47</name>
            <description>UTC: 2026-03-22 06:57:47
Satellites used: 4
Speed: 0.0 m/s  (0.0 km/h)</description>
            <Point id="1034">
                <coordinates>34.848727749581435,32.12763496257122,-17.360929546221104</coordinates>
                <altitudeMode>absolute</altitudeMode>
            </Point>
        </Placemark>
        <Placemark id="1037">
            <name>06:57:50</name>
            <description>UTC: 2026-03-22 06:57:50
Satellites used: 7
Speed: 0.0 m/s  (0.0 km/h)</description>
            <Point id="1036">
                <coordinates>34.84909668908503,32.12738182876403,119.68141344760998</coordinates>
                <altitudeMode>absolute</altitudeMode>
            </Point>
        </Placemark>
        <Placemark id="1039">
            <name>06:57:51</name>
            <description>UTC: 2026-03-22 06:57:51
Satellites used: 4
Speed: 24.8 m/s  (89.3 km/h)</description>
            <Point id="1038">
                <coordinates>34.84944680940499,32.127060091104305,81.23492885039148</coordinates>
                <altitudeMode>absolute</altitudeMode>
            </Point>
        </Placemark>
        <Placemark id="1041">
            <name>06:57:53</name>
            <description>UTC: 2026-03-22 06:57:53
Satellites used: 7
Speed: 26.2 m/s  (94.4 km/h)</description>
            <Point id="1040">
                <coordinates>34.849993879153025,32.12679541844023,67.03738030965535</coordinates>
                <altitudeMode>absolute</altitudeMode>
            </Point>
        </Placemark>
        <Placemark id="1043">
            <name>06:57:54</name>
            <description>UTC: 2026-03-22 06:57:54
Satellites used: 6
Speed: 27.1 m/s  (97.6 km/h)</description>
            <Point id="1042">
                <coordinates>34.850215497150856,32.12675949627913,45.13841322051008</coordinates>
                <altitudeMode>absolute</altitudeMode>
            </Point>
        </Placemark>
        <Placemark id="1045">
            <name>06:57:55</name>
            <description>UTC: 2026-03-22 06:57:55
Satellites used: 7
Speed: 22.2 m/s  (79.8 km/h)</description>
            <Point id="1044">
                <coordinates>34.850430663231116,32.126670749906275,67.01261451678869</coordinates>
                <altitudeMode>absolute</altitudeMode>
            </Point>
        </Placemark>
        <Placemark id="1047">
            <name>06:57:56</name>
            <description>UTC: 2026-03-22 06:57:56
Satellites used: 7
Speed: 25.3 m/s  (91.2 km/h)</description>
            <Point id="1046">
                <coordinates>34.85070132428857,32.12652704248932,71.47821263324167</coordinates>
                <altitudeMode>absolute</altitudeMode>
            </Point>
        </Placemark>
        <Placemark id="1049">
            <name>06:57:57</name>
            <description>UTC: 2026-03-22 06:57:57
Satellites used: 7
Speed: 26.6 m/s  (95.6 km/h)</description>
            <Point id="1048">
                <coordinates>34.85097409718173,32.12641770879391,67.57481556257405</coordinates>
                <altitudeMode>absolute</altitudeMode>
            </Point>
        </Placemark>
        <Placemark id="1051">
            <name>06:57:58</name>
            <description>UTC: 2026-03-22 06:57:58
Satellites used: 7
Speed: 28.5 m/s  (102.6 km/h)</description>
            <Point id="1050">
                <coordinates>34.85125184982822,32.12635109724831,43.784395583564866</coordinates>
                <altitudeMode>absolute</altitudeMode>
            </Point>
        </Placemark>
        <Placemark id="1053">
            <name>06:57:59</name>
            <description>UTC: 2026-03-22 06:57:59
Satellites used: 6
Speed: 25.2 m/s  (90.8 km/h)</description>
            <Point id="1052">
                <coordinates>34.85145053442864,32.1262236498808,59.25125769975801</coordinates>
                <altitudeMode>absolute</altitudeMode>
            </Point>
        </Placemark>
        <Placemark id="1055">
            <name>06:58:00</name>
            <description>UTC: 2026-03-22 06:58:00
Satellites used: 8
Speed: 27.3 m/s  (98.2 km/h)</description>
            <Point id="1054">
                <coordinates>34.85162252778685,32.12618650156764,100.33992534429171</coordinates>
                <altitudeMode>absolute</altitudeMode>
            </Point>
        </Placemark>
        <Placemark id="1057">
            <name>06:58:01</name>
            <description>UTC: 2026-03-22 06:58:01
Satellites used: 7
Speed: 25.9 m/s  (93.2 km/h)</description>
            <Point id="1056">
                <coordinates>34.8518957224032,32.126015259707806,67.19047998323217</coordinates>
                <altitudeMode>absolute</altitudeMode>
            </Point>
        </Placemark>
        <Placemark id="1059">
            <name>06:58:02</name>
            <description>UTC: 2026-03-22 06:58:02
Satellites used: 7
Speed: 26.4 m/s  (95.2 km/h)</description>
            <Point id="1058">
                <coordinates>34.85216198534346,32.125923422047194,62.854518558590144</coordinates>
                <altitudeMode>absolute</altitudeMode>
            </Point>
        </Placemark>
        <Placemark id="1061">
            <name>06:58:03</name>
            <description>UTC: 2026-03-22 06:58:03
Satellites used: 5
Speed: 24.8 m/s  (89.4 km/h)</description>
            <Point id="1060">
                <coordinates>34.851876004759916,32.1258936379314,126.33140485963537</coordinates>
                <altitudeMode>absolute</altitudeMode>
            </Point>
        </Placemark>
        <Placemark id="1063">
            <name>06:58:04</name>
            <description>UTC: 2026-03-22 06:58:04
Satellites used: 4
Speed: 26.4 m/s  (95.0 km/h)</description>
            <Point id="1062">
                <coordinates>34.852396270745814,32.12567092592625,98.75179133167092</coordinates>
                <altitudeMode>absolute</altitudeMode>
            </Point>
        </Placemark>
        <Placemark id="1065">
            <name>06:58:05</name>
            <description>UTC: 2026-03-22 06:58:05
Satellites used: 5
Speed: 32.2 m/s  (115.8 km/h)</description>
            <Point id="1064">
                <coordinates>34.85254693525079,32.1255553448474,149.79702131716357</coordinates>
                <altitudeMode>absolute</altitudeMode>
            </Point>
        </Placemark>
        <Placemark id="1067">
            <name>06:58:06</name>
            <description>UTC: 2026-03-22 06:58:06
Satellites used: 4
Speed: 31.4 m/s  (112.9 km/h)</description>
            <Point id="1066">
                <coordinates>34.85301198545912,32.12547184710049,108.56892096984451</coordinates>
                <altitudeMode>absolute</altitudeMode>
            </Point>
        </Placemark>
        <Placemark id="1069">
            <name>06:58:12</name>
            <description>UTC: 2026-03-22 06:58:12
Satellites used: 5
Speed: 27.6 m/s  (99.3 km/h)</description>
            <Point id="1068">
                <coordinates>34.854262234045855,32.124922284730914,120.66564059418909</coordinates>
                <altitudeMode>absolute</altitudeMode>
            </Point>
        </Placemark>
        <Placemark id="1071">
            <name>06:58:14</name>
            <description>UTC: 2026-03-22 06:58:14
Satellites used: 5
Speed: 26.6 m/s  (95.8 km/h)</description>
            <Point id="1070">
                <coordinates>34.85477317887432,32.12482138617678,104.43527094925743</coordinates>
                <altitudeMode>absolute</altitudeMode>
            </Point>
        </Placemark>
        <Placemark id="1073">
            <name>06:58:15</name>
            <description>UTC: 2026-03-22 06:58:15
Satellites used: 4
Speed: 27.0 m/s  (97.3 km/h)</description>
            <Point id="1072">
                <coordinates>34.85492273913055,32.12461340673404,134.91545915145775</coordinates>
                <altitudeMode>absolute</altitudeMode>
            </Point>
        </Placemark>
        <Placemark id="1075">
            <name>06:58:17</name>
            <description>UTC: 2026-03-22 06:58:17
Satellites used: 4
Speed: 27.8 m/s  (100.2 km/h)</description>
            <Point id="1074">
                <coordinates>34.85545068993551,32.12437829823195,151.1931059755179</coordinates>
                <altitudeMode>absolute</altitudeMode>
            </Point>
        </Placemark>
        <Placemark id="1077">
            <name>06:58:18</name>
            <description>UTC: 2026-03-22 06:58:18
Satellites used: 4
Speed: 22.8 m/s  (81.9 km/h)</description>
            <Point id="1076">
                <coordinates>34.85564390658009,32.124358941064386,131.40789815993858</coordinates>
                <altitudeMode>absolute</altitudeMode>
            </Point>
        </Placemark>
        <Placemark id="1079">
            <name>06:58:34</name>
            <description>UTC: 2026-03-22 06:58:34
Satellites used: 6
Speed: 0.0 m/s  (0.0 km/h)</description>
            <Point id="1078">
                <coordinates>34.8599927492017,32.12262367293228,52.99107554878391</coordinates>
                <altitudeMode>absolute</altitudeMode>
            </Point>
        </Placemark>
        <Placemark id="1081">
            <name>06:58:35</name>
            <description>UTC: 2026-03-22 06:58:35
Satellites used: 6
Speed: 11.8 m/s  (42.3 km/h)</description>
            <Point id="1080">
                <coordinates>34.860230974208875,32.12251512478312,67.62965180385046</coordinates>
                <altitudeMode>absolute</altitudeMode>
            </Point>
        </Placemark>
        <Placemark id="1083">
            <name>06:58:36</name>
            <description>UTC: 2026-03-22 06:58:36
Satellites used: 6
Speed: 19.8 m/s  (71.2 km/h)</description>
            <Point id="1082">
                <coordinates>34.86050954916925,32.12234680152719,72.59399992915131</coordinates>
                <altitudeMode>absolute</altitudeMode>
            </Point>
        </Placemark>
        <Placemark id="1085">
            <name>06:58:37</name>
            <description>UTC: 2026-03-22 06:58:37
Satellites used: 6
Speed: 22.5 m/s  (81.1 km/h)</description>
            <Point id="1084">
                <coordinates>34.86073350789699,32.122240528709845,44.39520203961522</coordinates>
                <altitudeMode>absolute</altitudeMode>
            </Point>
        </Placemark>
        <Placemark id="1087">
            <name>06:58:38</name>
            <description>UTC: 2026-03-22 06:58:38
Satellites used: 6
Speed: 22.0 m/s  (79.3 km/h)</description>
            <Point id="1086">
                <coordinates>34.86094829278785,32.12215209331447,45.818003719650434</coordinates>
                <altitudeMode>absolute</altitudeMode>
            </Point>
        </Placemark>
        <Placemark id="1089">
            <name>06:58:39</name>
            <description>UTC: 2026-03-22 06:58:39
Satellites used: 6
Speed: 21.2 m/s  (76.2 km/h)</description>
            <Point id="1088">
                <coordinates>34.86113417088073,32.12208742627908,65.27442189904328</coordinates>
                <altitudeMode>absolute</altitudeMode>
            </Point>
        </Placemark>
        <Placemark id="1091">
            <name>06:58:40</name>
            <description>UTC: 2026-03-22 06:58:40
Satellites used: 6
Speed: 23.3 m/s  (83.8 km/h)</description>
            <Point id="1090">
                <coordinates>34.8613753666846,32.12194989219471,53.91193652258131</coordinates>
                <altitudeMode>absolute</altitudeMode>
            </Point>
        </Placemark>
        <Placemark id="1093">
            <name>06:58:41</name>
            <description>UTC: 2026-03-22 06:58:41
Satellites used: 6
Speed: 24.0 m/s  (86.6 km/h)</description>
            <Point id="1092">
                <coordinates>34.86161577384611,32.12184869283086,56.91302139226783</coordinates>
                <altitudeMode>absolute</altitudeMode>
            </Point>
        </Placemark>
        <Placemark id="1095">
            <name>06:58:42</name>
            <description>UTC: 2026-03-22 06:58:42
Satellites used: 5
Speed: 30.7 m/s  (110.6 km/h)</description>
            <Point id="1094">
                <coordinates>34.86201023900393,32.12173940148644,39.346375687335765</coordinates>
                <altitudeMode>absolute</altitudeMode>
            </Point>
        </Placemark>
        <Placemark id="1097">
            <name>06:58:43</name>
            <description>UTC: 2026-03-22 06:58:43
Satellites used: 6
Speed: 22.4 m/s  (80.7 km/h)</description>
            <Point id="1096">
                <coordinates>34.86195289011412,32.1216755873563,84.76011267935704</coordinates>
                <altitudeMode>absolute</altitudeMode>
            </Point>
        </Placemark>
        <Placemark id="1099">
            <name>06:58:44</name>
            <description>UTC: 2026-03-22 06:58:44
Satellites used: 5
Speed: 24.8 m/s  (89.3 km/h)</description>
            <Point id="1098">
                <coordinates>34.862307995839124,32.121569445485854,73.84781722100509</coordinates>
                <altitudeMode>absolute</altitudeMode>
            </Point>
        </Placemark>
        <Placemark id="1101">
            <name>06:58:45</name>
            <description>UTC: 2026-03-22 06:58:45
Satellites used: 5
Speed: 30.8 m/s  (111.0 km/h)</description>
            <Point id="1100">
                <coordinates>34.86269340553816,32.121433474591605,54.944886156548996</coordinates>
                <altitudeMode>absolute</altitudeMode>
            </Point>
        </Placemark>
        <Placemark id="1103">
            <name>06:58:46</name>
            <description>UTC: 2026-03-22 06:58:46
Satellites used: 5
Speed: 24.7 m/s  (88.8 km/h)</description>
            <Point id="1102">
                <coordinates>34.86284126401928,32.121363207747635,58.99860055742107</coordinates>
                <altitudeMode>absolute</altitudeMode>
            </Point>
        </Placemark>
        <Placemark id="1105">
            <name>06:58:47</name>
            <description>UTC: 2026-03-22 06:58:47
Satellites used: 5
Speed: 27.2 m/s  (97.8 km/h)</description>
            <Point id="1104">
                <coordinates>34.863148126175865,32.12127670278494,70.3576068802793</coordinates>
                <altitudeMode>absolute</altitudeMode>
            </Point>
        </Placemark>
        <Placemark id="1107">
            <name>06:58:48</name>
            <description>UTC: 2026-03-22 06:58:48
Satellites used: 4
Speed: 62.4 m/s  (224.7 km/h)</description>
            <Point id="1106">
                <coordinates>34.86398510014764,32.12130880689748,-38.43559559937244</coordinates>
                <altitudeMode>absolute</altitudeMode>
            </Point>
        </Placemark>
        <Placemark id="1109">
            <name>06:58:49</name>
            <description>UTC: 2026-03-22 06:58:49
Satellites used: 6
Speed: 26.6 m/s  (95.7 km/h)</description>
            <Point id="1108">
                <coordinates>34.863643211098676,32.12120046906476,74.971617884451</coordinates>
                <altitudeMode>absolute</altitudeMode>
            </Point>
        </Placemark>
        <Placemark id="1111">
            <name>06:58:50</name>
            <description>UTC: 2026-03-22 06:58:50
Satellites used: 4
Speed: 22.4 m/s  (80.7 km/h)</description>
            <Point id="1110">
                <coordinates>34.863964272540386,32.12116064951399,54.10530905313474</coordinates>
                <altitudeMode>absolute</altitudeMode>
            </Point>
        </Placemark>
        <Placemark id="1113">
            <name>06:58:51</name>
            <description>UTC: 2026-03-22 06:58:51
Satellites used: 4
Speed: 23.8 m/s  (85.6 km/h)</description>
            <Point id="1112">
                <coordinates>34.86409393931639,32.12101667326723,78.96369704831973</coordinates>
                <altitudeMode>absolute</altitudeMode>
            </Point>
        </Placemark>
        <Placemark id="1115">
            <name>06:58:52</name>
            <description>UTC: 2026-03-22 06:58:52
Satellites used: 6
Speed: 22.6 m/s  (81.3 km/h)</description>
            <Point id="1114">
                <coordinates>34.86439305651594,32.12103472591989,66.1148808874726</coordinates>
                <altitudeMode>absolute</altitudeMode>
            </Point>
        </Placemark>
        <Placemark id="1117">
            <name>06:58:53</name>
            <description>UTC: 2026-03-22 06:58:53
Satellites used: 8
Speed: 25.3 m/s  (91.2 km/h)</description>
            <Point id="1116">
                <coordinates>34.86469799812044,32.12098486688309,56.328564752205004</coordinates>
                <altitudeMode>absolute</altitudeMode>
            </Point>
        </Placemark>
        <Placemark id="1119">
            <name>06:58:54</name>
            <description>UTC: 2026-03-22 06:58:54
Satellites used: 6
Speed: 26.6 m/s  (95.6 km/h)</description>
            <Point id="1118">
                <coordinates>34.86498547214535,32.12091473148967,67.70989599902983</coordinates>
                <altitudeMode>absolute</altitudeMode>
            </Point>
        </Placemark>
        <Placemark id="1121">
            <name>06:58:55</name>
            <description>UTC: 2026-03-22 06:58:55
Satellites used: 8
Speed: 25.7 m/s  (92.7 km/h)</description>
            <Point id="1120">
                <coordinates>34.86525125322414,32.1209132023387,66.8660554975127</coordinates>
                <altitudeMode>absolute</altitudeMode>
            </Point>
        </Placemark>
        <Placemark id="1123">
            <name>06:58:56</name>
            <description>UTC: 2026-03-22 06:58:56
Satellites used: 6
Speed: 39.2 m/s  (141.3 km/h)</description>
            <Point id="1122">
                <coordinates>34.86575193478089,32.12084812835987,18.110322780892133</coordinates>
                <altitudeMode>absolute</altitudeMode>
            </Point>
        </Placemark>
        <Placemark id="1125">
            <name>06:58:57</name>
            <description>UTC: 2026-03-22 06:58:57
Satellites used: 7
Speed: 26.6 m/s  (95.8 km/h)</description>
            <Point id="1124">
                <coordinates>34.86584967681221,32.12085759084772,19.00511480011549</coordinates>
                <altitudeMode>absolute</altitudeMode>
            </Point>
        </Placemark>
        <Placemark id="1127">
            <name>06:58:58</name>
            <description>UTC: 2026-03-22 06:58:58
Satellites used: 6
Speed: 28.6 m/s  (102.9 km/h)</description>
            <Point id="1126">
                <coordinates>34.86598536891847,32.12070593978352,82.74595625216591</coordinates>
                <altitudeMode>absolute</altitudeMode>
            </Point>
        </Placemark>
        <Placemark id="1129">
            <name>06:58:59</name>
            <description>UTC: 2026-03-22 06:58:59
Satellites used: 5
Speed: 29.2 m/s  (105.0 km/h)</description>
            <Point id="1128">
                <coordinates>34.866439462618764,32.120756659326666,47.86513411601717</coordinates>
                <altitudeMode>absolute</altitudeMode>
            </Point>
        </Placemark>
        <Placemark id="1131">
            <name>06:59:00</name>
            <description>UTC: 2026-03-22 06:59:00
Satellites used: 4
Speed: 28.4 m/s  (102.1 km/h)</description>
            <Point id="1130">
                <coordinates>34.86666628074031,32.12066997758414,26.38990177255619</coordinates>
                <altitudeMode>absolute</altitudeMode>
            </Point>
        </Placemark>
        <Placemark id="1133">
            <name>06:59:04</name>
            <description>UTC: 2026-03-22 06:59:04
Satellites used: 5
Speed: 0.0 m/s  (0.0 km/h)</description>
            <Point id="1132">
                <coordinates>34.86782705883933,32.12047190767677,7.11467192438593</coordinates>
                <altitudeMode>absolute</altitudeMode>
            </Point>
        </Placemark>
        <Placemark id="1135">
            <name>06:59:30</name>
            <description>UTC: 2026-03-22 06:59:30
Satellites used: 6
Speed: 9.5 m/s  (34.2 km/h)</description>
            <Point id="1134">
                <coordinates>34.87377717725733,32.11819868504706,52.05229415720364</coordinates>
                <altitudeMode>absolute</altitudeMode>
            </Point>
        </Placemark>
        <Placemark id="1137">
            <name>06:59:31</name>
            <description>UTC: 2026-03-22 06:59:31
Satellites used: 6
Speed: 22.3 m/s  (80.4 km/h)</description>
            <Point id="1136">
                <coordinates>34.87377904804718,32.11805765046636,100.87921802810733</coordinates>
                <altitudeMode>absolute</altitudeMode>
            </Point>
        </Placemark>
        <Placemark id="1139">
            <name>06:59:32</name>
            <description>UTC: 2026-03-22 06:59:32
Satellites used: 6
Speed: 24.5 m/s  (88.3 km/h)</description>
            <Point id="1138">
                <coordinates>34.8742701531083,32.11802304050231,47.77526617576292</coordinates>
                <altitudeMode>absolute</altitudeMode>
            </Point>
        </Placemark>
        <Placemark id="1141">
            <name>06:59:33</name>
            <description>UTC: 2026-03-22 06:59:33
Satellites used: 6
Speed: 19.6 m/s  (70.6 km/h)</description>
            <Point id="1140">
                <coordinates>34.87441415143172,32.117963155975225,62.606305331294244</coordinates>
                <altitudeMode>absolute</altitudeMode>
            </Point>
        </Placemark>
        <Placemark id="1143">
            <name>06:59:34</name>
            <description>UTC: 2026-03-22 06:59:34
Satellites used: 6
Speed: 22.2 m/s  (79.9 km/h)</description>
            <Point id="1142">
                <coordinates>34.87467577316868,32.11788814375632,60.79469276129746</coordinates>
                <altitudeMode>absolute</altitudeMode>
            </Point>
        </Placemark>
        <Placemark id="1145">
            <name>06:59:35</name>
            <description>UTC: 2026-03-22 06:59:35
Satellites used: 6
Speed: 24.6 m/s  (88.6 km/h)</description>
            <Point id="1144">
                <coordinates>34.87494824937723,32.11778391137999,64.52760700535568</coordinates>
                <altitudeMode>absolute</altitudeMode>
            </Point>
        </Placemark>
        <Placemark id="1147">
            <name>06:59:36</name>
            <description>UTC: 2026-03-22 06:59:36
Satellites used: 6
Speed: 25.3 m/s  (90.9 km/h)</description>
            <Point id="1146">
                <coordinates>34.875192036450755,32.11769842844934,76.0226980406514</coordinates>
                <altitudeMode>absolute</altitudeMode>
            </Point>
        </Placemark>
        <Placemark id="1149">
            <name>06:59:37</name>
            <description>UTC: 2026-03-22 06:59:37
Satellites used: 5
Speed: 23.0 m/s  (83.0 km/h)</description>
            <Point id="1148">
                <coordinates>34.87538409838377,32.11763197019737,78.83162279955732</coordinates>
                <altitudeMode>absolute</altitudeMode>
            </Point>
        </Placemark>
        <Placemark id="1151">
            <name>06:59:38</name>
            <description>UTC: 2026-03-22 06:59:38
Satellites used: 7
Speed: 30.8 m/s  (111.0 km/h)</description>
            <Point id="1150">
                <coordinates>34.875826859154515,32.11762009413586,53.04145741760006</coordinates>
                <altitudeMode>absolute</altitudeMode>
            </Point>
        </Placemark>
        <Placemark id="1153">
            <name>06:59:39</name>
            <description>UTC: 2026-03-22 06:59:39
Satellites used: 7
Speed: 21.2 m/s  (76.3 km/h)</description>
            <Point id="1152">
                <coordinates>34.875775384151225,32.11761531788415,99.2708045033523</coordinates>
                <altitudeMode>absolute</altitudeMode>
            </Point>
        </Placemark>
        <Placemark id="1155">
            <name>06:59:40</name>
            <description>UTC: 2026-03-22 06:59:40
Satellites used: 7
Speed: 24.2 m/s  (87.2 km/h)</description>
            <Point id="1154">
                <coordinates>34.87614641703149,32.11754253212501,70.31352286769605</coordinates>
                <altitudeMode>absolute</altitudeMode>
            </Point>
        </Placemark>
        <Placemark id="1157">
            <name>06:59:41</name>
            <description>UTC: 2026-03-22 06:59:41
Satellites used: 7
Speed: 28.4 m/s  (102.1 km/h)</description>
            <Point id="1156">
                <coordinates>34.87648498208651,32.11750667505525,55.599751475989095</coordinates>
                <altitudeMode>absolute</altitudeMode>
            </Point>
        </Placemark>
        <Placemark id="1159">
            <name>06:59:42</name>
            <description>UTC: 2026-03-22 06:59:42
Satellites used: 7
Speed: 31.9 m/s  (115.0 km/h)</description>
            <Point id="1158">
                <coordinates>34.876820459366456,32.11741205383874,37.48036428949062</coordinates>
                <altitudeMode>absolute</altitudeMode>
            </Point>
        </Placemark>
        <Placemark id="1161">
            <name>06:59:43</name>
            <description>UTC: 2026-03-22 06:59:43
Satellites used: 8
Speed: 28.3 m/s  (102.0 km/h)</description>
            <Point id="1160">
                <coordinates>34.87710876935738,32.11749280089408,47.33776263467879</coordinates>
                <altitudeMode>absolute</altitudeMode>
            </Point>
        </Placemark>
        <Placemark id="1163">
            <name>06:59:44</name>
            <description>UTC: 2026-03-22 06:59:44
Satellites used: 5
Speed: 26.8 m/s  (96.5 km/h)</description>
            <Point id="1162">
                <coordinates>34.87736629536307,32.117450860994566,57.89266884316371</coordinates>
                <altitudeMode>absolute</altitudeMode>
            </Point>
        </Placemark>
        <Placemark id="1165">
            <name>06:59:45</name>
            <description>UTC: 2026-03-22 06:59:45
Satellites used: 5
Speed: 29.2 m/s  (105.1 km/h)</description>
            <Point id="1164">
                <coordinates>34.87771599469682,32.11748323928643,57.40122682127919</coordinates>
                <altitudeMode>absolute</altitudeMode>
            </Point>
        </Placemark>
        <Placemark id="1167">
            <name>06:59:46</name>
            <description>UTC: 2026-03-22 06:59:46
Satellites used: 7
Speed: 24.9 m/s  (89.8 km/h)</description>
            <Point id="1166">
                <coordinates>34.877895004506684,32.11738637065029,45.79119344373099</coordinates>
                <altitudeMode>absolute</altitudeMode>
            </Point>
        </Placemark>
        <Placemark id="1169">
            <name>06:59:47</name>
            <description>UTC: 2026-03-22 06:59:47
Satellites used: 7
Speed: 27.0 m/s  (97.2 km/h)</description>
            <Point id="1168">
                <coordinates>34.87821814646206,32.117467152844924,42.7004654133903</coordinates>
                <altitudeMode>absolute</altitudeMode>
            </Point>
        </Placemark>
        <Placemark id="1171">
            <name>06:59:48</name>
            <description>UTC: 2026-03-22 06:59:48
Satellites used: 5
Speed: 21.7 m/s  (78.1 km/h)</description>
            <Point id="1170">
                <coordinates>34.87819274803811,32.11749474666123,86.76041716034396</coordinates>
                <altitudeMode>absolute</altitudeMode>
            </Point>
        </Placemark>
        <Placemark id="1173">
            <name>06:59:49</name>
            <description>UTC: 2026-03-22 06:59:49
Satellites used: 6
Speed: 37.5 m/s  (134.9 km/h)</description>
            <Point id="1172">
                <coordinates>34.8788435824023,32.1173981614769,23.028452828767033</coordinates>
                <altitudeMode>absolute</altitudeMode>
            </Point>
        </Placemark>
        <Placemark id="1175">
            <name>06:59:50</name>
            <description>UTC: 2026-03-22 06:59:50
Satellites used: 6
Speed: 38.0 m/s  (136.8 km/h)</description>
            <Point id="1174">
                <coordinates>34.87916459873632,32.117538093227665,96.27119908532784</coordinates>
                <altitudeMode>absolute</altitudeMode>
            </Point>
        </Placemark>
        <Placemark id="1177">
            <name>06:59:51</name>
            <description>UTC: 2026-03-22 06:59:51
Satellites used: 7
Speed: 27.9 m/s  (100.6 km/h)</description>
            <Point id="1176">
                <coordinates>34.87938009695492,32.11755184159006,57.82741059270721</coordinates>
                <altitudeMode>absolute</altitudeMode>
            </Point>
        </Placemark>
        <Placemark id="1179">
            <name>06:59:52</name>
            <description>UTC: 2026-03-22 06:59:52
Satellites used: 7
Speed: 26.4 m/s  (95.0 km/h)</description>
            <Point id="1178">
                <coordinates>34.87958754328627,32.11760075667948,39.88151091240271</coordinates>
                <altitudeMode>absolute</altitudeMode>
            </Point>
        </Placemark>
        <Placemark id="1181">
            <name>06:59:53</name>
            <description>UTC: 2026-03-22 06:59:53
Satellites used: 6
Speed: 23.6 m/s  (85.0 km/h)</description>
            <Point id="1180">
                <coordinates>34.87981721013252,32.11762522833323,49.06375806868674</coordinates>
                <altitudeMode>absolute</altitudeMode>
            </Point>
        </Placemark>
        <Placemark id="1183">
            <name>06:59:54</name>
            <description>UTC: 2026-03-22 06:59:54
Satellites used: 5
Speed: 24.5 m/s  (88.1 km/h)</description>
            <Point id="1182">
                <coordinates>34.880084678398006,32.117676820242885,54.54774848309996</coordinates>
                <altitudeMode>absolute</altitudeMode>
            </Point>
        </Placemark>
        <Placemark id="1185">
            <name>06:59:55</name>
            <description>UTC: 2026-03-22 06:59:55
Satellites used: 6
Speed: 26.5 m/s  (95.4 km/h)</description>
            <Point id="1184">
                <coordinates>34.88036464329359,32.11777712952252,39.94009398099513</coordinates>
                <altitudeMode>absolute</altitudeMode>
            </Point>
        </Placemark>
        <Placemark id="1187">
            <name>06:59:56</name>
            <description>UTC: 2026-03-22 06:59:56
Satellites used: 6
Speed: 25.1 m/s  (90.2 km/h)</description>
            <Point id="1186">
                <coordinates>34.88059940070526,32.117839648289255,40.38356010281817</coordinates>
                <altitudeMode>absolute</altitudeMode>
            </Point>
        </Placemark>
        <Placemark id="1189">
            <name>06:59:57</name>
            <description>UTC: 2026-03-22 06:59:57
Satellites used: 6
Speed: 25.3 m/s  (91.0 km/h)</description>
            <Point id="1188">
                <coordinates>34.8808147495515,32.11784317903756,71.79883990820896</coordinates>
                <altitudeMode>absolute</altitudeMode>
            </Point>
        </Placemark>
        <Placemark id="1191">
            <name>06:59:58</name>
            <description>UTC: 2026-03-22 06:59:58
Satellites used: 5
Speed: 26.4 m/s  (95.0 km/h)</description>
            <Point id="1190">
                <coordinates>34.88114394479454,32.117867383050736,64.51691229834049</coordinates>
                <altitudeMode>absolute</altitudeMode>
            </Point>
        </Placemark>
        <Placemark id="1193">
            <name>06:59:59</name>
            <description>UTC: 2026-03-22 06:59:59
Satellites used: 4
Speed: 26.6 m/s  (95.6 km/h)</description>
            <Point id="1192">
                <coordinates>34.88136870686817,32.1180439131872,46.00677196921542</coordinates>
                <altitudeMode>absolute</altitudeMode>
            </Point>
        </Placemark>
        <Placemark id="1195">
            <name>07:00:01</name>
            <description>UTC: 2026-03-22 07:00:01
Satellites used: 4
Speed: 25.9 m/s  (93.2 km/h)</description>
            <Point id="1194">
                <coordinates>34.881843934096246,32.11826594380993,51.99576769358604</coordinates>
                <altitudeMode>absolute</altitudeMode>
            </Point>
        </Placemark>
        <Placemark id="1197">
            <name>07:00:04</name>
            <description>UTC: 2026-03-22 07:00:04
Satellites used: 4
Speed: 24.5 m/s  (88.4 km/h)</description>
            <Point id="1196">
                <coordinates>34.8824456696725,32.118605902497436,51.942369447034984</coordinates>
                <altitudeMode>absolute</altitudeMode>
            </Point>
        </Placemark>
        <Placemark id="1199">
            <name>07:00:08</name>
            <description>UTC: 2026-03-22 07:00:08
Satellites used: 4
Speed: 25.2 m/s  (90.7 km/h)</description>
            <Point id="1198">
                <coordinates>34.88341767699233,32.119058908085115,73.08407032210042</coordinates>
                <altitudeMode>absolute</altitudeMode>
            </Point>
        </Placemark>
        <Placemark id="1201">
            <name>07:00:10</name>
            <description>UTC: 2026-03-22 07:00:10
Satellites used: 4
Speed: 25.6 m/s  (92.2 km/h)</description>
            <Point id="1200">
                <coordinates>34.88393812865156,32.11919621981201,47.80401299023303</coordinates>
                <altitudeMode>absolute</altitudeMode>
            </Point>
        </Placemark>
        <Placemark id="1203">
            <name>07:00:11</name>
            <description>UTC: 2026-03-22 07:00:11
Satellites used: 4
Speed: 26.4 m/s  (95.1 km/h)</description>
            <Point id="1202">
                <coordinates>34.88414057489161,32.119385750035335,42.0054475959196</coordinates>
                <altitudeMode>absolute</altitudeMode>
            </Point>
        </Placemark>
        <Placemark id="1205">
            <name>07:00:12</name>
            <description>UTC: 2026-03-22 07:00:12
Satellites used: 5
Speed: 23.7 m/s  (85.5 km/h)</description>
            <Point id="1204">
                <coordinates>34.88434084208668,32.11943599684318,61.798376988781605</coordinates>
                <altitudeMode>absolute</altitudeMode>
            </Point>
        </Placemark>
        <Placemark id="1207">
            <name>07:00:13</name>
            <description>UTC: 2026-03-22 07:00:13
Satellites used: 5
Speed: 25.8 m/s  (92.9 km/h)</description>
            <Point id="1206">
                <coordinates>34.88460237353437,32.11958277729715,49.363065779407854</coordinates>
                <altitudeMode>absolute</altitudeMode>
            </Point>
        </Placemark>
        <Placemark id="1209">
            <name>07:00:14</name>
            <description>UTC: 2026-03-22 07:00:14
Satellites used: 7
Speed: 28.8 m/s  (103.6 km/h)</description>
            <Point id="1208">
                <coordinates>34.88487043596945,32.11974550311228,70.4645205617024</coordinates>
                <altitudeMode>absolute</altitudeMode>
            </Point>
        </Placemark>
        <Placemark id="1211">
            <name>07:00:15</name>
            <description>UTC: 2026-03-22 07:00:15
Satellites used: 7
Speed: 24.6 m/s  (88.6 km/h)</description>
            <Point id="1210">
                <coordinates>34.885077631349404,32.11979647699144,60.467452997552876</coordinates>
                <altitudeMode>absolute</altitudeMode>
            </Point>
        </Placemark>
        <Placemark id="1213">
            <name>07:00:16</name>
            <description>UTC: 2026-03-22 07:00:16
Satellites used: 7
Speed: 26.1 m/s  (94.1 km/h)</description>
            <Point id="1212">
                <coordinates>34.8852972798376,32.119976563596175,66.35992014947607</coordinates>
                <altitudeMode>absolute</altitudeMode>
            </Point>
        </Placemark>
        <Placemark id="1215">
            <name>07:00:17</name>
            <description>UTC: 2026-03-22 07:00:17
Satellites used: 7
Speed: 28.9 m/s  (103.9 km/h)</description>
            <Point id="1214">
                <coordinates>34.8855460222543,32.12018887065507,67.90430032684526</coordinates>
                <altitudeMode>absolute</altitudeMode>
            </Point>
        </Placemark>
        <Placemark id="1217">
            <name>07:00:18</name>
            <description>UTC: 2026-03-22 07:00:18
Satellites used: 7
Speed: 24.2 m/s  (87.0 km/h)</description>
            <Point id="1216">
                <coordinates>34.8857372595909,32.120214415476845,54.992004504912224</coordinates>
                <altitudeMode>absolute</altitudeMode>
            </Point>
        </Placemark>
        <Placemark id="1219">
            <name>07:00:19</name>
            <description>UTC: 2026-03-22 07:00:19
Satellites used: 8
Speed: 30.4 m/s  (109.6 km/h)</description>
            <Point id="1218">
                <coordinates>34.88607355227703,32.12040027124673,41.54204166052333</coordinates>
                <altitudeMode>absolute</altitudeMode>
            </Point>
        </Placemark>
        <Placemark id="1221">
            <name>07:00:20</name>
            <description>UTC: 2026-03-22 07:00:20
Satellites used: 7
Speed: 25.3 m/s  (90.9 km/h)</description>
            <Point id="1220">
                <coordinates>34.886250798007126,32.12047383415713,60.40124710058866</coordinates>
                <altitudeMode>absolute</altitudeMode>
            </Point>
        </Placemark>
        <Placemark id="1223">
            <name>07:00:22</name>
            <description>UTC: 2026-03-22 07:00:22
Satellites used: 6
Speed: 25.1 m/s  (90.5 km/h)</description>
            <Point id="1222">
                <coordinates>34.886671418827284,32.12075400842447,60.441182442463685</coordinates>
                <altitudeMode>absolute</altitudeMode>
            </Point>
        </Placemark>
        <Placemark id="1225">
            <name>07:00:23</name>
            <description>UTC: 2026-03-22 07:00:23
Satellites used: 6
Speed: 28.5 m/s  (102.7 km/h)</description>
            <Point id="1224">
                <coordinates>34.886991175855464,32.12080574957221,33.419844050176515</coordinates>
                <altitudeMode>absolute</altitudeMode>
            </Point>
        </Placemark>
        <Placemark id="1227">
            <name>07:00:24</name>
            <description>UTC: 2026-03-22 07:00:24
Satellites used: 6
Speed: 23.3 m/s  (83.8 km/h)</description>
            <Point id="1226">
                <coordinates>34.88710707350898,32.12092779168018,63.2964737450983</coordinates>
                <altitudeMode>absolute</altitudeMode>
            </Point>
        </Placemark>
        <Placemark id="1229">
            <name>07:00:25</name>
            <description>UTC: 2026-03-22 07:00:25
Satellites used: 6
Speed: 26.7 m/s  (96.1 km/h)</description>
            <Point id="1228">
                <coordinates>34.88745185517813,32.120987485011895,43.70179008794703</coordinates>
                <altitudeMode>absolute</altitudeMode>
            </Point>
        </Placemark>
        <Placemark id="1231">
            <name>07:00:26</name>
            <description>UTC: 2026-03-22 07:00:26
Satellites used: 6
Speed: 26.9 m/s  (96.8 km/h)</description>
            <Point id="1230">
                <coordinates>34.88773876053661,32.12099949885131,36.17370951068779</coordinates>
                <altitudeMode>absolute</altitudeMode>
            </Point>
        </Placemark>
        <Placemark id="1233">
            <name>07:00:27</name>
            <description>UTC: 2026-03-22 07:00:27
Satellites used: 7
Speed: 42.1 m/s  (151.4 km/h)</description>
            <Point id="1232">
                <coordinates>34.88790854267101,32.12129602749839,123.83505727736718</coordinates>
                <altitudeMode>absolute</altitudeMode>
            </Point>
        </Placemark>
        <Placemark id="1235">
            <name>07:00:28</name>
            <description>UTC: 2026-03-22 07:00:28
Satellites used: 6
Speed: 30.7 m/s  (110.5 km/h)</description>
            <Point id="1234">
                <coordinates>34.88821506374305,32.121314061468404,39.40493553548838</coordinates>
                <altitudeMode>absolute</altitudeMode>
            </Point>
        </Placemark>
        <Placemark id="1237">
            <name>07:00:29</name>
            <description>UTC: 2026-03-22 07:00:29
Satellites used: 7
Speed: 24.2 m/s  (87.3 km/h)</description>
            <Point id="1236">
                <coordinates>34.888424947146554,32.12134618451731,54.199707329648696</coordinates>
                <altitudeMode>absolute</altitudeMode>
            </Point>
        </Placemark>
        <Placemark id="1239">
            <name>07:00:30</name>
            <description>UTC: 2026-03-22 07:00:30
Satellites used: 7
Speed: 26.3 m/s  (94.7 km/h)</description>
            <Point id="1238">
                <coordinates>34.888699866563115,32.121471470792585,51.2507720983619</coordinates>
                <altitudeMode>absolute</altitudeMode>
            </Point>
        </Placemark>
        <Placemark id="1241">
            <name>07:00:31</name>
            <description>UTC: 2026-03-22 07:00:31
Satellites used: 7
Speed: 30.3 m/s  (109.1 km/h)</description>
            <Point id="1240">
                <coordinates>34.889045028231145,32.12149734660445,29.19262946241372</coordinates>
                <altitudeMode>absolute</altitudeMode>
            </Point>
        </Placemark>
        <Placemark id="1243">
            <name>07:00:32</name>
            <description>UTC: 2026-03-22 07:00:32
Satellites used: 4
Speed: 25.7 m/s  (92.4 km/h)</description>
            <Point id="1242">
                <coordinates>34.88918315842207,32.1216432246501,66.0971871336502</coordinates>
                <altitudeMode>absolute</altitudeMode>
            </Point>
        </Placemark>
        <Placemark id="1245">
            <name>07:00:34</name>
            <description>UTC: 2026-03-22 07:00:34
Satellites used: 4
Speed: 27.4 m/s  (98.5 km/h)</description>
            <Point id="1244">
                <coordinates>34.88980529038397,32.12186752723741,31.30420571895686</coordinates>
                <altitudeMode>absolute</altitudeMode>
            </Point>
        </Placemark>
        <Placemark id="1247">
            <name>07:00:36</name>
            <description>UTC: 2026-03-22 07:00:36
Satellites used: 4
Speed: 25.5 m/s  (91.8 km/h)</description>
            <Point id="1246">
                <coordinates>34.89020564050708,32.12188409010949,85.97388629002673</coordinates>
                <altitudeMode>absolute</altitudeMode>
            </Point>
        </Placemark>
        <Placemark id="1249">
            <name>07:00:37</name>
            <description>UTC: 2026-03-22 07:00:37
Satellites used: 4
Speed: 27.7 m/s  (99.6 km/h)</description>
            <Point id="1248">
                <coordinates>34.89054558093301,32.12191345437825,87.7300214800054</coordinates>
                <altitudeMode>absolute</altitudeMode>
            </Point>
        </Placemark>
        <Placemark id="1251">
            <name>07:00:38</name>
            <description>UTC: 2026-03-22 07:00:38
Satellites used: 4
Speed: 55.2 m/s  (198.8 km/h)</description>
            <Point id="1250">
                <coordinates>34.89056117805064,32.121543183869655,205.6438376776187</coordinates>
                <altitudeMode>absolute</altitudeMode>
            </Point>
        </Placemark>
        <Placemark id="1253">
            <name>07:00:39</name>
            <description>UTC: 2026-03-22 07:00:39
Satellites used: 4
Speed: 31.5 m/s  (113.4 km/h)</description>
            <Point id="1252">
                <coordinates>34.89088542153509,32.12178563886133,184.7306849165687</coordinates>
                <altitudeMode>absolute</altitudeMode>
            </Point>
        </Placemark>
        <Placemark id="1255">
            <name>07:00:49</name>
            <description>UTC: 2026-03-22 07:00:49
Satellites used: 4
Speed: 28.1 m/s  (101.1 km/h)</description>
            <Point id="1254">
                <coordinates>34.89446111444757,32.122576522013624,21.3569435121085</coordinates>
                <altitudeMode>absolute</altitudeMode>
            </Point>
        </Placemark>
        <Placemark id="1257">
            <name>07:00:50</name>
            <description>UTC: 2026-03-22 07:00:50
Satellites used: 5
Speed: 27.6 m/s  (99.5 km/h)</description>
            <Point id="1256">
                <coordinates>34.89448995168389,32.12222401607041,55.499641317754346</coordinates>
                <altitudeMode>absolute</altitudeMode>
            </Point>
        </Placemark>
        <Placemark id="1259">
            <name>07:00:51</name>
            <description>UTC: 2026-03-22 07:00:51
Satellites used: 4
Speed: 24.3 m/s  (87.7 km/h)</description>
            <Point id="1258">
                <coordinates>34.89477632306146,32.12221655378605,52.1943035394086</coordinates>
                <altitudeMode>absolute</altitudeMode>
            </Point>
        </Placemark>
        <Placemark id="1261">
            <name>07:00:52</name>
            <description>UTC: 2026-03-22 07:00:52
Satellites used: 5
Speed: 26.5 m/s  (95.4 km/h)</description>
            <Point id="1260">
                <coordinates>34.895063572994125,32.122189100757275,65.08688612787641</coordinates>
                <altitudeMode>absolute</altitudeMode>
            </Point>
        </Placemark>
        <Placemark id="1263">
            <name>07:00:53</name>
            <description>UTC: 2026-03-22 07:00:53
Satellites used: 5
Speed: 27.6 m/s  (99.4 km/h)</description>
            <Point id="1262">
                <coordinates>34.895413352489,32.12218618604814,53.80129779138928</coordinates>
                <altitudeMode>absolute</altitudeMode>
            </Point>
        </Placemark>
        <Placemark id="1265">
            <name>07:00:54</name>
            <description>UTC: 2026-03-22 07:00:54
Satellites used: 7
Speed: 29.5 m/s  (106.2 km/h)</description>
            <Point id="1264">
                <coordinates>34.895713608270626,32.12207340608291,68.62277084883382</coordinates>
                <altitudeMode>absolute</altitudeMode>
            </Point>
        </Placemark>
        <Placemark id="1267">
            <name>07:00:55</name>
            <description>UTC: 2026-03-22 07:00:55
Satellites used: 7
Speed: 29.5 m/s  (106.3 km/h)</description>
            <Point id="1266">
                <coordinates>34.89605138998184,32.122161102440856,50.3209034009958</coordinates>
                <altitudeMode>absolute</altitudeMode>
            </Point>
        </Placemark>
        <Placemark id="1269">
            <name>07:00:56</name>
            <description>UTC: 2026-03-22 07:00:56
Satellites used: 8
Speed: 34.1 m/s  (122.8 km/h)</description>
            <Point id="1268">
                <coordinates>34.89631967249115,32.122326999755,101.2294554877722</coordinates>
                <altitudeMode>absolute</altitudeMode>
            </Point>
        </Placemark>
        <Placemark id="1271">
            <name>07:00:57</name>
            <description>UTC: 2026-03-22 07:00:57
Satellites used: 6
Speed: 31.8 m/s  (114.6 km/h)</description>
            <Point id="1270">
                <coordinates>34.896687505332636,32.122059945879535,61.60942684431264</coordinates>
                <altitudeMode>absolute</altitudeMode>
            </Point>
        </Placemark>
        <Placemark id="1273">
            <name>07:00:58</name>
            <description>UTC: 2026-03-22 07:00:58
Satellites used: 7
Speed: 27.6 m/s  (99.5 km/h)</description>
            <Point id="1272">
                <coordinates>34.89691721991966,32.12203024321541,67.90005537654363</coordinates>
                <altitudeMode>absolute</altitudeMode>
            </Point>
        </Placemark>
        <Placemark id="1275">
            <name>07:00:59</name>
            <description>UTC: 2026-03-22 07:00:59
Satellites used: 7
Speed: 33.4 m/s  (120.4 km/h)</description>
            <Point id="1274">
                <coordinates>34.89733001230936,32.122069227523035,42.81962777355033</coordinates>
                <altitudeMode>absolute</altitudeMode>
            </Point>
        </Placemark>
        <Placemark id="1277">
            <name>07:01:00</name>
            <description>UTC: 2026-03-22 07:01:00
Satellites used: 6
Speed: 26.7 m/s  (96.0 km/h)</description>
            <Point id="1276">
                <coordinates>34.89752296393267,32.12202104825627,52.048343618708365</coordinates>
                <altitudeMode>absolute</altitudeMode>
            </Point>
        </Placemark>
        <Placemark id="1279">
            <name>07:01:01</name>
            <description>UTC: 2026-03-22 07:01:01
Satellites used: 7
Speed: 28.1 m/s  (101.2 km/h)</description>
            <Point id="1278">
                <coordinates>34.89780231417115,32.12200507479581,79.35978093010874</coordinates>
                <altitudeMode>absolute</altitudeMode>
            </Point>
        </Placemark>
        <Placemark id="1281">
            <name>07:01:02</name>
            <description>UTC: 2026-03-22 07:01:02
Satellites used: 7
Speed: 25.8 m/s  (93.0 km/h)</description>
            <Point id="1280">
                <coordinates>34.8980615647588,32.12199261347393,72.15191426252376</coordinates>
                <altitudeMode>absolute</altitudeMode>
            </Point>
        </Placemark>
        <Placemark id="1283">
            <name>07:01:03</name>
            <description>UTC: 2026-03-22 07:01:03
Satellites used: 6
Speed: 29.3 m/s  (105.3 km/h)</description>
            <Point id="1282">
                <coordinates>34.898392853188035,32.12192495389575,48.36058014958409</coordinates>
                <altitudeMode>absolute</altitudeMode>
            </Point>
        </Placemark>
        <Placemark id="1285">
            <name>07:01:04</name>
            <description>UTC: 2026-03-22 07:01:04
Satellites used: 4
Speed: 30.5 m/s  (109.6 km/h)</description>
            <Point id="1284">
                <coordinates>34.89871729724763,32.12190536650708,38.25900014861625</coordinates>
                <altitudeMode>absolute</altitudeMode>
            </Point>
        </Placemark>
        <Placemark id="1287">
            <name>07:01:05</name>
            <description>UTC: 2026-03-22 07:01:05
Satellites used: 6
Speed: 33.7 m/s  (121.4 km/h)</description>
            <Point id="1286">
                <coordinates>34.89894117228361,32.12192236430468,105.45010765323158</coordinates>
                <altitudeMode>absolute</altitudeMode>
            </Point>
        </Placemark>
        <Placemark id="1289">
            <name>07:02:11</name>
            <description>UTC: 2026-03-22 07:02:11
Satellites used: 8
Speed: 28.9 m/s  (103.9 km/h)</description>
            <Point id="1288">
                <coordinates>34.916844378973074,32.118587742452384,57.91043357537884</coordinates>
                <altitudeMode>absolute</altitudeMode>
            </Point>
        </Placemark>
        <Placemark id="1291">
            <name>07:02:12</name>
            <description>UTC: 2026-03-22 07:02:12
Satellites used: 8
Speed: 28.3 m/s  (102.0 km/h)</description>
            <Point id="1290">
                <coordinates>34.91708474341035,32.11847495758816,70.02398196985446</coordinates>
                <altitudeMode>absolute</altitudeMode>
            </Point>
        </Placemark>
        <Placemark id="1293">
            <name>07:02:13</name>
            <description>UTC: 2026-03-22 07:02:13
Satellites used: 7
Speed: 25.3 m/s  (91.2 km/h)</description>
            <Point id="1292">
                <coordinates>34.917259805637585,32.118424618100356,81.61724374233088</coordinates>
                <altitudeMode>absolute</altitudeMode>
            </Point>
        </Placemark>
        <Placemark id="1295">
            <name>07:02:14</name>
            <description>UTC: 2026-03-22 07:02:14
Satellites used: 6
Speed: 25.1 m/s  (90.2 km/h)</description>
            <Point id="1294">
                <coordinates>34.91755379633667,32.11834030453313,66.010385623414</coordinates>
                <altitudeMode>absolute</altitudeMode>
            </Point>
        </Placemark>
        <Placemark id="1297">
            <name>07:02:15</name>
            <description>UTC: 2026-03-22 07:02:15
Satellites used: 6
Speed: 26.8 m/s  (96.5 km/h)</description>
            <Point id="1296">
                <coordinates>34.91785294697206,32.118268403645224,68.01479277523744</coordinates>
                <altitudeMode>absolute</altitudeMode>
            </Point>
        </Placemark>
        <Placemark id="1299">
            <name>07:02:16</name>
            <description>UTC: 2026-03-22 07:02:16
Satellites used: 6
Speed: 24.2 m/s  (87.0 km/h)</description>
            <Point id="1298">
                <coordinates>34.91803090929793,32.11819049539179,79.68709956317478</coordinates>
                <altitudeMode>absolute</altitudeMode>
            </Point>
        </Placemark>
        <Placemark id="1301">
            <name>07:02:17</name>
            <description>UTC: 2026-03-22 07:02:17
Satellites used: 6
Speed: 26.8 m/s  (96.6 km/h)</description>
            <Point id="1300">
                <coordinates>34.918349256656214,32.118137516397645,57.69638634774327</coordinates>
                <altitudeMode>absolute</altitudeMode>
            </Point>
        </Placemark>
        <Placemark id="1303">
            <name>07:02:18</name>
            <description>UTC: 2026-03-22 07:02:18
Satellites used: 5
Speed: 34.3 m/s  (123.5 km/h)</description>
            <Point id="1302">
                <coordinates>34.91877577180511,32.11802425534482,39.533086448491524</coordinates>
                <altitudeMode>absolute</altitudeMode>
            </Point>
        </Placemark>
        <Placemark id="1305">
            <name>07:02:19</name>
            <description>UTC: 2026-03-22 07:02:19
Satellites used: 6
Speed: 25.2 m/s  (90.8 km/h)</description>
            <Point id="1304">
                <coordinates>34.91887638139553,32.11791238049265,65.44525747202348</coordinates>
                <altitudeMode>absolute</altitudeMode>
            </Point>
        </Placemark>
        <Placemark id="1307">
            <name>07:02:20</name>
            <description>UTC: 2026-03-22 07:02:20
Satellites used: 6
Speed: 24.1 m/s  (86.6 km/h)</description>
            <Point id="1306">
                <coordinates>34.91912385679047,32.11788765481684,61.186269883963625</coordinates>
                <altitudeMode>absolute</altitudeMode>
            </Point>
        </Placemark>
        <Placemark id="1309">
            <name>07:02:21</name>
            <description>UTC: 2026-03-22 07:02:21
Satellites used: 6
Speed: 24.1 m/s  (86.8 km/h)</description>
            <Point id="1308">
                <coordinates>34.91932549498142,32.11779140618405,77.67388537437303</coordinates>
                <altitudeMode>absolute</altitudeMode>
            </Point>
        </Placemark>
        <Placemark id="1311">
            <name>07:02:22</name>
            <description>UTC: 2026-03-22 07:02:22
Satellites used: 7
Speed: 24.5 m/s  (88.1 km/h)</description>
            <Point id="1310">
                <coordinates>34.9195460337295,32.11768432870784,85.3602042554811</coordinates>
                <altitudeMode>absolute</altitudeMode>
            </Point>
        </Placemark>
        <Placemark id="1313">
            <name>07:02:23</name>
            <description>UTC: 2026-03-22 07:02:23
Satellites used: 7
Speed: 34.1 m/s  (122.7 km/h)</description>
            <Point id="1312">
                <coordinates>34.92000804049651,32.11767972887214,37.6135638905825</coordinates>
                <altitudeMode>absolute</altitudeMode>
            </Point>
        </Placemark>
        <Placemark id="1315">
            <name>07:02:24</name>
            <description>UTC: 2026-03-22 07:02:24
Satellites used: 6
Speed: 25.4 m/s  (91.6 km/h)</description>
            <Point id="1314">
                <coordinates>34.9201355257517,32.11754305127856,72.9496521835262</coordinates>
                <altitudeMode>absolute</altitudeMode>
            </Point>
        </Placemark>
        <Placemark id="1317">
            <name>07:02:25</name>
            <description>UTC: 2026-03-22 07:02:25
Satellites used: 6
Speed: 27.4 m/s  (98.7 km/h)</description>
            <Point id="1316">
                <coordinates>34.92045337546524,32.117461866499035,65.89216106172769</coordinates>
                <altitudeMode>absolute</altitudeMode>
            </Point>
        </Placemark>
        <Placemark id="1319">
            <name>07:02:26</name>
            <description>UTC: 2026-03-22 07:02:26
Satellites used: 6
Speed: 25.5 m/s  (91.7 km/h)</description>
            <Point id="1318">
                <coordinates>34.92065117655001,32.11740843087247,84.63019673951888</coordinates>
                <altitudeMode>absolute</altitudeMode>
            </Point>
        </Placemark>
        <Placemark id="1321">
            <name>07:02:27</name>
            <description>UTC: 2026-03-22 07:02:27
Satellites used: 6
Speed: 27.0 m/s  (97.2 km/h)</description>
            <Point id="1320">
                <coordinates>34.92095039968137,32.11730242270195,64.58086336082646</coordinates>
                <altitudeMode>absolute</altitudeMode>
            </Point>
        </Placemark>
        <Placemark id="1323">
            <name>07:02:28</name>
            <description>UTC: 2026-03-22 07:02:28
Satellites used: 6
Speed: 27.7 m/s  (99.7 km/h)</description>
            <Point id="1322">
                <coordinates>34.92086089344137,32.11720698028236,127.33508730996381</coordinates>
                <altitudeMode>absolute</altitudeMode>
            </Point>
        </Placemark>
        <Placemark id="1325">
            <name>07:02:29</name>
            <description>UTC: 2026-03-22 07:02:29
Satellites used: 7
Speed: 35.1 m/s  (126.3 km/h)</description>
            <Point id="1324">
                <coordinates>34.921550201221876,32.117144899489304,72.67262546871852</coordinates>
                <altitudeMode>absolute</altitudeMode>
            </Point>
        </Placemark>
        <Placemark id="1327">
            <name>07:02:30</name>
            <description>UTC: 2026-03-22 07:02:30
Satellites used: 7
Speed: 30.9 m/s  (111.1 km/h)</description>
            <Point id="1326">
                <coordinates>34.921803107574206,32.117093684632,70.06992456964709</coordinates>
                <altitudeMode>absolute</altitudeMode>
            </Point>
        </Placemark>
        <Placemark id="1329">
            <name>07:02:31</name>
            <description>UTC: 2026-03-22 07:02:31
Satellites used: 8
Speed: 30.9 m/s  (111.1 km/h)</description>
            <Point id="1328">
                <coordinates>34.92210816897159,32.11717133110209,104.31081479974608</coordinates>
                <altitudeMode>absolute</altitudeMode>
            </Point>
        </Placemark>
        <Placemark id="1331">
            <name>07:02:32</name>
            <description>UTC: 2026-03-22 07:02:32
Satellites used: 7
Speed: 28.6 m/s  (103.1 km/h)</description>
            <Point id="1330">
                <coordinates>34.922309598129026,32.11695702363334,65.55392929640546</coordinates>
                <altitudeMode>absolute</altitudeMode>
            </Point>
        </Placemark>
        <Placemark id="1333">
            <name>07:02:33</name>
            <description>UTC: 2026-03-22 07:02:33
Satellites used: 8
Speed: 25.7 m/s  (92.4 km/h)</description>
            <Point id="1332">
                <coordinates>34.92256718243264,32.11695109663079,84.76838734172338</coordinates>
                <altitudeMode>absolute</altitudeMode>
            </Point>
        </Placemark>
        <Placemark id="1335">
            <name>07:02:35</name>
            <description>UTC: 2026-03-22 07:02:35
Satellites used: 5
Speed: 19.9 m/s  (71.7 km/h)</description>
            <Point id="1334">
                <coordinates>34.92252555152289,32.11690437866232,144.86815058493073</coordinates>
                <altitudeMode>absolute</altitudeMode>
            </Point>
        </Placemark>
        <Placemark id="1337">
            <name>07:02:36</name>
            <description>UTC: 2026-03-22 07:02:36
Satellites used: 8
Speed: 38.0 m/s  (136.7 km/h)</description>
            <Point id="1336">
                <coordinates>34.92330147018697,32.11703166086951,116.71299524191575</coordinates>
                <altitudeMode>absolute</altitudeMode>
            </Point>
        </Placemark>
        <Placemark id="1339">
            <name>07:02:37</name>
            <description>UTC: 2026-03-22 07:02:37
Satellites used: 8
Speed: 33.9 m/s  (122.1 km/h)</description>
            <Point id="1338">
                <coordinates>34.92356121111974,32.116928629266155,98.06012470099306</coordinates>
                <altitudeMode>absolute</altitudeMode>
            </Point>
        </Placemark>
        <Placemark id="1341">
            <name>07:02:38</name>
            <description>UTC: 2026-03-22 07:02:38
Satellites used: 8
Speed: 29.4 m/s  (105.8 km/h)</description>
            <Point id="1340">
                <coordinates>34.923782654289724,32.11697524887483,135.94126443926598</coordinates>
                <altitudeMode>absolute</altitudeMode>
            </Point>
        </Placemark>
        <Placemark id="1343">
            <name>07:02:39</name>
            <description>UTC: 2026-03-22 07:02:39
Satellites used: 7
Speed: 43.2 m/s  (155.4 km/h)</description>
            <Point id="1342">
                <coordinates>34.92418599695143,32.11657262077459,64.10738137703311</coordinates>
                <altitudeMode>absolute</altitudeMode>
            </Point>
        </Placemark>
        <Placemark id="1345">
            <name>07:02:40</name>
            <description>UTC: 2026-03-22 07:02:40
Satellites used: 7
Speed: 38.9 m/s  (140.0 km/h)</description>
            <Point id="1344">
                <coordinates>34.924564259549975,32.116583888621285,55.89918672326933</coordinates>
                <altitudeMode>absolute</altitudeMode>
            </Point>
        </Placemark>
        <Placemark id="1347">
            <name>07:02:41</name>
            <description>UTC: 2026-03-22 07:02:41
Satellites used: 7
Speed: 30.0 m/s  (107.9 km/h)</description>
            <Point id="1346">
                <coordinates>34.92477415026491,32.1165241169663,65.91112941241947</coordinates>
                <altitudeMode>absolute</altitudeMode>
            </Point>
        </Placemark>
        <Placemark id="1349">
            <name>07:02:42</name>
            <description>UTC: 2026-03-22 07:02:42
Satellites used: 7
Speed: 25.5 m/s  (91.9 km/h)</description>
            <Point id="1348">
                <coordinates>34.92498781611014,32.116510010645236,74.48514089822308</coordinates>
                <altitudeMode>absolute</altitudeMode>
            </Point>
        </Placemark>
        <Placemark id="1351">
            <name>07:02:43</name>
            <description>UTC: 2026-03-22 07:02:43
Satellites used: 7
Speed: 32.5 m/s  (116.8 km/h)</description>
            <Point id="1350">
                <coordinates>34.925392667100716,32.11648737463005,47.45962939673354</coordinates>
                <altitudeMode>absolute</altitudeMode>
            </Point>
        </Placemark>
        <Placemark id="1353">
            <name>07:02:44</name>
            <description>UTC: 2026-03-22 07:02:44
Satellites used: 7
Speed: 27.3 m/s  (98.3 km/h)</description>
            <Point id="1352">
                <coordinates>34.925633210108685,32.11650405465624,66.90078735614942</coordinates>
                <altitudeMode>absolute</altitudeMode>
            </Point>
        </Placemark>
        <Placemark id="1355">
            <name>07:02:45</name>
            <description>UTC: 2026-03-22 07:02:45
Satellites used: 7
Speed: 30.0 m/s  (107.9 km/h)</description>
            <Point id="1354">
                <coordinates>34.92596996456919,32.11642657768106,50.51392815982886</coordinates>
                <altitudeMode>absolute</altitudeMode>
            </Point>
        </Placemark>
        <Placemark id="1357">
            <name>07:02:46</name>
            <description>UTC: 2026-03-22 07:02:46
Satellites used: 7
Speed: 33.0 m/s  (118.8 km/h)</description>
            <Point id="1356">
                <coordinates>34.926368309407195,32.11644239880741,45.132418901299765</coordinates>
                <altitudeMode>absolute</altitudeMode>
            </Point>
        </Placemark>
        <Placemark id="1359">
            <name>07:02:47</name>
            <description>UTC: 2026-03-22 07:02:47
Satellites used: 7
Speed: 26.7 m/s  (96.2 km/h)</description>
            <Point id="1358">
                <coordinates>34.92654355916507,32.11641838177294,66.76884427942633</coordinates>
                <altitudeMode>absolute</altitudeMode>
            </Point>
        </Placemark>
        <Placemark id="1361">
            <name>07:02:48</name>
            <description>UTC: 2026-03-22 07:02:48
Satellites used: 5
Speed: 30.1 m/s  (108.4 km/h)</description>
            <Point id="1360">
                <coordinates>34.92692087017723,32.11638629489536,53.76636148835925</coordinates>
                <altitudeMode>absolute</altitudeMode>
            </Point>
        </Placemark>
        <Placemark id="1363">
            <name>07:02:49</name>
            <description>UTC: 2026-03-22 07:02:49
Satellites used: 5
Speed: 27.1 m/s  (97.4 km/h)</description>
            <Point id="1362">
                <coordinates>34.927151633339854,32.11631964589539,54.53637011000203</coordinates>
                <altitudeMode>absolute</altitudeMode>
            </Point>
        </Placemark>
        <Placemark id="1365">
            <name>07:02:50</name>
            <description>UTC: 2026-03-22 07:02:50
Satellites used: 4
Speed: 31.9 m/s  (114.9 km/h)</description>
            <Point id="1364">
                <coordinates>34.927533925430325,32.11648991309038,34.879587544838834</coordinates>
                <altitudeMode>absolute</altitudeMode>
            </Point>
        </Placemark>
        <Placemark id="1367">
            <name>07:03:42</name>
            <description>UTC: 2026-03-22 07:03:42
Satellites used: 4
Speed: 0.0 m/s  (0.0 km/h)</description>
            <Point id="1366">
                <coordinates>34.94235939328826,32.11562145315865,-95.42551089014565</coordinates>
                <altitudeMode>absolute</altitudeMode>
            </Point>
        </Placemark>
        <Placemark id="1369">
            <name>07:03:56</name>
            <description>UTC: 2026-03-22 07:03:56
Satellites used: 5
Speed: 0.0 m/s  (0.0 km/h)</description>
            <Point id="1368">
                <coordinates>34.944844984799985,32.11487346477279,80.69231926848288</coordinates>
                <altitudeMode>absolute</altitudeMode>
            </Point>
        </Placemark>
        <Placemark id="1371">
            <name>07:03:58</name>
            <description>UTC: 2026-03-22 07:03:58
Satellites used: 5
Speed: 10.0 m/s  (36.0 km/h)</description>
            <Point id="1370">
                <coordinates>34.94532135179273,32.114691096514655,88.87322656304232</coordinates>
                <altitudeMode>absolute</altitudeMode>
            </Point>
        </Placemark>
        <Placemark id="1373">
            <name>07:03:59</name>
            <description>UTC: 2026-03-22 07:03:59
Satellites used: 5
Speed: 15.7 m/s  (56.6 km/h)</description>
            <Point id="1372">
                <coordinates>34.945539112731325,32.11458829880204,95.42124029627098</coordinates>
                <altitudeMode>absolute</altitudeMode>
            </Point>
        </Placemark>
        <Placemark id="1375">
            <name>07:04:00</name>
            <description>UTC: 2026-03-22 07:04:00
Satellites used: 5
Speed: 21.2 m/s  (76.2 km/h)</description>
            <Point id="1374">
                <coordinates>34.945829025378174,32.114563029387256,71.58777117429449</coordinates>
                <altitudeMode>absolute</altitudeMode>
            </Point>
        </Placemark>
        <Placemark id="1377">
            <name>07:04:01</name>
            <description>UTC: 2026-03-22 07:04:01
Satellites used: 5
Speed: 23.6 m/s  (85.0 km/h)</description>
            <Point id="1376">
                <coordinates>34.9461028316468,32.114450982129355,72.93165469570965</coordinates>
                <altitudeMode>absolute</altitudeMode>
            </Point>
        </Placemark>
        <Placemark id="1379">
            <name>07:04:02</name>
            <description>UTC: 2026-03-22 07:04:02
Satellites used: 6
Speed: 22.8 m/s  (82.1 km/h)</description>
            <Point id="1378">
                <coordinates>34.94630840113367,32.114385984252806,66.25196409907313</coordinates>
                <altitudeMode>absolute</altitudeMode>
            </Point>
        </Placemark>
        <Placemark id="1381">
            <name>07:04:03</name>
            <description>UTC: 2026-03-22 07:04:03
Satellites used: 7
Speed: 21.8 m/s  (78.4 km/h)</description>
            <Point id="1380">
                <coordinates>34.94650165414974,32.1142960118148,66.96825600303869</coordinates>
                <altitudeMode>absolute</altitudeMode>
            </Point>
        </Placemark>
        <Placemark id="1383">
            <name>07:04:04</name>
            <description>UTC: 2026-03-22 07:04:04
Satellites used: 7
Speed: 23.5 m/s  (84.5 km/h)</description>
            <Point id="1382">
                <coordinates>34.94676453895025,32.11421925978231,74.25902975662365</coordinates>
                <altitudeMode>absolute</altitudeMode>
            </Point>
        </Placemark>
        <Placemark id="1385">
            <name>07:04:05</name>
            <description>UTC: 2026-03-22 07:04:05
Satellites used: 7
Speed: 20.2 m/s  (72.8 km/h)</description>
            <Point id="1384">
                <coordinates>34.946931049056396,32.11420540749146,74.14089929530374</coordinates>
                <altitudeMode>absolute</altitudeMode>
            </Point>
        </Placemark>
        <Placemark id="1387">
            <name>07:04:07</name>
            <description>UTC: 2026-03-22 07:04:07
Satellites used: 7
Speed: 21.6 m/s  (77.8 km/h)</description>
            <Point id="1386">
                <coordinates>34.94740180659956,32.11406137323133,64.81279747350099</coordinates>
                <altitudeMode>absolute</altitudeMode>
            </Point>
        </Placemark>
        <Placemark id="1389">
            <name>07:04:08</name>
            <description>UTC: 2026-03-22 07:04:08
Satellites used: 8
Speed: 20.3 m/s  (73.1 km/h)</description>
            <Point id="1388">
                <coordinates>34.9475760752011,32.11404304378586,52.712438438398635</coordinates>
                <altitudeMode>absolute</altitudeMode>
            </Point>
        </Placemark>
        <Placemark id="1391">
            <name>07:04:09</name>
            <description>UTC: 2026-03-22 07:04:09
Satellites used: 7
Speed: 22.6 m/s  (81.2 km/h)</description>
            <Point id="1390">
                <coordinates>34.94773189698605,32.11396060545008,93.86101341638371</coordinates>
                <altitudeMode>absolute</altitudeMode>
            </Point>
        </Placemark>
        <Placemark id="1393">
            <name>07:04:10</name>
            <description>UTC: 2026-03-22 07:04:10
Satellites used: 7
Speed: 22.5 m/s  (81.1 km/h)</description>
            <Point id="1392">
                <coordinates>34.94795077872829,32.11383109176918,94.9778876317175</coordinates>
                <altitudeMode>absolute</altitudeMode>
            </Point>
        </Placemark>
        <Placemark id="1395">
            <name>07:04:11</name>
            <description>UTC: 2026-03-22 07:04:11
Satellites used: 8
Speed: 18.1 m/s  (65.0 km/h)</description>
            <Point id="1394">
                <coordinates>34.948115805444964,32.113851326873025,83.66039733488482</coordinates>
                <altitudeMode>absolute</altitudeMode>
            </Point>
        </Placemark>
        <Placemark id="1397">
            <name>07:04:12</name>
            <description>UTC: 2026-03-22 07:04:12
Satellites used: 8
Speed: 22.2 m/s  (79.9 km/h)</description>
            <Point id="1396">
                <coordinates>34.94837477288433,32.11371117412744,83.22593498857718</coordinates>
                <altitudeMode>absolute</altitudeMode>
            </Point>
        </Placemark>
        <Placemark id="1399">
            <name>07:04:13</name>
            <description>UTC: 2026-03-22 07:04:13
Satellites used: 8
Speed: 19.3 m/s  (69.6 km/h)</description>
            <Point id="1398">
                <coordinates>34.94852314999173,32.113673655873,90.25227192518291</coordinates>
                <altitudeMode>absolute</altitudeMode>
            </Point>
        </Placemark>
        <Placemark id="1401">
            <name>07:04:14</name>
            <description>UTC: 2026-03-22 07:04:14
Satellites used: 7
Speed: 24.6 m/s  (88.7 km/h)</description>
            <Point id="1400">
                <coordinates>34.94885475160678,32.11364021440228,70.73806638149959</coordinates>
                <altitudeMode>absolute</altitudeMode>
            </Point>
        </Placemark>
        <Placemark id="1403">
            <name>07:04:15</name>
            <description>UTC: 2026-03-22 07:04:15
Satellites used: 7
Speed: 18.5 m/s  (66.7 km/h)</description>
            <Point id="1402">
                <coordinates>34.94881621657263,32.11358806216604,110.98907790480834</coordinates>
                <altitudeMode>absolute</altitudeMode>
            </Point>
        </Placemark>
        <Placemark id="1405">
            <name>07:04:16</name>
            <description>UTC: 2026-03-22 07:04:16
Satellites used: 6
Speed: 21.6 m/s  (77.6 km/h)</description>
            <Point id="1404">
                <coordinates>34.94914264156649,32.11353458436828,76.63477904687278</coordinates>
                <altitudeMode>absolute</altitudeMode>
            </Point>
        </Placemark>
        <Placemark id="1407">
            <name>07:04:17</name>
            <description>UTC: 2026-03-22 07:04:17
Satellites used: 7
Speed: 24.8 m/s  (89.4 km/h)</description>
            <Point id="1406">
                <coordinates>34.9494499154482,32.113478735696845,72.41388370468552</coordinates>
                <altitudeMode>absolute</altitudeMode>
            </Point>
        </Placemark>
        <Placemark id="1409">
            <name>07:04:18</name>
            <description>UTC: 2026-03-22 07:04:18
Satellites used: 6
Speed: 19.4 m/s  (70.0 km/h)</description>
            <Point id="1408">
                <coordinates>34.94948975964303,32.11335719646489,98.9930704899946</coordinates>
                <altitudeMode>absolute</altitudeMode>
            </Point>
        </Placemark>
        <Placemark id="1411">
            <name>07:04:19</name>
            <description>UTC: 2026-03-22 07:04:19
Satellites used: 5
Speed: 23.8 m/s  (85.8 km/h)</description>
            <Point id="1410">
                <coordinates>34.94982156886503,32.11331079323612,73.4907345436609</coordinates>
                <altitudeMode>absolute</altitudeMode>
            </Point>
        </Placemark>
        <Placemark id="1413">
            <name>07:04:20</name>
            <description>UTC: 2026-03-22 07:04:20
Satellites used: 6
Speed: 22.7 m/s  (81.6 km/h)</description>
            <Point id="1412">
                <coordinates>34.95003386730492,32.11331533844746,64.75594059364242</coordinates>
                <altitudeMode>absolute</altitudeMode>
            </Point>
        </Placemark>
        <Placemark id="1415">
            <name>07:04:21</name>
            <description>UTC: 2026-03-22 07:04:21
Satellites used: 6
Speed: 20.9 m/s  (75.2 km/h)</description>
            <Point id="1414">
                <coordinates>34.95016571395455,32.113170472965386,91.79007501912767</coordinates>
                <altitudeMode>absolute</altitudeMode>
            </Point>
        </Placemark>
        <Placemark id="1417">
            <name>07:04:22</name>
            <description>UTC: 2026-03-22 07:04:22
Satellites used: 7
Speed: 20.7 m/s  (74.5 km/h)</description>
            <Point id="1416">
                <coordinates>34.95039474340407,32.113123985841256,85.37059119623572</coordinates>
                <altitudeMode>absolute</altitudeMode>
            </Point>
        </Placemark>
        <Placemark id="1419">
            <name>07:04:23</name>
            <description>UTC: 2026-03-22 07:04:23
Satellites used: 7
Speed: 28.8 m/s  (103.6 km/h)</description>
            <Point id="1418">
                <coordinates>34.95078732600741,32.113060566826526,60.873359591013575</coordinates>
                <altitudeMode>absolute</altitudeMode>
            </Point>
        </Placemark>
        <Placemark id="1421">
            <name>07:04:24</name>
            <description>UTC: 2026-03-22 07:04:24
Satellites used: 7
Speed: 23.6 m/s  (85.0 km/h)</description>
            <Point id="1420">
                <coordinates>34.950934587060395,32.112952062107595,64.32053452383298</coordinates>
                <altitudeMode>absolute</altitudeMode>
            </Point>
        </Placemark>
        <Placemark id="1423">
            <name>07:04:25</name>
            <description>UTC: 2026-03-22 07:04:25
Satellites used: 7
Speed: 23.4 m/s  (84.3 km/h)</description>
            <Point id="1422">
                <coordinates>34.95116673774695,32.112903620145644,82.38194612640007</coordinates>
                <altitudeMode>absolute</altitudeMode>
            </Point>
        </Placemark>
        <Placemark id="1425">
            <name>07:04:26</name>
            <description>UTC: 2026-03-22 07:04:26
Satellites used: 7
Speed: 21.4 m/s  (77.2 km/h)</description>
            <Point id="1424">
                <coordinates>34.951354446179955,32.11289176931464,89.1985479823224</coordinates>
                <altitudeMode>absolute</altitudeMode>
            </Point>
        </Placemark>
        <Placemark id="1427">
            <name>07:04:27</name>
            <description>UTC: 2026-03-22 07:04:27
Satellites used: 7
Speed: 26.1 m/s  (93.9 km/h)</description>
            <Point id="1426">
                <coordinates>34.95169352097238,32.112782220189246,78.14745716134162</coordinates>
                <altitudeMode>absolute</altitudeMode>
            </Point>
        </Placemark>
        <Placemark id="1429">
            <name>07:04:28</name>
            <description>UTC: 2026-03-22 07:04:28
Satellites used: 7
Speed: 27.8 m/s  (100.3 km/h)</description>
            <Point id="1428">
                <coordinates>34.95196576195084,32.11271082679864,57.47695864250338</coordinates>
                <altitudeMode>absolute</altitudeMode>
            </Point>
        </Placemark>
        <Placemark id="1431">
            <name>07:04:29</name>
            <description>UTC: 2026-03-22 07:04:29
Satellites used: 6
Speed: 19.7 m/s  (71.0 km/h)</description>
            <Point id="1430">
                <coordinates>34.95202465168421,32.11261417874729,77.28546875636728</coordinates>
                <altitudeMode>absolute</altitudeMode>
            </Point>
        </Placemark>
        <Placemark id="1433">
            <name>07:04:30</name>
            <description>UTC: 2026-03-22 07:04:30
Satellites used: 7
Speed: 22.4 m/s  (80.5 km/h)</description>
            <Point id="1432">
                <coordinates>34.952304964035484,32.11256425511141,76.66095440952029</coordinates>
                <altitudeMode>absolute</altitudeMode>
            </Point>
        </Placemark>
        <Placemark id="1435">
            <name>07:04:31</name>
            <description>UTC: 2026-03-22 07:04:31
Satellites used: 6
Speed: 19.2 m/s  (69.0 km/h)</description>
            <Point id="1434">
                <coordinates>34.952390519425265,32.11250920426418,95.36825884503043</coordinates>
                <altitudeMode>absolute</altitudeMode>
            </Point>
        </Placemark>
        <Placemark id="1437">
            <name>07:04:32</name>
            <description>UTC: 2026-03-22 07:04:32
Satellites used: 7
Speed: 24.2 m/s  (87.0 km/h)</description>
            <Point id="1436">
                <coordinates>34.95273047985461,32.1124000301748,87.45138828073448</coordinates>
                <altitudeMode>absolute</altitudeMode>
            </Point>
        </Placemark>
        <Placemark id="1439">
            <name>07:04:33</name>
            <description>UTC: 2026-03-22 07:04:33
Satellites used: 7
Speed: 25.2 m/s  (90.8 km/h)</description>
            <Point id="1438">
                <coordinates>34.9530044615623,32.112365080664254,97.15319870173542</coordinates>
                <altitudeMode>absolute</altitudeMode>
            </Point>
        </Placemark>
        <Placemark id="1441">
            <name>07:04:34</name>
            <description>UTC: 2026-03-22 07:04:34
Satellites used: 7
Speed: 20.1 m/s  (72.5 km/h)</description>
            <Point id="1440">
                <coordinates>34.95309730686848,32.11224793506536,93.4975229482991</coordinates>
                <altitudeMode>absolute</altitudeMode>
            </Point>
        </Placemark>
        <Placemark id="1443">
            <name>07:04:35</name>
            <description>UTC: 2026-03-22 07:04:35
Satellites used: 7
Speed: 21.0 m/s  (75.6 km/h)</description>
            <Point id="1442">
                <coordinates>34.953319701373005,32.112188494695644,98.89785494759862</coordinates>
                <altitudeMode>absolute</altitudeMode>
            </Point>
        </Placemark>
        <Placemark id="1445">
            <name>07:04:36</name>
            <description>UTC: 2026-03-22 07:04:36
Satellites used: 7
Speed: 21.9 m/s  (78.9 km/h)</description>
            <Point id="1444">
                <coordinates>34.95356177191407,32.112131440701376,90.93368305004952</coordinates>
                <altitudeMode>absolute</altitudeMode>
            </Point>
        </Placemark>
        <Placemark id="1447">
            <name>07:04:37</name>
            <description>UTC: 2026-03-22 07:04:37
Satellites used: 7
Speed: 21.3 m/s  (76.9 km/h)</description>
            <Point id="1446">
                <coordinates>34.95374882451069,32.11203312840108,95.4570663906269</coordinates>
                <altitudeMode>absolute</altitudeMode>
            </Point>
        </Placemark>
        <Placemark id="1449">
            <name>07:04:38</name>
            <description>UTC: 2026-03-22 07:04:38
Satellites used: 6
Speed: 24.0 m/s  (86.4 km/h)</description>
            <Point id="1448">
                <coordinates>34.953922431146644,32.11191909648704,123.23591601331432</coordinates>
                <altitudeMode>absolute</altitudeMode>
            </Point>
        </Placemark>
        <Placemark id="1451">
            <name>07:04:39</name>
            <description>UTC: 2026-03-22 07:04:39
Satellites used: 6
Speed: 23.0 m/s  (82.7 km/h)</description>
            <Point id="1450">
                <coordinates>34.954187815401355,32.11184867063233,109.34697677590943</coordinates>
                <altitudeMode>absolute</altitudeMode>
            </Point>
        </Placemark>
        <Placemark id="1453">
            <name>07:04:40</name>
            <description>UTC: 2026-03-22 07:04:40
Satellites used: 6
Speed: 20.2 m/s  (72.6 km/h)</description>
            <Point id="1452">
                <coordinates>34.95431378460186,32.11176639253056,118.50811163221509</coordinates>
                <altitudeMode>absolute</altitudeMode>
            </Point>
        </Placemark>
        <Placemark id="1455">
            <name>07:04:41</name>
            <description>UTC: 2026-03-22 07:04:41
Satellites used: 7
Speed: 30.1 m/s  (108.4 km/h)</description>
            <Point id="1454">
                <coordinates>34.954670002543665,32.111794405048556,67.03037360556188</coordinates>
                <altitudeMode>absolute</altitudeMode>
            </Point>
        </Placemark>
        <Placemark id="1457">
            <name>07:04:42</name>
            <description>UTC: 2026-03-22 07:04:42
Satellites used: 7
Speed: 27.1 m/s  (97.5 km/h)</description>
            <Point id="1456">
                <coordinates>34.95488506407239,32.11169192105632,60.331570016154274</coordinates>
                <altitudeMode>absolute</altitudeMode>
            </Point>
        </Placemark>
        <Placemark id="1459">
            <name>07:04:43</name>
            <description>UTC: 2026-03-22 07:04:43
Satellites used: 7
Speed: 24.6 m/s  (88.6 km/h)</description>
            <Point id="1458">
                <coordinates>34.95511895570972,32.11155373999183,78.47062284657268</coordinates>
                <altitudeMode>absolute</altitudeMode>
            </Point>
        </Placemark>
        <Placemark id="1461">
            <name>07:04:44</name>
            <description>UTC: 2026-03-22 07:04:44
Satellites used: 7
Speed: 24.5 m/s  (88.1 km/h)</description>
            <Point id="1460">
                <coordinates>34.95533457321995,32.11143218186934,81.17476224816184</coordinates>
                <altitudeMode>absolute</altitudeMode>
            </Point>
        </Placemark>
        <Placemark id="1463">
            <name>07:04:45</name>
            <description>UTC: 2026-03-22 07:04:45
Satellites used: 8
Speed: 25.0 m/s  (90.0 km/h)</description>
            <Point id="1462">
                <coordinates>34.95554931674449,32.111288044463485,85.22566947618208</coordinates>
                <altitudeMode>absolute</altitudeMode>
            </Point>
        </Placemark>
        <Placemark id="1465">
            <name>07:04:46</name>
            <description>UTC: 2026-03-22 07:04:46
Satellites used: 8
Speed: 25.0 m/s  (89.8 km/h)</description>
            <Point id="1464">
                <coordinates>34.95579151545603,32.111194158817604,84.60316459667614</coordinates>
                <altitudeMode>absolute</altitudeMode>
            </Point>
        </Placemark>
        <Placemark id="1467">
            <name>07:04:47</name>
            <description>UTC: 2026-03-22 07:04:47
Satellites used: 6
Speed: 24.9 m/s  (89.7 km/h)</description>
            <Point id="1466">
                <coordinates>34.95599436962741,32.11104914309864,87.40193922998787</coordinates>
                <altitudeMode>absolute</altitudeMode>
            </Point>
        </Placemark>
        <Placemark id="1469">
            <name>07:04:48</name>
            <description>UTC: 2026-03-22 07:04:48
Satellites used: 8
Speed: 23.5 m/s  (84.7 km/h)</description>
            <Point id="1468">
                <coordinates>34.956195930926576,32.11096031067823,89.55272060307387</coordinates>
                <altitudeMode>absolute</altitudeMode>
            </Point>
        </Placemark>
        <Placemark id="1471">
            <name>07:04:49</name>
            <description>UTC: 2026-03-22 07:04:49
Satellites used: 8
Speed: 26.2 m/s  (94.2 km/h)</description>
            <Point id="1470">
                <coordinates>34.95645442754453,32.11079896496612,85.205087163779</coordinates>
                <altitudeMode>absolute</altitudeMode>
            </Point>
        </Placemark>
        <Placemark id="1473">
            <name>07:04:50</name>
            <description>UTC: 2026-03-22 07:04:50
Satellites used: 8
Speed: 24.6 m/s  (88.4 km/h)</description>
            <Point id="1472">
                <coordinates>34.95662942519133,32.11067079965477,93.82979131454393</coordinates>
                <altitudeMode>absolute</altitudeMode>
            </Point>
        </Placemark>
        <Placemark id="1475">
            <name>07:04:51</name>
            <description>UTC: 2026-03-22 07:04:51
Satellites used: 8
Speed: 27.6 m/s  (99.5 km/h)</description>
            <Point id="1474">
                <coordinates>34.95689825213725,32.110490674746494,82.86479257962706</coordinates>
                <altitudeMode>absolute</altitudeMode>
            </Point>
        </Placemark>
        <Placemark id="1477">
            <name>07:04:52</name>
            <description>UTC: 2026-03-22 07:04:52
Satellites used: 8
Speed: 26.6 m/s  (95.8 km/h)</description>
            <Point id="1476">
                <coordinates>34.95711328535501,32.110355109002526,85.81795610238373</coordinates>
                <altitudeMode>absolute</altitudeMode>
            </Point>
        </Placemark>
        <Placemark id="1479">
            <name>07:04:53</name>
            <description>UTC: 2026-03-22 07:04:53
Satellites used: 8
Speed: 26.5 m/s  (95.3 km/h)</description>
            <Point id="1478">
                <coordinates>34.95732791612173,32.110204560379245,84.9199517281538</coordinates>
                <altitudeMode>absolute</altitudeMode>
            </Point>
        </Placemark>
        <Placemark id="1481">
            <name>07:04:54</name>
            <description>UTC: 2026-03-22 07:04:54
Satellites used: 8
Speed: 24.3 m/s  (87.4 km/h)</description>
            <Point id="1480">
                <coordinates>34.957514023783176,32.11010093330536,87.59829268486807</coordinates>
                <altitudeMode>absolute</altitudeMode>
            </Point>
        </Placemark>
        <Placemark id="1483">
            <name>07:04:55</name>
            <description>UTC: 2026-03-22 07:04:55
Satellites used: 8
Speed: 25.9 m/s  (93.1 km/h)</description>
            <Point id="1482">
                <coordinates>34.95775056526081,32.109946349568325,90.48840114127388</coordinates>
                <altitudeMode>absolute</altitudeMode>
            </Point>
        </Placemark>
        <Placemark id="1485">
            <name>07:04:56</name>
            <description>UTC: 2026-03-22 07:04:56
Satellites used: 8
Speed: 25.1 m/s  (90.5 km/h)</description>
            <Point id="1484">
                <coordinates>34.957960647784574,32.10983697640706,98.81005484071918</coordinates>
                <altitudeMode>absolute</altitudeMode>
            </Point>
        </Placemark>
        <Placemark id="1487">
            <name>07:04:57</name>
            <description>UTC: 2026-03-22 07:04:57
Satellites used: 8
Speed: 27.9 m/s  (100.6 km/h)</description>
            <Point id="1486">
                <coordinates>34.95822207544942,32.10964490287493,87.21190191878121</coordinates>
                <altitudeMode>absolute</altitudeMode>
            </Point>
        </Placemark>
        <Placemark id="1489">
            <name>07:04:58</name>
            <description>UTC: 2026-03-22 07:04:58
Satellites used: 8
Speed: 25.5 m/s  (91.8 km/h)</description>
            <Point id="1488">
                <coordinates>34.958414103391405,32.10953267852639,92.26482845419555</coordinates>
                <altitudeMode>absolute</altitudeMode>
            </Point>
        </Placemark>
        <Placemark id="1491">
            <name>07:04:59</name>
            <description>UTC: 2026-03-22 07:04:59
Satellites used: 8
Speed: 25.2 m/s  (90.7 km/h)</description>
            <Point id="1490">
                <coordinates>34.95864814445101,32.109428472633475,90.17193084494275</coordinates>
                <altitudeMode>absolute</altitudeMode>
            </Point>
        </Placemark>
        <Placemark id="1493">
            <name>07:05:00</name>
            <description>UTC: 2026-03-22 07:05:00
Satellites used: 8
Speed: 23.7 m/s  (85.3 km/h)</description>
            <Point id="1492">
                <coordinates>34.95882565343865,32.109309893427415,95.92343128661737</coordinates>
                <altitudeMode>absolute</altitudeMode>
            </Point>
        </Placemark>
        <Placemark id="1495">
            <name>07:05:01</name>
            <description>UTC: 2026-03-22 07:05:01
Satellites used: 8
Speed: 23.7 m/s  (85.5 km/h)</description>
            <Point id="1494">
                <coordinates>34.95903636811859,32.10920153889333,102.06421843756235</coordinates>
                <altitudeMode>absolute</altitudeMode>
            </Point>
        </Placemark>
        <Placemark id="1497">
            <name>07:05:02</name>
            <description>UTC: 2026-03-22 07:05:02
Satellites used: 8
Speed: 24.8 m/s  (89.3 km/h)</description>
            <Point id="1496">
                <coordinates>34.95920473682867,32.10910163830724,126.00524304613434</coordinates>
                <altitudeMode>absolute</altitudeMode>
            </Point>
        </Placemark>
        <Placemark id="1499">
            <name>07:05:03</name>
            <description>UTC: 2026-03-22 07:05:03
Satellites used: 8
Speed: 27.6 m/s  (99.2 km/h)</description>
            <Point id="1498">
                <coordinates>34.95951221624821,32.1089070681036,109.27057027948939</coordinates>
                <altitudeMode>absolute</altitudeMode>
            </Point>
        </Placemark>
        <Placemark id="1501">
            <name>07:05:04</name>
            <description>UTC: 2026-03-22 07:05:04
Satellites used: 8
Speed: 29.8 m/s  (107.1 km/h)</description>
            <Point id="1500">
                <coordinates>34.9597510367833,32.10870167861859,94.85070986258445</coordinates>
                <altitudeMode>absolute</altitudeMode>
            </Point>
        </Placemark>
        <Placemark id="1503">
            <name>07:05:05</name>
            <description>UTC: 2026-03-22 07:05:05
Satellites used: 8
Speed: 27.2 m/s  (98.0 km/h)</description>
            <Point id="1502">
                <coordinates>34.9599594006136,32.108576474040056,98.65550838779873</coordinates>
                <altitudeMode>absolute</altitudeMode>
            </Point>
        </Placemark>
        <Placemark id="1505">
            <name>07:05:06</name>
            <description>UTC: 2026-03-22 07:05:06
Satellites used: 8
Speed: 25.3 m/s  (91.1 km/h)</description>
            <Point id="1504">
                <coordinates>34.96013657315046,32.10847755164922,119.18471616780435</coordinates>
                <altitudeMode>absolute</altitudeMode>
            </Point>
        </Placemark>
        <Placemark id="1507">
            <name>07:05:07</name>
            <description>UTC: 2026-03-22 07:05:07
Satellites used: 8
Speed: 32.4 m/s  (116.6 km/h)</description>
            <Point id="1506">
                <coordinates>34.96049823875788,32.108248561899565,90.40920549682671</coordinates>
                <altitudeMode>absolute</altitudeMode>
            </Point>
        </Placemark>
        <Placemark id="1509">
            <name>07:05:08</name>
            <description>UTC: 2026-03-22 07:05:08
Satellites used: 8
Speed: 27.3 m/s  (98.2 km/h)</description>
            <Point id="1508">
                <coordinates>34.96063914011748,32.1080981455355,100.02492204883583</coordinates>
                <altitudeMode>absolute</altitudeMode>
            </Point>
        </Placemark>
        <Placemark id="1511">
            <name>07:05:09</name>
            <description>UTC: 2026-03-22 07:05:09
Satellites used: 8
Speed: 24.1 m/s  (86.6 km/h)</description>
            <Point id="1510">
                <coordinates>34.960824247882044,32.10801861043349,103.1711606632844</coordinates>
                <altitudeMode>absolute</altitudeMode>
            </Point>
        </Placemark>
        <Placemark id="1513">
            <name>07:05:10</name>
            <description>UTC: 2026-03-22 07:05:10
Satellites used: 8
Speed: 27.6 m/s  (99.3 km/h)</description>
            <Point id="1512">
                <coordinates>34.96108004526102,32.10781603398137,103.87673713995672</coordinates>
                <altitudeMode>absolute</altitudeMode>
            </Point>
        </Placemark>
        <Placemark id="1515">
            <name>07:05:11</name>
            <description>UTC: 2026-03-22 07:05:11
Satellites used: 6
Speed: 24.6 m/s  (88.4 km/h)</description>
            <Point id="1514">
                <coordinates>34.96125429224795,32.10771252745647,101.0477428049005</coordinates>
                <altitudeMode>absolute</altitudeMode>
            </Point>
        </Placemark>
        <Placemark id="1517">
            <name>07:05:12</name>
            <description>UTC: 2026-03-22 07:05:12
Satellites used: 8
Speed: 27.5 m/s  (99.2 km/h)</description>
            <Point id="1516">
                <coordinates>34.961540497786025,32.107574532937576,114.75874082890716</coordinates>
                <altitudeMode>absolute</altitudeMode>
            </Point>
        </Placemark>
        <Placemark id="1519">
            <name>07:05:13</name>
            <description>UTC: 2026-03-22 07:05:13
Satellites used: 8
Speed: 24.2 m/s  (87.2 km/h)</description>
            <Point id="1518">
                <coordinates>34.961687015122905,32.10744251959054,102.66427864340817</coordinates>
                <altitudeMode>absolute</altitudeMode>
            </Point>
        </Placemark>
        <Placemark id="1521">
            <name>07:05:14</name>
            <description>UTC: 2026-03-22 07:05:14
Satellites used: 7
Speed: 28.5 m/s  (102.6 km/h)</description>
            <Point id="1520">
                <coordinates>34.96200328855564,32.10727711654342,108.5728806554374</coordinates>
                <altitudeMode>absolute</altitudeMode>
            </Point>
        </Placemark>
        <Placemark id="1523">
            <name>07:05:15</name>
            <description>UTC: 2026-03-22 07:05:15
Satellites used: 7
Speed: 28.1 m/s  (101.1 km/h)</description>
            <Point id="1522">
                <coordinates>34.96221777512018,32.10711285308205,98.94785913381402</coordinates>
                <altitudeMode>absolute</altitudeMode>
            </Point>
        </Placemark>
        <Placemark id="1525">
            <name>07:05:16</name>
            <description>UTC: 2026-03-22 07:05:16
Satellites used: 7
Speed: 27.9 m/s  (100.4 km/h)</description>
            <Point id="1524">
                <coordinates>34.96243392953981,32.1069496199911,94.25172489360078</coordinates>
                <altitudeMode>absolute</altitudeMode>
            </Point>
        </Placemark>
        <Placemark id="1527">
            <name>07:05:17</name>
            <description>UTC: 2026-03-22 07:05:17
Satellites used: 8
Speed: 26.3 m/s  (94.8 km/h)</description>
            <Point id="1526">
                <coordinates>34.962583139730846,32.10697743593945,140.6301002627165</coordinates>
                <altitudeMode>absolute</altitudeMode>
            </Point>
        </Placemark>
        <Placemark id="1529">
            <name>07:05:18</name>
            <description>UTC: 2026-03-22 07:05:18
Satellites used: 7
Speed: 25.4 m/s  (91.5 km/h)</description>
            <Point id="1528">
                <coordinates>34.96280738551963,32.106745579011715,107.2823130639</coordinates>
                <altitudeMode>absolute</altitudeMode>
            </Point>
        </Placemark>
        <Placemark id="1531">
            <name>07:05:19</name>
            <description>UTC: 2026-03-22 07:05:19
Satellites used: 8
Speed: 22.2 m/s  (80.0 km/h)</description>
            <Point id="1530">
                <coordinates>34.96296751880142,32.10673385930445,134.66135428364672</coordinates>
                <altitudeMode>absolute</altitudeMode>
            </Point>
        </Placemark>
        <Placemark id="1533">
            <name>07:05:20</name>
            <description>UTC: 2026-03-22 07:05:20
Satellites used: 8
Speed: 29.8 m/s  (107.2 km/h)</description>
            <Point id="1532">
                <coordinates>34.96326125850275,32.10642755936896,107.84857052598291</coordinates>
                <altitudeMode>absolute</altitudeMode>
            </Point>
        </Placemark>
        <Placemark id="1535">
            <name>07:05:21</name>
            <description>UTC: 2026-03-22 07:05:21
Satellites used: 7
Speed: 30.9 m/s  (111.1 km/h)</description>
            <Point id="1534">
                <coordinates>34.96350100710227,32.106247476487766,94.482916885074</coordinates>
                <altitudeMode>absolute</altitudeMode>
            </Point>
        </Placemark>
        <Placemark id="1537">
            <name>07:05:22</name>
            <description>UTC: 2026-03-22 07:05:22
Satellites used: 6
Speed: 24.0 m/s  (86.4 km/h)</description>
            <Point id="1536">
                <coordinates>34.96364521305193,32.10619477741209,119.81152660436835</coordinates>
                <altitudeMode>absolute</altitudeMode>
            </Point>
        </Placemark>
        <Placemark id="1539">
            <name>07:05:23</name>
            <description>UTC: 2026-03-22 07:05:23
Satellites used: 7
Speed: 30.1 m/s  (108.3 km/h)</description>
            <Point id="1538">
                <coordinates>34.9639457572302,32.10596481533456,95.41530359402135</coordinates>
                <altitudeMode>absolute</altitudeMode>
            </Point>
        </Placemark>
        <Placemark id="1541">
            <name>07:05:24</name>
            <description>UTC: 2026-03-22 07:05:24
Satellites used: 8
Speed: 24.2 m/s  (87.2 km/h)</description>
            <Point id="1540">
                <coordinates>34.96410960541352,32.10590298052674,109.88549670924374</coordinates>
                <altitudeMode>absolute</altitudeMode>
            </Point>
        </Placemark>
        <Placemark id="1543">
            <name>07:05:25</name>
            <description>UTC: 2026-03-22 07:05:25
Satellites used: 8
Speed: 25.8 m/s  (93.0 km/h)</description>
            <Point id="1542">
                <coordinates>34.96435604106877,32.10576071178637,112.81966597379771</coordinates>
                <altitudeMode>absolute</altitudeMode>
            </Point>
        </Placemark>
        <Placemark id="1545">
            <name>07:05:26</name>
            <description>UTC: 2026-03-22 07:05:26
Satellites used: 8
Speed: 27.6 m/s  (99.3 km/h)</description>
            <Point id="1544">
                <coordinates>34.96460967990415,32.10559298118868,107.05377899615407</coordinates>
                <altitudeMode>absolute</altitudeMode>
            </Point>
        </Placemark>
        <Placemark id="1547">
            <name>07:05:27</name>
            <description>UTC: 2026-03-22 07:05:27
Satellites used: 8
Speed: 26.4 m/s  (95.2 km/h)</description>
            <Point id="1546">
                <coordinates>34.96480252169007,32.105462765815794,122.60753937979264</coordinates>
                <altitudeMode>absolute</altitudeMode>
            </Point>
        </Placemark>
        <Placemark id="1549">
            <name>07:05:28</name>
            <description>UTC: 2026-03-22 07:05:28
Satellites used: 8
Speed: 23.8 m/s  (85.8 km/h)</description>
            <Point id="1548">
                <coordinates>34.96498453416736,32.10536077690944,120.14912670478027</coordinates>
                <altitudeMode>absolute</altitudeMode>
            </Point>
        </Placemark>
        <Placemark id="1551">
            <name>07:05:29</name>
            <description>UTC: 2026-03-22 07:05:29
Satellites used: 7
Speed: 26.3 m/s  (94.7 km/h)</description>
            <Point id="1550">
                <coordinates>34.96520801417895,32.10516765994506,109.7602072402857</coordinates>
                <altitudeMode>absolute</altitudeMode>
            </Point>
        </Placemark>
        <Placemark id="1553">
            <name>07:05:30</name>
            <description>UTC: 2026-03-22 07:05:30
Satellites used: 7
Speed: 27.8 m/s  (100.1 km/h)</description>
            <Point id="1552">
                <coordinates>34.96549971196753,32.10505619411346,103.6121284805529</coordinates>
                <altitudeMode>absolute</altitudeMode>
            </Point>
        </Placemark>
        <Placemark id="1555">
            <name>07:05:31</name>
            <description>UTC: 2026-03-22 07:05:31
Satellites used: 7
Speed: 23.3 m/s  (83.9 km/h)</description>
            <Point id="1554">
                <coordinates>34.96558332925526,32.104970400945405,133.59695812342056</coordinates>
                <altitudeMode>absolute</altitudeMode>
            </Point>
        </Placemark>
        <Placemark id="1557">
            <name>07:05:32</name>
            <description>UTC: 2026-03-22 07:05:32
Satellites used: 7
Speed: 26.7 m/s  (96.0 km/h)</description>
            <Point id="1556">
                <coordinates>34.965884699767166,32.10479516003651,125.99221070004843</coordinates>
                <altitudeMode>absolute</altitudeMode>
            </Point>
        </Placemark>
        <Placemark id="1559">
            <name>07:05:33</name>
            <description>UTC: 2026-03-22 07:05:33
Satellites used: 8
Speed: 28.9 m/s  (104.1 km/h)</description>
            <Point id="1558">
                <coordinates>34.9661365392438,32.10459471023176,118.85952893155327</coordinates>
                <altitudeMode>absolute</altitudeMode>
            </Point>
        </Placemark>
        <Placemark id="1561">
            <name>07:05:34</name>
            <description>UTC: 2026-03-22 07:05:34
Satellites used: 8
Speed: 24.8 m/s  (89.4 km/h)</description>
            <Point id="1560">
                <coordinates>34.966326624976745,32.10454093782503,130.07558041050407</coordinates>
                <altitudeMode>absolute</altitudeMode>
            </Point>
        </Placemark>
        <Placemark id="1563">
            <name>07:05:35</name>
            <description>UTC: 2026-03-22 07:05:35
Satellites used: 8
Speed: 26.8 m/s  (96.5 km/h)</description>
            <Point id="1562">
                <coordinates>34.96657198240305,32.104365318932985,121.64465081693542</coordinates>
                <altitudeMode>absolute</altitudeMode>
            </Point>
        </Placemark>
        <Placemark id="1565">
            <name>07:05:36</name>
            <description>UTC: 2026-03-22 07:05:36
Satellites used: 7
Speed: 25.5 m/s  (92.0 km/h)</description>
            <Point id="1564">
                <coordinates>34.96676921175755,32.10423344966528,125.302010306595</coordinates>
                <altitudeMode>absolute</altitudeMode>
            </Point>
        </Placemark>
        <Placemark id="1567">
            <name>07:05:37</name>
            <description>UTC: 2026-03-22 07:05:37
Satellites used: 8
Speed: 25.3 m/s  (91.1 km/h)</description>
            <Point id="1566">
                <coordinates>34.96703084192549,32.104195447929456,138.18732098902413</coordinates>
                <altitudeMode>absolute</altitudeMode>
            </Point>
        </Placemark>
        <Placemark id="1569">
            <name>07:05:38</name>
            <description>UTC: 2026-03-22 07:05:38
Satellites used: 7
Speed: 28.8 m/s  (103.8 km/h)</description>
            <Point id="1568">
                <coordinates>34.967298102227566,32.10396293991843,126.05661201099653</coordinates>
                <altitudeMode>absolute</altitudeMode>
            </Point>
        </Placemark>
        <Placemark id="1571">
            <name>07:05:39</name>
            <description>UTC: 2026-03-22 07:05:39
Satellites used: 7
Speed: 26.6 m/s  (95.7 km/h)</description>
            <Point id="1570">
                <coordinates>34.96748947763175,32.10383365189348,123.18061373655479</coordinates>
                <altitudeMode>absolute</altitudeMode>
            </Point>
        </Placemark>
        <Placemark id="1573">
            <name>07:05:40</name>
            <description>UTC: 2026-03-22 07:05:40
Satellites used: 7
Speed: 28.3 m/s  (101.8 km/h)</description>
            <Point id="1572">
                <coordinates>34.96774952828355,32.103691570146104,110.3143782142955</coordinates>
                <altitudeMode>absolute</altitudeMode>
            </Point>
        </Placemark>
        <Placemark id="1575">
            <name>07:05:41</name>
            <description>UTC: 2026-03-22 07:05:41
Satellites used: 7
Speed: 24.9 m/s  (89.5 km/h)</description>
            <Point id="1574">
                <coordinates>34.96795823027397,32.103627591501755,126.63771907872875</coordinates>
                <altitudeMode>absolute</altitudeMode>
            </Point>
        </Placemark>
        <Placemark id="1577">
            <name>07:05:42</name>
            <description>UTC: 2026-03-22 07:05:42
Satellites used: 7
Speed: 24.5 m/s  (88.1 km/h)</description>
            <Point id="1576">
                <coordinates>34.96814187555834,32.10349305567429,136.08642868845487</coordinates>
                <altitudeMode>absolute</altitudeMode>
            </Point>
        </Placemark>
        <Placemark id="1579">
            <name>07:05:43</name>
            <description>UTC: 2026-03-22 07:05:43
Satellites used: 7
Speed: 24.7 m/s  (88.9 km/h)</description>
            <Point id="1578">
                <coordinates>34.96840212131743,32.103409031420746,130.46063373153748</coordinates>
                <altitudeMode>absolute</altitudeMode>
            </Point>
        </Placemark>
        <Placemark id="1581">
            <name>07:05:44</name>
            <description>UTC: 2026-03-22 07:05:44
Satellites used: 7
Speed: 24.2 m/s  (87.1 km/h)</description>
            <Point id="1580">
                <coordinates>34.968583551373115,32.10326946577206,138.90270750698406</coordinates>
                <altitudeMode>absolute</altitudeMode>
            </Point>
        </Placemark>
        <Placemark id="1583">
            <name>07:05:45</name>
            <description>UTC: 2026-03-22 07:05:45
Satellites used: 6
Speed: 26.3 m/s  (94.6 km/h)</description>
            <Point id="1582">
                <coordinates>34.9688775644647,32.103169494831235,139.48594659788682</coordinates>
                <altitudeMode>absolute</altitudeMode>
            </Point>
        </Placemark>
        <Placemark id="1585">
            <name>07:05:46</name>
            <description>UTC: 2026-03-22 07:05:46
Satellites used: 6
Speed: 28.4 m/s  (102.1 km/h)</description>
            <Point id="1584">
                <coordinates>34.969170925976485,32.10311161344224,112.48419266656455</coordinates>
                <altitudeMode>absolute</altitudeMode>
            </Point>
        </Placemark>
        <Placemark id="1587">
            <name>07:05:47</name>
            <description>UTC: 2026-03-22 07:05:47
Satellites used: 6
Speed: 25.0 m/s  (89.8 km/h)</description>
            <Point id="1586">
                <coordinates>34.96932676959022,32.102953346178744,137.48175597182566</coordinates>
                <altitudeMode>absolute</altitudeMode>
            </Point>
        </Placemark>
        <Placemark id="1589">
            <name>07:05:48</name>
            <description>UTC: 2026-03-22 07:05:48
Satellites used: 5
Speed: 24.6 m/s  (88.6 km/h)</description>
            <Point id="1588">
                <coordinates>34.96956937278611,32.102884562281176,141.7611362628239</coordinates>
                <altitudeMode>absolute</altitudeMode>
            </Point>
        </Placemark>
        <Placemark id="1591">
            <name>07:05:49</name>
            <description>UTC: 2026-03-22 07:05:49
Satellites used: 6
Speed: 28.9 m/s  (103.9 km/h)</description>
            <Point id="1590">
                <coordinates>34.96970022767454,32.10270813062831,178.94291935011753</coordinates>
                <altitudeMode>absolute</altitudeMode>
            </Point>
        </Placemark>
        <Placemark id="1593">
            <name>07:05:51</name>
            <description>UTC: 2026-03-22 07:05:51
Satellites used: 6
Speed: 24.6 m/s  (88.4 km/h)</description>
            <Point id="1592">
                <coordinates>34.9703199980221,32.10265052553923,131.31131541053463</coordinates>
                <altitudeMode>absolute</altitudeMode>
            </Point>
        </Placemark>
        <Placemark id="1595">
            <name>07:05:52</name>
            <description>UTC: 2026-03-22 07:05:52
Satellites used: 6
Speed: 25.6 m/s  (92.3 km/h)</description>
            <Point id="1594">
                <coordinates>34.9706041932094,32.102595799368444,132.3217973132459</coordinates>
                <altitudeMode>absolute</altitudeMode>
            </Point>
        </Placemark>
        <Placemark id="1597">
            <name>07:05:53</name>
            <description>UTC: 2026-03-22 07:05:53
Satellites used: 6
Speed: 24.8 m/s  (89.4 km/h)</description>
            <Point id="1596">
                <coordinates>34.97082267105204,32.10248542946967,130.70673528535102</coordinates>
                <altitudeMode>absolute</altitudeMode>
            </Point>
        </Placemark>
        <Placemark id="1599">
            <name>07:05:54</name>
            <description>UTC: 2026-03-22 07:05:54
Satellites used: 6
Speed: 23.2 m/s  (83.7 km/h)</description>
            <Point id="1598">
                <coordinates>34.97100171346417,32.10241951148964,147.4203642030653</coordinates>
                <altitudeMode>absolute</altitudeMode>
            </Point>
        </Placemark>
        <Placemark id="1601">
            <name>07:05:55</name>
            <description>UTC: 2026-03-22 07:05:55
Satellites used: 6
Speed: 25.8 m/s  (92.7 km/h)</description>
            <Point id="1600">
                <coordinates>34.97129951406934,32.102310276474,130.4623080491157</coordinates>
                <altitudeMode>absolute</altitudeMode>
            </Point>
        </Placemark>
        <Placemark id="1603">
            <name>07:05:56</name>
            <description>UTC: 2026-03-22 07:05:56
Satellites used: 6
Speed: 26.5 m/s  (95.3 km/h)</description>
            <Point id="1602">
                <coordinates>34.971612056257506,32.102337042551675,140.9280517998796</coordinates>
                <altitudeMode>absolute</altitudeMode>
            </Point>
        </Placemark>
        <Placemark id="1605">
            <name>07:05:57</name>
            <description>UTC: 2026-03-22 07:05:57
Satellites used: 6
Speed: 26.4 m/s  (95.2 km/h)</description>
            <Point id="1604">
                <coordinates>34.97186877501822,32.102267331564235,124.3639926194654</coordinates>
                <altitudeMode>absolute</altitudeMode>
            </Point>
        </Placemark>
        <Placemark id="1607">
            <name>07:05:58</name>
            <description>UTC: 2026-03-22 07:05:58
Satellites used: 6
Speed: 27.5 m/s  (98.8 km/h)</description>
            <Point id="1606">
                <coordinates>34.97215881476677,32.102160270306435,127.63168538346952</coordinates>
                <altitudeMode>absolute</altitudeMode>
            </Point>
        </Placemark>
        <Placemark id="1609">
            <name>07:05:59</name>
            <description>UTC: 2026-03-22 07:05:59
Satellites used: 5
Speed: 27.5 m/s  (98.9 km/h)</description>
            <Point id="1608">
                <coordinates>34.97243824827583,32.10213507270101,116.58679196474041</coordinates>
                <altitudeMode>absolute</altitudeMode>
            </Point>
        </Placemark>
        <Placemark id="1611">
            <name>07:06:00</name>
            <description>UTC: 2026-03-22 07:06:00
Satellites used: 6
Speed: 25.3 m/s  (91.2 km/h)</description>
            <Point id="1610">
                <coordinates>34.97267756255488,32.10210855134028,119.44524318172196</coordinates>
                <altitudeMode>absolute</altitudeMode>
            </Point>
        </Placemark>
        <Placemark id="1613">
            <name>07:06:01</name>
            <description>UTC: 2026-03-22 07:06:01
Satellites used: 6
Speed: 25.1 m/s  (90.3 km/h)</description>
            <Point id="1612">
                <coordinates>34.97285932857627,32.102061945157324,151.45894347806544</coordinates>
                <altitudeMode>absolute</altitudeMode>
            </Point>
        </Placemark>
        <Placemark id="1615">
            <name>07:06:02</name>
            <description>UTC: 2026-03-22 07:06:02
Satellites used: 5
Speed: 36.1 m/s  (130.0 km/h)</description>
            <Point id="1614">
                <coordinates>34.97328604806429,32.10198368094028,83.395035476716</coordinates>
                <altitudeMode>absolute</altitudeMode>
            </Point>
        </Placemark>
        <Placemark id="1617">
            <name>07:06:03</name>
            <description>UTC: 2026-03-22 07:06:03
Satellites used: 5
Speed: 25.7 m/s  (92.6 km/h)</description>
            <Point id="1616">
                <coordinates>34.973473562663585,32.10198166242551,130.1990694272548</coordinates>
                <altitudeMode>absolute</altitudeMode>
            </Point>
        </Placemark>
        <Placemark id="1619">
            <name>07:06:04</name>
            <description>UTC: 2026-03-22 07:06:04
Satellites used: 5
Speed: 28.5 m/s  (102.6 km/h)</description>
            <Point id="1618">
                <coordinates>34.973812942101254,32.10193983270401,105.44684595453688</coordinates>
                <altitudeMode>absolute</altitudeMode>
            </Point>
        </Placemark>
        <Placemark id="1621">
            <name>07:06:05</name>
            <description>UTC: 2026-03-22 07:06:05
Satellites used: 5
Speed: 27.5 m/s  (99.0 km/h)</description>
            <Point id="1620">
                <coordinates>34.97408638520577,32.101896068951305,123.98883399100545</coordinates>
                <altitudeMode>absolute</altitudeMode>
            </Point>
        </Placemark>
        <Placemark id="1623">
            <name>07:06:06</name>
            <description>UTC: 2026-03-22 07:06:06
Satellites used: 6
Speed: 18.9 m/s  (68.1 km/h)</description>
            <Point id="1622">
                <coordinates>34.9741274926348,32.10186073976372,105.20057539864968</coordinates>
                <altitudeMode>absolute</altitudeMode>
            </Point>
        </Placemark>
        <Placemark id="1625">
            <name>07:06:15</name>
            <description>UTC: 2026-03-22 07:06:15
Satellites used: 6
Speed: 22.0 m/s  (79.3 km/h)</description>
            <Point id="1624">
                <coordinates>34.9767814684686,32.101827514165166,125.19501445797803</coordinates>
                <altitudeMode>absolute</altitudeMode>
            </Point>
        </Placemark>
        <Placemark id="1627">
            <name>07:06:16</name>
            <description>UTC: 2026-03-22 07:06:16
Satellites used: 6
Speed: 33.3 m/s  (120.0 km/h)</description>
            <Point id="1626">
                <coordinates>34.97724565282668,32.10180364886381,95.95681884376657</coordinates>
                <altitudeMode>absolute</altitudeMode>
            </Point>
        </Placemark>
        <Placemark id="1629">
            <name>07:06:17</name>
            <description>UTC: 2026-03-22 07:06:17
Satellites used: 5
Speed: 16.9 m/s  (60.7 km/h)</description>
            <Point id="1628">
                <coordinates>34.97720440940554,32.101830392755446,111.81246774962933</coordinates>
                <altitudeMode>absolute</altitudeMode>
            </Point>
        </Placemark>
        <Placemark id="1631">
            <name>07:06:18</name>
            <description>UTC: 2026-03-22 07:06:18
Satellites used: 6
Speed: 37.5 m/s  (134.9 km/h)</description>
            <Point id="1630">
                <coordinates>34.9779259220777,32.10181196581398,122.45999901305348</coordinates>
                <altitudeMode>absolute</altitudeMode>
            </Point>
        </Placemark>
        <Placemark id="1633">
            <name>07:06:19</name>
            <description>UTC: 2026-03-22 07:06:19
Satellites used: 6
Speed: 36.0 m/s  (129.6 km/h)</description>
            <Point id="1632">
                <coordinates>34.97821718448566,32.10175919518508,84.52424019342469</coordinates>
                <altitudeMode>absolute</altitudeMode>
            </Point>
        </Placemark>
        <Placemark id="1635">
            <name>07:06:20</name>
            <description>UTC: 2026-03-22 07:06:20
Satellites used: 5
Speed: 28.7 m/s  (103.2 km/h)</description>
            <Point id="1634">
                <coordinates>34.978413924040595,32.1018244502353,83.79799059646706</coordinates>
                <altitudeMode>absolute</altitudeMode>
            </Point>
        </Placemark>
        <Placemark id="1637">
            <name>07:06:21</name>
            <description>UTC: 2026-03-22 07:06:21
Satellites used: 5
Speed: 27.5 m/s  (98.9 km/h)</description>
            <Point id="1636">
                <coordinates>34.97868806108127,32.10175927233318,82.36761148358148</coordinates>
                <altitudeMode>absolute</altitudeMode>
            </Point>
        </Placemark>
        <Placemark id="1639">
            <name>07:06:22</name>
            <description>UTC: 2026-03-22 07:06:22
Satellites used: 7
Speed: 30.6 m/s  (110.2 km/h)</description>
            <Point id="1638">
                <coordinates>34.97907256263018,32.10180300495343,91.69258113310826</coordinates>
                <altitudeMode>absolute</altitudeMode>
            </Point>
        </Placemark>
        <Placemark id="1641">
            <name>07:06:23</name>
            <description>UTC: 2026-03-22 07:06:23
Satellites used: 6
Speed: 26.9 m/s  (96.9 km/h)</description>
            <Point id="1640">
                <coordinates>34.979298373238066,32.101809611812286,92.61961907797465</coordinates>
                <altitudeMode>absolute</altitudeMode>
            </Point>
        </Placemark>
        <Placemark id="1643">
            <name>07:06:24</name>
            <description>UTC: 2026-03-22 07:06:24
Satellites used: 7
Speed: 23.7 m/s  (85.5 km/h)</description>
            <Point id="1642">
                <coordinates>34.979457547751444,32.10167284123394,107.66823656621892</coordinates>
                <altitudeMode>absolute</altitudeMode>
            </Point>
        </Placemark>
        <Placemark id="1645">
            <name>07:06:25</name>
            <description>UTC: 2026-03-22 07:06:25
Satellites used: 7
Speed: 24.3 m/s  (87.5 km/h)</description>
            <Point id="1644">
                <coordinates>34.979668717354656,32.101687007551135,126.68544579054013</coordinates>
                <altitudeMode>absolute</altitudeMode>
            </Point>
        </Placemark>
        <Placemark id="1647">
            <name>07:06:26</name>
            <description>UTC: 2026-03-22 07:06:26
Satellites used: 6
Speed: 29.4 m/s  (106.0 km/h)</description>
            <Point id="1646">
                <coordinates>34.980106524537305,32.10176354433178,103.16873925002534</coordinates>
                <altitudeMode>absolute</altitudeMode>
            </Point>
        </Placemark>
        <Placemark id="1649">
            <name>07:06:27</name>
            <description>UTC: 2026-03-22 07:06:27
Satellites used: 6
Speed: 31.1 m/s  (112.0 km/h)</description>
            <Point id="1648">
                <coordinates>34.98045154151147,32.10176354313562,93.03297000716412</coordinates>
                <altitudeMode>absolute</altitudeMode>
            </Point>
        </Placemark>
        <Placemark id="1651">
            <name>07:06:28</name>
            <description>UTC: 2026-03-22 07:06:28
Satellites used: 6
Speed: 27.6 m/s  (99.2 km/h)</description>
            <Point id="1650">
                <coordinates>34.98068782471066,32.10174998826662,91.69215470091075</coordinates>
                <altitudeMode>absolute</altitudeMode>
            </Point>
        </Placemark>
        <Placemark id="1653">
            <name>07:06:29</name>
            <description>UTC: 2026-03-22 07:06:29
Satellites used: 6
Speed: 26.4 m/s  (94.9 km/h)</description>
            <Point id="1652">
                <coordinates>34.98095076538807,32.10172982263759,93.05802035834691</coordinates>
                <altitudeMode>absolute</altitudeMode>
            </Point>
        </Placemark>
        <Placemark id="1655">
            <name>07:06:30</name>
            <description>UTC: 2026-03-22 07:06:30
Satellites used: 6
Speed: 28.6 m/s  (103.0 km/h)</description>
            <Point id="1654">
                <coordinates>34.981262481885366,32.10156829279968,94.75339608824481</coordinates>
                <altitudeMode>absolute</altitudeMode>
            </Point>
        </Placemark>
        <Placemark id="1657">
            <name>07:06:31</name>
            <description>UTC: 2026-03-22 07:06:31
Satellites used: 5
Speed: 25.1 m/s  (90.2 km/h)</description>
            <Point id="1656">
                <coordinates>34.98148769567239,32.101699273660266,95.15409338054913</coordinates>
                <altitudeMode>absolute</altitudeMode>
            </Point>
        </Placemark>
        <Placemark id="1659">
            <name>07:06:32</name>
            <description>UTC: 2026-03-22 07:06:32
Satellites used: 5
Speed: 25.4 m/s  (91.4 km/h)</description>
            <Point id="1658">
                <coordinates>34.98175503929891,32.10166266118718,104.4200568833749</coordinates>
                <altitudeMode>absolute</altitudeMode>
            </Point>
        </Placemark>
        <Placemark id="1661">
            <name>07:06:33</name>
            <description>UTC: 2026-03-22 07:06:33
Satellites used: 5
Speed: 23.6 m/s  (85.0 km/h)</description>
            <Point id="1660">
                <coordinates>34.981977999154964,32.101725104696506,102.03935514638681</coordinates>
                <altitudeMode>absolute</altitudeMode>
            </Point>
        </Placemark>
        <Placemark id="1663">
            <name>07:06:34</name>
            <description>UTC: 2026-03-22 07:06:34
Satellites used: 5
Speed: 22.9 m/s  (82.4 km/h)</description>
            <Point id="1662">
                <coordinates>34.982200877344575,32.10170146954458,110.5113057984957</coordinates>
                <altitudeMode>absolute</altitudeMode>
            </Point>
        </Placemark>
        <Placemark id="1665">
            <name>07:06:36</name>
            <description>UTC: 2026-03-22 07:06:36
Satellites used: 4
Speed: 22.3 m/s  (80.2 km/h)</description>
            <Point id="1664">
                <coordinates>34.98264141307056,32.101734314248446,120.1317956097211</coordinates>
                <altitudeMode>absolute</altitudeMode>
            </Point>
        </Placemark>
        <Placemark id="1667">
            <name>07:06:42</name>
            <description>UTC: 2026-03-22 07:06:42
Satellites used: 4
Speed: 52.3 m/s  (188.3 km/h)</description>
            <Point id="1666">
                <coordinates>34.98072487053871,32.09795427742954,748.6759631422348</coordinates>
                <altitudeMode>absolute</altitudeMode>
            </Point>
        </Placemark>
        <Placemark id="1669">
            <name>07:06:51</name>
            <description>UTC: 2026-03-22 07:06:51
Satellites used: 4
Speed: 25.4 m/s  (91.4 km/h)</description>
            <Point id="1668">
                <coordinates>34.986591201632976,32.101796579501375,123.15215851243222</coordinates>
                <altitudeMode>absolute</altitudeMode>
            </Point>
        </Placemark>
        <Placemark id="1671">
            <name>07:06:52</name>
            <description>UTC: 2026-03-22 07:06:52
Satellites used: 4
Speed: 29.5 m/s  (106.3 km/h)</description>
            <Point id="1670">
                <coordinates>34.986956369694354,32.101832839667075,112.05138671896492</coordinates>
                <altitudeMode>absolute</altitudeMode>
            </Point>
        </Placemark>
        <Placemark id="1673">
            <name>07:06:53</name>
            <description>UTC: 2026-03-22 07:06:53
Satellites used: 5
Speed: 26.9 m/s  (97.0 km/h)</description>
            <Point id="1672">
                <coordinates>34.98719648447402,32.10190907673528,120.56609975216233</coordinates>
                <altitudeMode>absolute</altitudeMode>
            </Point>
        </Placemark>
        <Placemark id="1675">
            <name>07:06:54</name>
            <description>UTC: 2026-03-22 07:06:54
Satellites used: 5
Speed: 26.1 m/s  (94.0 km/h)</description>
            <Point id="1674">
                <coordinates>34.9874407406497,32.10199833180708,115.9481523264794</coordinates>
                <altitudeMode>absolute</altitudeMode>
            </Point>
        </Placemark>
        <Placemark id="1677">
            <name>07:07:00</name>
            <description>UTC: 2026-03-22 07:07:00
Satellites used: 8
Speed: 25.6 m/s  (92.2 km/h)</description>
            <Point id="1676">
                <coordinates>34.98889545854661,32.10254886197895,121.74683508082616</coordinates>
                <altitudeMode>absolute</altitudeMode>
            </Point>
        </Placemark>
        <Placemark id="1679">
            <name>07:07:01</name>
            <description>UTC: 2026-03-22 07:07:01
Satellites used: 7
Speed: 28.0 m/s  (100.8 km/h)</description>
            <Point id="1678">
                <coordinates>34.98915467989639,32.102687206890536,101.82572760993266</coordinates>
                <altitudeMode>absolute</altitudeMode>
            </Point>
        </Placemark>
        <Placemark id="1681">
            <name>07:07:02</name>
            <description>UTC: 2026-03-22 07:07:02
Satellites used: 7
Speed: 26.4 m/s  (95.2 km/h)</description>
            <Point id="1680">
                <coordinates>34.989377420261334,32.1028301175049,115.98270353284566</coordinates>
                <altitudeMode>absolute</altitudeMode>
            </Point>
        </Placemark>
        <Placemark id="1683">
            <name>07:07:03</name>
            <description>UTC: 2026-03-22 07:07:03
Satellites used: 7
Speed: 28.0 m/s  (100.7 km/h)</description>
            <Point id="1682">
                <coordinates>34.98959916540619,32.10297203252884,138.9325486664658</coordinates>
                <altitudeMode>absolute</altitudeMode>
            </Point>
        </Placemark>
        <Placemark id="1685">
            <name>07:07:04</name>
            <description>UTC: 2026-03-22 07:07:04
Satellites used: 7
Speed: 27.4 m/s  (98.7 km/h)</description>
            <Point id="1684">
                <coordinates>34.98984711282426,32.10312611297694,119.15806824119365</coordinates>
                <altitudeMode>absolute</altitudeMode>
            </Point>
        </Placemark>
        <Placemark id="1687">
            <name>07:07:05</name>
            <description>UTC: 2026-03-22 07:07:05
Satellites used: 7
Speed: 26.9 m/s  (96.7 km/h)</description>
            <Point id="1686">
                <coordinates>34.990064019870466,32.10327006329424,128.0420741143064</coordinates>
                <altitudeMode>absolute</altitudeMode>
            </Point>
        </Placemark>
        <Placemark id="1689">
            <name>07:07:06</name>
            <description>UTC: 2026-03-22 07:07:06
Satellites used: 7
Speed: 27.6 m/s  (99.5 km/h)</description>
            <Point id="1688">
                <coordinates>34.990325693776526,32.10338177554421,110.43747839675945</coordinates>
                <altitudeMode>absolute</altitudeMode>
            </Point>
        </Placemark>
        <Placemark id="1691">
            <name>07:07:07</name>
            <description>UTC: 2026-03-22 07:07:07
Satellites used: 7
Speed: 28.3 m/s  (101.7 km/h)</description>
            <Point id="1690">
                <coordinates>34.99056231982736,32.10356743976487,120.38221019340597</coordinates>
                <altitudeMode>absolute</altitudeMode>
            </Point>
        </Placemark>
        <Placemark id="1693">
            <name>07:07:08</name>
            <description>UTC: 2026-03-22 07:07:08
Satellites used: 8
Speed: 28.5 m/s  (102.7 km/h)</description>
            <Point id="1692">
                <coordinates>34.99078446668348,32.103748448343666,117.7157172923541</coordinates>
                <altitudeMode>absolute</altitudeMode>
            </Point>
        </Placemark>
        <Placemark id="1695">
            <name>07:07:09</name>
            <description>UTC: 2026-03-22 07:07:09
Satellites used: 8
Speed: 28.2 m/s  (101.6 km/h)</description>
            <Point id="1694">
                <coordinates>34.991049214222414,32.10386437999625,121.53026396585686</coordinates>
                <altitudeMode>absolute</altitudeMode>
            </Point>
        </Placemark>
        <Placemark id="1697">
            <name>07:07:10</name>
            <description>UTC: 2026-03-22 07:07:10
Satellites used: 8
Speed: 28.1 m/s  (101.2 km/h)</description>
            <Point id="1696">
                <coordinates>34.99130539244334,32.103971468056656,106.61108154530898</coordinates>
                <altitudeMode>absolute</altitudeMode>
            </Point>
        </Placemark>
        <Placemark id="1699">
            <name>07:07:11</name>
            <description>UTC: 2026-03-22 07:07:11
Satellites used: 8
Speed: 30.8 m/s  (110.8 km/h)</description>
            <Point id="1698">
                <coordinates>34.9916297065705,32.104133081254595,116.03719335865182</coordinates>
                <altitudeMode>absolute</altitudeMode>
            </Point>
        </Placemark>
        <Placemark id="1701">
            <name>07:07:12</name>
            <description>UTC: 2026-03-22 07:07:12
Satellites used: 8
Speed: 26.7 m/s  (96.1 km/h)</description>
            <Point id="1700">
                <coordinates>34.99177654092809,32.10427747904165,110.75219918584442</coordinates>
                <altitudeMode>absolute</altitudeMode>
            </Point>
        </Placemark>
        <Placemark id="1703">
            <name>07:07:13</name>
            <description>UTC: 2026-03-22 07:07:13
Satellites used: 8
Speed: 28.6 m/s  (103.1 km/h)</description>
            <Point id="1702">
                <coordinates>34.99200312331367,32.104455905003675,132.5172692196317</coordinates>
                <altitudeMode>absolute</altitudeMode>
            </Point>
        </Placemark>
        <Placemark id="1705">
            <name>07:07:14</name>
            <description>UTC: 2026-03-22 07:07:14
Satellites used: 8
Speed: 28.7 m/s  (103.4 km/h)</description>
            <Point id="1704">
                <coordinates>34.992276069008724,32.10459212303482,131.54164131750287</coordinates>
                <altitudeMode>absolute</altitudeMode>
            </Point>
        </Placemark>
        <Placemark id="1707">
            <name>07:07:15</name>
            <description>UTC: 2026-03-22 07:07:15
Satellites used: 8
Speed: 26.5 m/s  (95.4 km/h)</description>
            <Point id="1706">
                <coordinates>34.99246902260651,32.10472266403616,132.1951488469426</coordinates>
                <altitudeMode>absolute</altitudeMode>
            </Point>
        </Placemark>
        <Placemark id="1709">
            <name>07:07:16</name>
            <description>UTC: 2026-03-22 07:07:16
Satellites used: 7
Speed: 27.1 m/s  (97.4 km/h)</description>
            <Point id="1708">
                <coordinates>34.992729786629305,32.10481542053158,112.12025004547718</coordinates>
                <altitudeMode>absolute</altitudeMode>
            </Point>
        </Placemark>
        <Placemark id="1711">
            <name>07:07:17</name>
            <description>UTC: 2026-03-22 07:07:17
Satellites used: 8
Speed: 27.0 m/s  (97.1 km/h)</description>
            <Point id="1710">
                <coordinates>34.992941356785856,32.104994081763245,128.6976566511878</coordinates>
                <altitudeMode>absolute</altitudeMode>
            </Point>
        </Placemark>
        <Placemark id="1713">
            <name>07:07:18</name>
            <description>UTC: 2026-03-22 07:07:18
Satellites used: 7
Speed: 30.2 m/s  (108.8 km/h)</description>
            <Point id="1712">
                <coordinates>34.993277994641105,32.10513869699663,125.18444427574003</coordinates>
                <altitudeMode>absolute</altitudeMode>
            </Point>
        </Placemark>
        <Placemark id="1715">
            <name>07:07:19</name>
            <description>UTC: 2026-03-22 07:07:19
Satellites used: 7
Speed: 27.9 m/s  (100.3 km/h)</description>
            <Point id="1714">
                <coordinates>34.99352524578405,32.105197200106986,114.60573417434523</coordinates>
                <altitudeMode>absolute</altitudeMode>
            </Point>
        </Placemark>
        <Placemark id="1717">
            <name>07:07:20</name>
            <description>UTC: 2026-03-22 07:07:20
Satellites used: 8
Speed: 27.0 m/s  (97.4 km/h)</description>
            <Point id="1716">
                <coordinates>34.99373737338995,32.105337874631886,133.462298271954</coordinates>
                <altitudeMode>absolute</altitudeMode>
            </Point>
        </Placemark>
        <Placemark id="1719">
            <name>07:07:21</name>
            <description>UTC: 2026-03-22 07:07:21
Satellites used: 8
Speed: 26.5 m/s  (95.4 km/h)</description>
            <Point id="1718">
                <coordinates>34.99396896145714,32.10546719062359,119.53879670582741</coordinates>
                <altitudeMode>absolute</altitudeMode>
            </Point>
        </Placemark>
        <Placemark id="1721">
            <name>07:07:22</name>
            <description>UTC: 2026-03-22 07:07:22
Satellites used: 8
Speed: 28.2 m/s  (101.7 km/h)</description>
            <Point id="1720">
                <coordinates>34.99423454437902,32.10563256888168,121.30904816169628</coordinates>
                <altitudeMode>absolute</altitudeMode>
            </Point>
        </Placemark>
        <Placemark id="1723">
            <name>07:07:23</name>
            <description>UTC: 2026-03-22 07:07:23
Satellites used: 7
Speed: 26.0 m/s  (93.8 km/h)</description>
            <Point id="1722">
                <coordinates>34.99446980861405,32.1056887773308,115.03601195035897</coordinates>
                <altitudeMode>absolute</altitudeMode>
            </Point>
        </Placemark>
        <Placemark id="1725">
            <name>07:07:24</name>
            <description>UTC: 2026-03-22 07:07:24
Satellites used: 7
Speed: 25.9 m/s  (93.3 km/h)</description>
            <Point id="1724">
                <coordinates>34.99470790577478,32.10579898835178,126.7343427243596</coordinates>
                <altitudeMode>absolute</altitudeMode>
            </Point>
        </Placemark>
        <Placemark id="1727">
            <name>07:07:25</name>
            <description>UTC: 2026-03-22 07:07:25
Satellites used: 8
Speed: 26.0 m/s  (93.6 km/h)</description>
            <Point id="1726">
                <coordinates>34.994930208570146,32.10594554879874,124.84826438043153</coordinates>
                <altitudeMode>absolute</altitudeMode>
            </Point>
        </Placemark>
        <Placemark id="1729">
            <name>07:07:26</name>
            <description>UTC: 2026-03-22 07:07:26
Satellites used: 8
Speed: 27.0 m/s  (97.0 km/h)</description>
            <Point id="1728">
                <coordinates>34.99524130536016,32.105978873428754,116.2223378386495</coordinates>
                <altitudeMode>absolute</altitudeMode>
            </Point>
        </Placemark>
        <Placemark id="1731">
            <name>07:07:27</name>
            <description>UTC: 2026-03-22 07:07:27
Satellites used: 7
Speed: 25.5 m/s  (91.9 km/h)</description>
            <Point id="1730">
                <coordinates>34.9954734015971,32.10604790008381,127.83117900715276</coordinates>
                <altitudeMode>absolute</altitudeMode>
            </Point>
        </Placemark>
        <Placemark id="1733">
            <name>07:07:28</name>
            <description>UTC: 2026-03-22 07:07:28
Satellites used: 8
Speed: 26.7 m/s  (96.1 km/h)</description>
            <Point id="1732">
                <coordinates>34.995748061020336,32.106135166956605,134.93434121621343</coordinates>
                <altitudeMode>absolute</altitudeMode>
            </Point>
        </Placemark>
        <Placemark id="1735">
            <name>07:07:29</name>
            <description>UTC: 2026-03-22 07:07:29
Satellites used: 7
Speed: 24.8 m/s  (89.1 km/h)</description>
            <Point id="1734">
                <coordinates>34.99596158946246,32.10620405962598,138.73385362870332</coordinates>
                <altitudeMode>absolute</altitudeMode>
            </Point>
        </Placemark>
        <Placemark id="1737">
            <name>07:07:30</name>
            <description>UTC: 2026-03-22 07:07:30
Satellites used: 5
Speed: 26.8 m/s  (96.5 km/h)</description>
            <Point id="1736">
                <coordinates>34.996289272561356,32.10620715451694,140.59051409258078</coordinates>
                <altitudeMode>absolute</altitudeMode>
            </Point>
        </Placemark>
        <Placemark id="1739">
            <name>07:07:31</name>
            <description>UTC: 2026-03-22 07:07:31
Satellites used: 5
Speed: 26.5 m/s  (95.5 km/h)</description>
            <Point id="1738">
                <coordinates>34.996535704711384,32.10633885202027,136.75662883473697</coordinates>
                <altitudeMode>absolute</altitudeMode>
            </Point>
        </Placemark>
        <Placemark id="1741">
            <name>07:07:32</name>
            <description>UTC: 2026-03-22 07:07:32
Satellites used: 5
Speed: 27.3 m/s  (98.4 km/h)</description>
            <Point id="1740">
                <coordinates>34.99681864206937,32.10630690307903,157.44527445972975</coordinates>
                <altitudeMode>absolute</altitudeMode>
            </Point>
        </Placemark>
        <Placemark id="1743">
            <name>07:07:33</name>
            <description>UTC: 2026-03-22 07:07:33
Satellites used: 5
Speed: 28.8 m/s  (103.6 km/h)</description>
            <Point id="1742">
                <coordinates>34.99713198756243,32.10641359260584,129.64427465711725</coordinates>
                <altitudeMode>absolute</altitudeMode>
            </Point>
        </Placemark>
        <Placemark id="1745">
            <name>07:07:34</name>
            <description>UTC: 2026-03-22 07:07:34
Satellites used: 7
Speed: 30.4 m/s  (109.4 km/h)</description>
            <Point id="1744">
                <coordinates>34.99744148786406,32.106465071251634,114.185198696641</coordinates>
                <altitudeMode>absolute</altitudeMode>
            </Point>
        </Placemark>
        <Placemark id="1747">
            <name>07:07:35</name>
            <description>UTC: 2026-03-22 07:07:35
Satellites used: 7
Speed: 25.7 m/s  (92.5 km/h)</description>
            <Point id="1746">
                <coordinates>34.997662152560494,32.10647835323353,136.0254489632383</coordinates>
                <altitudeMode>absolute</altitudeMode>
            </Point>
        </Placemark>
        <Placemark id="1749">
            <name>07:07:36</name>
            <description>UTC: 2026-03-22 07:07:36
Satellites used: 7
Speed: 26.7 m/s  (96.3 km/h)</description>
            <Point id="1748">
                <coordinates>34.99796484466363,32.10648731120999,135.6469277614772</coordinates>
                <altitudeMode>absolute</altitudeMode>
            </Point>
        </Placemark>
        <Placemark id="1751">
            <name>07:07:37</name>
            <description>UTC: 2026-03-22 07:07:37
Satellites used: 7
Speed: 26.1 m/s  (93.9 km/h)</description>
            <Point id="1750">
                <coordinates>34.998220686048015,32.106548438905264,139.62112086581402</coordinates>
                <altitudeMode>absolute</altitudeMode>
            </Point>
        </Placemark>
        <Placemark id="1753">
            <name>07:07:38</name>
            <description>UTC: 2026-03-22 07:07:38
Satellites used: 7
Speed: 24.2 m/s  (87.1 km/h)</description>
            <Point id="1752">
                <coordinates>34.99844165524605,32.10658899819253,140.58015792445337</coordinates>
                <altitudeMode>absolute</altitudeMode>
            </Point>
        </Placemark>
        <Placemark id="1755">
            <name>07:07:39</name>
            <description>UTC: 2026-03-22 07:07:39
Satellites used: 7
Speed: 29.0 m/s  (104.3 km/h)</description>
            <Point id="1754">
                <coordinates>34.998826771777104,32.10659775414033,133.85901850128823</coordinates>
                <altitudeMode>absolute</altitudeMode>
            </Point>
        </Placemark>
        <Placemark id="1757">
            <name>07:07:40</name>
            <description>UTC: 2026-03-22 07:07:40
Satellites used: 7
Speed: 26.9 m/s  (97.0 km/h)</description>
            <Point id="1756">
                <coordinates>34.99907476330695,32.10660900823716,144.82048785264254</coordinates>
                <altitudeMode>absolute</altitudeMode>
            </Point>
        </Placemark>
        <Placemark id="1759">
            <name>07:07:41</name>
            <description>UTC: 2026-03-22 07:07:41
Satellites used: 7
Speed: 25.7 m/s  (92.4 km/h)</description>
            <Point id="1758">
                <coordinates>34.9993170705737,32.10669537373951,137.83800064304728</coordinates>
                <altitudeMode>absolute</altitudeMode>
            </Point>
        </Placemark>
        <Placemark id="1761">
            <name>07:07:42</name>
            <description>UTC: 2026-03-22 07:07:42
Satellites used: 7
Speed: 27.7 m/s  (99.9 km/h)</description>
            <Point id="1760">
                <coordinates>34.9996386834933,32.10672464519082,146.6333001562679</coordinates>
                <altitudeMode>absolute</altitudeMode>
            </Point>
        </Placemark>
        <Placemark id="1763">
            <name>07:07:43</name>
            <description>UTC: 2026-03-22 07:07:43
Satellites used: 7
Speed: 28.7 m/s  (103.4 km/h)</description>
            <Point id="1762">
                <coordinates>34.99995695992906,32.106724940224595,132.42792470269734</coordinates>
                <altitudeMode>absolute</altitudeMode>
            </Point>
        </Placemark>
        <Placemark id="1765">
            <name>07:07:44</name>
            <description>UTC: 2026-03-22 07:07:44
Satellites used: 7
Speed: 24.9 m/s  (89.7 km/h)</description>
            <Point id="1764">
                <coordinates>35.00013704389445,32.10675448267704,154.99424167357904</coordinates>
                <altitudeMode>absolute</altitudeMode>
            </Point>
        </Placemark>
        <Placemark id="1767">
            <name>07:07:45</name>
            <description>UTC: 2026-03-22 07:07:45
Satellites used: 7
Speed: 25.6 m/s  (92.1 km/h)</description>
            <Point id="1766">
                <coordinates>35.00042102856985,32.106813281437965,136.79636335552124</coordinates>
                <altitudeMode>absolute</altitudeMode>
            </Point>
        </Placemark>
        <Placemark id="1769">
            <name>07:07:46</name>
            <description>UTC: 2026-03-22 07:07:46
Satellites used: 7
Speed: 28.0 m/s  (101.0 km/h)</description>
            <Point id="1768">
                <coordinates>35.00076514007034,32.10677864714991,138.473420344325</coordinates>
                <altitudeMode>absolute</altitudeMode>
            </Point>
        </Placemark>
        <Placemark id="1771">
            <name>07:07:47</name>
            <description>UTC: 2026-03-22 07:07:47
Satellites used: 7
Speed: 25.8 m/s  (92.8 km/h)</description>
            <Point id="1770">
                <coordinates>35.00097702271687,32.10682520710988,156.57236567175772</coordinates>
                <altitudeMode>absolute</altitudeMode>
            </Point>
        </Placemark>
        <Placemark id="1773">
            <name>07:07:48</name>
            <description>UTC: 2026-03-22 07:07:48
Satellites used: 8
Speed: 25.2 m/s  (90.9 km/h)</description>
            <Point id="1772">
                <coordinates>35.00124271684709,32.106874385021975,150.74569590322798</coordinates>
                <altitudeMode>absolute</altitudeMode>
            </Point>
        </Placemark>
        <Placemark id="1775">
            <name>07:07:49</name>
            <description>UTC: 2026-03-22 07:07:49
Satellites used: 7
Speed: 28.0 m/s  (100.6 km/h)</description>
            <Point id="1774">
                <coordinates>35.001579931384974,32.106909098401154,145.89775696475792</coordinates>
                <altitudeMode>absolute</altitudeMode>
            </Point>
        </Placemark>
        <Placemark id="1777">
            <name>07:07:50</name>
            <description>UTC: 2026-03-22 07:07:50
Satellites used: 7
Speed: 23.6 m/s  (84.8 km/h)</description>
            <Point id="1776">
                <coordinates>35.00173994019361,32.1069174831156,162.27829154497698</coordinates>
                <altitudeMode>absolute</altitudeMode>
            </Point>
        </Placemark>
        <Placemark id="1779">
            <name>07:07:51</name>
            <description>UTC: 2026-03-22 07:07:51
Satellites used: 5
Speed: 28.7 m/s  (103.2 km/h)</description>
            <Point id="1778">
                <coordinates>35.00212777683624,32.10696906935508,145.40391893689838</coordinates>
                <altitudeMode>absolute</altitudeMode>
            </Point>
        </Placemark>
        <Placemark id="1781">
            <name>07:07:52</name>
            <description>UTC: 2026-03-22 07:07:52
Satellites used: 6
Speed: 26.8 m/s  (96.5 km/h)</description>
            <Point id="1780">
                <coordinates>35.00238382673401,32.10697910049496,145.75798803614043</coordinates>
                <altitudeMode>absolute</altitudeMode>
            </Point>
        </Placemark>
        <Placemark id="1783">
            <name>07:07:53</name>
            <description>UTC: 2026-03-22 07:07:53
Satellites used: 5
Speed: 27.4 m/s  (98.5 km/h)</description>
            <Point id="1782">
                <coordinates>35.00267919877774,32.10701876304573,145.38603640171334</coordinates>
                <altitudeMode>absolute</altitudeMode>
            </Point>
        </Placemark>
        <Placemark id="1785">
            <name>07:07:54</name>
            <description>UTC: 2026-03-22 07:07:54
Satellites used: 7
Speed: 24.9 m/s  (89.8 km/h)</description>
            <Point id="1784">
                <coordinates>35.00290179326922,32.10703590615711,153.16431413994414</coordinates>
                <altitudeMode>absolute</altitudeMode>
            </Point>
        </Placemark>
        <Placemark id="1787">
            <name>07:07:55</name>
            <description>UTC: 2026-03-22 07:07:55
Satellites used: 6
Speed: 24.8 m/s  (89.4 km/h)</description>
            <Point id="1786">
                <coordinates>35.00313788300329,32.10712188786289,161.67588512760287</coordinates>
                <altitudeMode>absolute</altitudeMode>
            </Point>
        </Placemark>
        <Placemark id="1789">
            <name>07:07:56</name>
            <description>UTC: 2026-03-22 07:07:56
Satellites used: 6
Speed: 26.9 m/s  (96.7 km/h)</description>
            <Point id="1788">
                <coordinates>35.00346144696089,32.107086135198905,165.44351046086777</coordinates>
                <altitudeMode>absolute</altitudeMode>
            </Point>
        </Placemark>
        <Placemark id="1791">
            <name>07:07:57</name>
            <description>UTC: 2026-03-22 07:07:57
Satellites used: 6
Speed: 27.7 m/s  (99.9 km/h)</description>
            <Point id="1790">
                <coordinates>35.003757634542396,32.107143438963355,146.27663254158202</coordinates>
                <altitudeMode>absolute</altitudeMode>
            </Point>
        </Placemark>
        <Placemark id="1793">
            <name>07:07:58</name>
            <description>UTC: 2026-03-22 07:07:58
Satellites used: 6
Speed: 25.3 m/s  (90.9 km/h)</description>
            <Point id="1792">
                <coordinates>35.0039002528781,32.10711252641775,186.38449034759313</coordinates>
                <altitudeMode>absolute</altitudeMode>
            </Point>
        </Placemark>
        <Placemark id="1795">
            <name>07:07:59</name>
            <description>UTC: 2026-03-22 07:07:59
Satellites used: 6
Speed: 28.4 m/s  (102.1 km/h)</description>
            <Point id="1794">
                <coordinates>35.004271290125274,32.107236836915234,150.90891649612982</coordinates>
                <altitudeMode>absolute</altitudeMode>
            </Point>
        </Placemark>
        <Placemark id="1797">
            <name>07:08:00</name>
            <description>UTC: 2026-03-22 07:08:00
Satellites used: 5
Speed: 25.3 m/s  (90.9 km/h)</description>
            <Point id="1796">
                <coordinates>35.00450892459466,32.10720466991215,159.0150530115419</coordinates>
                <altitudeMode>absolute</altitudeMode>
            </Point>
        </Placemark>
        <Placemark id="1799">
            <name>07:08:01</name>
            <description>UTC: 2026-03-22 07:08:01
Satellites used: 6
Speed: 28.0 m/s  (100.9 km/h)</description>
            <Point id="1798">
                <coordinates>35.00480198062882,32.10717038222454,184.9773882330953</coordinates>
                <altitudeMode>absolute</altitudeMode>
            </Point>
        </Placemark>
        <Placemark id="1801">
            <name>07:08:02</name>
            <description>UTC: 2026-03-22 07:08:02
Satellites used: 5
Speed: 27.6 m/s  (99.5 km/h)</description>
            <Point id="1800">
                <coordinates>35.00509501276337,32.107292682650545,158.64474068118608</coordinates>
                <altitudeMode>absolute</altitudeMode>
            </Point>
        </Placemark>
        <Placemark id="1803">
            <name>07:08:03</name>
            <description>UTC: 2026-03-22 07:08:03
Satellites used: 5
Speed: 26.8 m/s  (96.5 km/h)</description>
            <Point id="1802">
                <coordinates>35.00533876559971,32.10730100392514,144.69450931911425</coordinates>
                <altitudeMode>absolute</altitudeMode>
            </Point>
        </Placemark>
        <Placemark id="1805">
            <name>07:08:04</name>
            <description>UTC: 2026-03-22 07:08:04
Satellites used: 6
Speed: 25.6 m/s  (92.0 km/h)</description>
            <Point id="1804">
                <coordinates>35.00560924784471,32.10728966946992,163.86044298910448</coordinates>
                <altitudeMode>absolute</altitudeMode>
            </Point>
        </Placemark>
        <Placemark id="1807">
            <name>07:08:05</name>
            <description>UTC: 2026-03-22 07:08:05
Satellites used: 6
Speed: 23.0 m/s  (82.9 km/h)</description>
            <Point id="1806">
                <coordinates>35.00580980063346,32.10732996454736,163.89889772204526</coordinates>
                <altitudeMode>absolute</altitudeMode>
            </Point>
        </Placemark>
        <Placemark id="1809">
            <name>07:08:06</name>
            <description>UTC: 2026-03-22 07:08:06
Satellites used: 6
Speed: 25.2 m/s  (90.8 km/h)</description>
            <Point id="1808">
                <coordinates>35.006109662806715,32.10736439423407,158.29934136058185</coordinates>
                <altitudeMode>absolute</altitudeMode>
            </Point>
        </Placemark>
        <Placemark id="1811">
            <name>07:08:16</name>
            <description>UTC: 2026-03-22 07:08:16
Satellites used: 5
Speed: 24.8 m/s  (89.4 km/h)</description>
            <Point id="1810">
                <coordinates>35.008652473382305,32.107663549542394,156.8128728345672</coordinates>
                <altitudeMode>absolute</altitudeMode>
            </Point>
        </Placemark>
        <Placemark id="1813">
            <name>07:08:17</name>
            <description>UTC: 2026-03-22 07:08:17
Satellites used: 4
Speed: 24.6 m/s  (88.6 km/h)</description>
            <Point id="1812">
                <coordinates>35.00890789869856,32.10769239270118,157.86515314659223</coordinates>
                <altitudeMode>absolute</altitudeMode>
            </Point>
        </Placemark>
        <Placemark id="1815">
            <name>07:08:18</name>
            <description>UTC: 2026-03-22 07:08:18
Satellites used: 5
Speed: 24.1 m/s  (86.9 km/h)</description>
            <Point id="1814">
                <coordinates>35.009134400570865,32.10771611350314,172.90900276792345</coordinates>
                <altitudeMode>absolute</altitudeMode>
            </Point>
        </Placemark>
        <Placemark id="1817">
            <name>07:08:19</name>
            <description>UTC: 2026-03-22 07:08:19
Satellites used: 4
Speed: 24.7 m/s  (88.9 km/h)</description>
            <Point id="1816">
                <coordinates>35.00939271693912,32.1077692368724,178.1835655071038</coordinates>
                <altitudeMode>absolute</altitudeMode>
            </Point>
        </Placemark>
        <Placemark id="1819">
            <name>07:08:20</name>
            <description>UTC: 2026-03-22 07:08:20
Satellites used: 5
Speed: 26.9 m/s  (97.0 km/h)</description>
            <Point id="1818">
                <coordinates>35.009702620047406,32.10780124153836,153.92791272984442</coordinates>
                <altitudeMode>absolute</altitudeMode>
            </Point>
        </Placemark>
        <Placemark id="1821">
            <name>07:08:21</name>
            <description>UTC: 2026-03-22 07:08:21
Satellites used: 5
Speed: 24.5 m/s  (88.2 km/h)</description>
            <Point id="1820">
                <coordinates>35.009928552846695,32.10781439388264,172.031526628495</coordinates>
                <altitudeMode>absolute</altitudeMode>
            </Point>
        </Placemark>
        <Placemark id="1823">
            <name>07:08:22</name>
            <description>UTC: 2026-03-22 07:08:22
Satellites used: 4
Speed: 25.0 m/s  (90.0 km/h)</description>
            <Point id="1822">
                <coordinates>35.01018767103854,32.10784369553206,180.2385756970498</coordinates>
                <altitudeMode>absolute</altitudeMode>
            </Point>
        </Placemark>
        <Placemark id="1825">
            <name>07:08:23</name>
            <description>UTC: 2026-03-22 07:08:23
Satellites used: 5
Speed: 25.2 m/s  (90.6 km/h)</description>
            <Point id="1824">
                <coordinates>35.010455626369435,32.107886033976165,181.0557526210362</coordinates>
                <altitudeMode>absolute</altitudeMode>
            </Point>
        </Placemark>
        <Placemark id="1827">
            <name>07:08:24</name>
            <description>UTC: 2026-03-22 07:08:24
Satellites used: 5
Speed: 25.9 m/s  (93.3 km/h)</description>
            <Point id="1826">
                <coordinates>35.010742178064454,32.1079167956094,180.374614794523</coordinates>
                <altitudeMode>absolute</altitudeMode>
            </Point>
        </Placemark>
        <Placemark id="1829">
            <name>07:08:25</name>
            <description>UTC: 2026-03-22 07:08:25
Satellites used: 4
Speed: 24.8 m/s  (89.2 km/h)</description>
            <Point id="1828">
                <coordinates>35.01098328341647,32.1079580109574,177.30377482076153</coordinates>
                <altitudeMode>absolute</altitudeMode>
            </Point>
        </Placemark>
        <Placemark id="1831">
            <name>07:08:26</name>
            <description>UTC: 2026-03-22 07:08:26
Satellites used: 5
Speed: 26.7 m/s  (96.2 km/h)</description>
            <Point id="1830">
                <coordinates>35.01128828813295,32.10797216426998,166.62592182899456</coordinates>
                <altitudeMode>absolute</altitudeMode>
            </Point>
        </Placemark>
        <Placemark id="1833">
            <name>07:08:27</name>
            <description>UTC: 2026-03-22 07:08:27
Satellites used: 4
Speed: 30.4 m/s  (109.5 km/h)</description>
            <Point id="1832">
                <coordinates>35.0116171071362,32.10805655662822,147.86095153274897</coordinates>
                <altitudeMode>absolute</altitudeMode>
            </Point>
        </Placemark>
        <Placemark id="1835">
            <name>07:08:28</name>
            <description>UTC: 2026-03-22 07:08:28
Satellites used: 5
Speed: 25.1 m/s  (90.3 km/h)</description>
            <Point id="1834">
                <coordinates>35.011799710296366,32.108054936539595,181.35250471296015</coordinates>
                <altitudeMode>absolute</altitudeMode>
            </Point>
        </Placemark>
        <Placemark id="1837">
            <name>07:08:29</name>
            <description>UTC: 2026-03-22 07:08:29
Satellites used: 4
Speed: 25.7 m/s  (92.5 km/h)</description>
            <Point id="1836">
                <coordinates>35.012096427451525,32.10807332068289,165.39743870794254</coordinates>
                <altitudeMode>absolute</altitudeMode>
            </Point>
        </Placemark>
        <Placemark id="1839">
            <name>07:08:31</name>
            <description>UTC: 2026-03-22 07:08:31
Satellites used: 5
Speed: 26.3 m/s  (94.6 km/h)</description>
            <Point id="1838">
                <coordinates>35.012662392718056,32.10817497340889,168.2892637337383</coordinates>
                <altitudeMode>absolute</altitudeMode>
            </Point>
        </Placemark>
        <Placemark id="1841">
            <name>07:08:32</name>
            <description>UTC: 2026-03-22 07:08:32
Satellites used: 4
Speed: 25.8 m/s  (92.9 km/h)</description>
            <Point id="1840">
                <coordinates>35.01293093889199,32.10816519339993,171.41226863145948</coordinates>
                <altitudeMode>absolute</altitudeMode>
            </Point>
        </Placemark>
        <Placemark id="1843">
            <name>07:08:42</name>
            <description>UTC: 2026-03-22 07:08:42
Satellites used: 6
Speed: 0.0 m/s  (0.0 km/h)</description>
            <Point id="1842">
                <coordinates>35.01568651182972,32.108042698594545,180.579272317809</coordinates>
                <altitudeMode>absolute</altitudeMode>
            </Point>
        </Placemark>
        <Placemark id="1845">
            <name>07:08:43</name>
            <description>UTC: 2026-03-22 07:08:43
Satellites used: 6
Speed: 10.3 m/s  (37.2 km/h)</description>
            <Point id="1844">
                <coordinates>35.015934901259264,32.108124872833535,174.6189097700188</coordinates>
                <altitudeMode>absolute</altitudeMode>
            </Point>
        </Placemark>
        <Placemark id="1847">
            <name>07:08:44</name>
            <description>UTC: 2026-03-22 07:08:44
Satellites used: 6
Speed: 17.6 m/s  (63.3 km/h)</description>
            <Point id="1846">
                <coordinates>35.01624942429939,32.108040810302974,179.45000854100255</coordinates>
                <altitudeMode>absolute</altitudeMode>
            </Point>
        </Placemark>
        <Placemark id="1849">
            <name>07:08:45</name>
            <description>UTC: 2026-03-22 07:08:45
Satellites used: 6
Speed: 21.1 m/s  (75.9 km/h)</description>
            <Point id="1848">
                <coordinates>35.0165006243162,32.108028467230504,162.21066672551345</coordinates>
                <altitudeMode>absolute</altitudeMode>
            </Point>
        </Placemark>
        <Placemark id="1851">
            <name>07:08:46</name>
            <description>UTC: 2026-03-22 07:08:46
Satellites used: 6
Speed: 23.3 m/s  (83.9 km/h)</description>
            <Point id="1850">
                <coordinates>35.01672772270721,32.107932996657894,196.35325988446863</coordinates>
                <altitudeMode>absolute</altitudeMode>
            </Point>
        </Placemark>
        <Placemark id="1853">
            <name>07:08:47</name>
            <description>UTC: 2026-03-22 07:08:47
Satellites used: 6
Speed: 24.9 m/s  (89.6 km/h)</description>
            <Point id="1852">
                <coordinates>35.01704977316376,32.10793963172412,173.18412582542211</coordinates>
                <altitudeMode>absolute</altitudeMode>
            </Point>
        </Placemark>
        <Placemark id="1855">
            <name>07:08:48</name>
            <description>UTC: 2026-03-22 07:08:48
Satellites used: 6
Speed: 26.2 m/s  (94.2 km/h)</description>
            <Point id="1854">
                <coordinates>35.01732979632058,32.10782758879989,181.70634861419623</coordinates>
                <altitudeMode>absolute</altitudeMode>
            </Point>
        </Placemark>
        <Placemark id="1857">
            <name>07:08:49</name>
            <description>UTC: 2026-03-22 07:08:49
Satellites used: 6
Speed: 26.9 m/s  (96.8 km/h)</description>
            <Point id="1856">
                <coordinates>35.017617965533034,32.10777307988598,184.295316027699</coordinates>
                <altitudeMode>absolute</altitudeMode>
            </Point>
        </Placemark>
        <Placemark id="1859">
            <name>07:08:50</name>
            <description>UTC: 2026-03-22 07:08:50
Satellites used: 6
Speed: 35.6 m/s  (128.2 km/h)</description>
            <Point id="1858">
                <coordinates>35.017950480083336,32.10786643232623,127.07810183003298</coordinates>
                <altitudeMode>absolute</altitudeMode>
            </Point>
        </Placemark>
        <Placemark id="1861">
            <name>07:08:51</name>
            <description>UTC: 2026-03-22 07:08:51
Satellites used: 6
Speed: 27.3 m/s  (98.4 km/h)</description>
            <Point id="1860">
                <coordinates>35.01820748496861,32.1077496309777,168.9499286060238</coordinates>
                <altitudeMode>absolute</altitudeMode>
            </Point>
        </Placemark>
        <Placemark id="1863">
            <name>07:08:52</name>
            <description>UTC: 2026-03-22 07:08:52
Satellites used: 6
Speed: 28.9 m/s  (104.0 km/h)</description>
            <Point id="1862">
                <coordinates>35.01838512431264,32.1076607880769,204.71728882635017</coordinates>
                <altitudeMode>absolute</altitudeMode>
            </Point>
        </Placemark>
        <Placemark id="1865">
            <name>07:08:53</name>
            <description>UTC: 2026-03-22 07:08:53
Satellites used: 6
Speed: 25.2 m/s  (90.7 km/h)</description>
            <Point id="1864">
                <coordinates>35.01861545919811,32.1076308107717,205.84902024812135</coordinates>
                <altitudeMode>absolute</altitudeMode>
            </Point>
        </Placemark>
        <Placemark id="1867">
            <name>07:08:54</name>
            <description>UTC: 2026-03-22 07:08:54
Satellites used: 6
Speed: 25.5 m/s  (91.8 km/h)</description>
            <Point id="1866">
                <coordinates>35.01885187116573,32.107583125438175,218.1467669466925</coordinates>
                <altitudeMode>absolute</altitudeMode>
            </Point>
        </Placemark>
        <Placemark id="1869">
            <name>07:08:55</name>
            <description>UTC: 2026-03-22 07:08:55
Satellites used: 6
Speed: 33.6 m/s  (121.0 km/h)</description>
            <Point id="1868">
                <coordinates>35.01931785285198,32.10757739051401,170.06675612626236</coordinates>
                <altitudeMode>absolute</altitudeMode>
            </Point>
        </Placemark>
        <Placemark id="1871">
            <name>07:08:56</name>
            <description>UTC: 2026-03-22 07:08:56
Satellites used: 6
Speed: 30.3 m/s  (109.1 km/h)</description>
            <Point id="1870">
                <coordinates>35.01956054192396,32.107569771072164,159.13459510965657</coordinates>
                <altitudeMode>absolute</altitudeMode>
            </Point>
        </Placemark>
        <Placemark id="1873">
            <name>07:08:57</name>
            <description>UTC: 2026-03-22 07:08:57
Satellites used: 6
Speed: 30.4 m/s  (109.3 km/h)</description>
            <Point id="1872">
                <coordinates>35.01987069574783,32.107541758168345,150.68671367734356</coordinates>
                <altitudeMode>absolute</altitudeMode>
            </Point>
        </Placemark>
        <Placemark id="1875">
            <name>07:08:58</name>
            <description>UTC: 2026-03-22 07:08:58
Satellites used: 7
Speed: 28.6 m/s  (102.9 km/h)</description>
            <Point id="1874">
                <coordinates>35.02004026266769,32.10741687360447,203.35781354417492</coordinates>
                <altitudeMode>absolute</altitudeMode>
            </Point>
        </Placemark>
        <Placemark id="1877">
            <name>07:08:59</name>
            <description>UTC: 2026-03-22 07:08:59
Satellites used: 6
Speed: 28.7 m/s  (103.4 km/h)</description>
            <Point id="1876">
                <coordinates>35.020420128964744,32.10741630019843,179.50759699932811</coordinates>
                <altitudeMode>absolute</altitudeMode>
            </Point>
        </Placemark>
        <Placemark id="1879">
            <name>07:09:00</name>
            <description>UTC: 2026-03-22 07:09:00
Satellites used: 6
Speed: 25.7 m/s  (92.5 km/h)</description>
            <Point id="1878">
                <coordinates>35.020494722730135,32.10737917346609,219.95413483075666</coordinates>
                <altitudeMode>absolute</altitudeMode>
            </Point>
        </Placemark>
        <Placemark id="1881">
            <name>07:09:01</name>
            <description>UTC: 2026-03-22 07:09:01
Satellites used: 6
Speed: 33.4 m/s  (120.1 km/h)</description>
            <Point id="1880">
                <coordinates>35.02097453405217,32.10733021887581,161.9842478362405</coordinates>
                <altitudeMode>absolute</altitudeMode>
            </Point>
        </Placemark>
        <Placemark id="1883">
            <name>07:09:02</name>
            <description>UTC: 2026-03-22 07:09:02
Satellites used: 6
Speed: 27.4 m/s  (98.6 km/h)</description>
            <Point id="1882">
                <coordinates>35.02119952875728,32.10726479717141,191.95632330677253</coordinates>
                <altitudeMode>absolute</altitudeMode>
            </Point>
        </Placemark>
        <Placemark id="1885">
            <name>07:09:03</name>
            <description>UTC: 2026-03-22 07:09:03
Satellites used: 6
Speed: 32.2 m/s  (115.9 km/h)</description>
            <Point id="1884">
                <coordinates>35.02152451139891,32.10741807628002,148.289896271713</coordinates>
                <altitudeMode>absolute</altitudeMode>
            </Point>
        </Placemark>
        <Placemark id="1887">
            <name>07:09:04</name>
            <description>UTC: 2026-03-22 07:09:04
Satellites used: 6
Speed: 27.0 m/s  (97.1 km/h)</description>
            <Point id="1886">
                <coordinates>35.02171466373665,32.107219152193466,196.2682347787398</coordinates>
                <altitudeMode>absolute</altitudeMode>
            </Point>
        </Placemark>
        <Placemark id="1889">
            <name>07:09:05</name>
            <description>UTC: 2026-03-22 07:09:05
Satellites used: 6
Speed: 27.0 m/s  (97.3 km/h)</description>
            <Point id="1888">
                <coordinates>35.02199293145408,32.107095525103674,191.08628904263102</coordinates>
                <altitudeMode>absolute</altitudeMode>
            </Point>
        </Placemark>
        <Placemark id="1891">
            <name>07:09:06</name>
            <description>UTC: 2026-03-22 07:09:06
Satellites used: 6
Speed: 29.7 m/s  (107.0 km/h)</description>
            <Point id="1890">
                <coordinates>35.022363866819035,32.10707748104066,182.02069224762602</coordinates>
                <altitudeMode>absolute</altitudeMode>
            </Point>
        </Placemark>
        <Placemark id="1893">
            <name>07:09:07</name>
            <description>UTC: 2026-03-22 07:09:07
Satellites used: 5
Speed: 28.1 m/s  (101.1 km/h)</description>
            <Point id="1892">
                <coordinates>35.02251041121562,32.10700082088211,220.03685754668507</coordinates>
                <altitudeMode>absolute</altitudeMode>
            </Point>
        </Placemark>
        <Placemark id="1895">
            <name>07:09:08</name>
            <description>UTC: 2026-03-22 07:09:08
Satellites used: 6
Speed: 29.3 m/s  (105.6 km/h)</description>
            <Point id="1894">
                <coordinates>35.02289117020302,32.10692018642414,192.06728858340068</coordinates>
                <altitudeMode>absolute</altitudeMode>
            </Point>
        </Placemark>
        <Placemark id="1897">
            <name>07:09:09</name>
            <description>UTC: 2026-03-22 07:09:09
Satellites used: 6
Speed: 26.9 m/s  (96.8 km/h)</description>
            <Point id="1896">
                <coordinates>35.02312223742066,32.106868962616296,206.6047988804108</coordinates>
                <altitudeMode>absolute</altitudeMode>
            </Point>
        </Placemark>
        <Placemark id="1899">
            <name>07:09:10</name>
            <description>UTC: 2026-03-22 07:09:10
Satellites used: 7
Speed: 27.9 m/s  (100.3 km/h)</description>
            <Point id="1898">
                <coordinates>35.023368794802586,32.10676189137515,223.44170993308958</coordinates>
                <altitudeMode>absolute</altitudeMode>
            </Point>
        </Placemark>
        <Placemark id="1901">
            <name>07:09:11</name>
            <description>UTC: 2026-03-22 07:09:11
Satellites used: 6
Speed: 25.3 m/s  (90.9 km/h)</description>
            <Point id="1900">
                <coordinates>35.02358308181601,32.10666283818606,220.09888432669848</coordinates>
                <altitudeMode>absolute</altitudeMode>
            </Point>
        </Placemark>
        <Placemark id="1903">
            <name>07:09:12</name>
            <description>UTC: 2026-03-22 07:09:12
Satellites used: 7
Speed: 28.3 m/s  (102.0 km/h)</description>
            <Point id="1902">
                <coordinates>35.02391087136972,32.10655063607067,209.6881103421347</coordinates>
                <altitudeMode>absolute</altitudeMode>
            </Point>
        </Placemark>
        <Placemark id="1905">
            <name>07:09:13</name>
            <description>UTC: 2026-03-22 07:09:13
Satellites used: 7
Speed: 28.3 m/s  (101.8 km/h)</description>
            <Point id="1904">
                <coordinates>35.02418539470634,32.106450286476495,214.77919562904393</coordinates>
                <altitudeMode>absolute</altitudeMode>
            </Point>
        </Placemark>
        <Placemark id="1907">
            <name>07:09:14</name>
            <description>UTC: 2026-03-22 07:09:14
Satellites used: 7
Speed: 28.4 m/s  (102.3 km/h)</description>
            <Point id="1906">
                <coordinates>35.02444026206667,32.1063071866086,218.2651456452862</coordinates>
                <altitudeMode>absolute</altitudeMode>
            </Point>
        </Placemark>
        <Placemark id="1909">
            <name>07:09:15</name>
            <description>UTC: 2026-03-22 07:09:15
Satellites used: 7
Speed: 26.9 m/s  (96.8 km/h)</description>
            <Point id="1908">
                <coordinates>35.02464656329427,32.10617059844298,221.7665827828393</coordinates>
                <altitudeMode>absolute</altitudeMode>
            </Point>
        </Placemark>
        <Placemark id="1911">
            <name>07:09:16</name>
            <description>UTC: 2026-03-22 07:09:16
Satellites used: 7
Speed: 28.1 m/s  (101.1 km/h)</description>
            <Point id="1910">
                <coordinates>35.02493441970896,32.1060786028537,204.49245810192676</coordinates>
                <altitudeMode>absolute</altitudeMode>
            </Point>
        </Placemark>
        <Placemark id="1913">
            <name>07:09:17</name>
            <description>UTC: 2026-03-22 07:09:17
Satellites used: 7
Speed: 26.5 m/s  (95.3 km/h)</description>
            <Point id="1912">
                <coordinates>35.025101882469706,32.105931214052426,231.90072893083786</coordinates>
                <altitudeMode>absolute</altitudeMode>
            </Point>
        </Placemark>
        <Placemark id="1915">
            <name>07:09:18</name>
            <description>UTC: 2026-03-22 07:09:18
Satellites used: 7
Speed: 26.9 m/s  (96.9 km/h)</description>
            <Point id="1914">
                <coordinates>35.025357956128126,32.105785912771594,226.44162229734374</coordinates>
                <altitudeMode>absolute</altitudeMode>
            </Point>
        </Placemark>
        <Placemark id="1917">
            <name>07:09:19</name>
            <description>UTC: 2026-03-22 07:09:19
Satellites used: 7
Speed: 32.0 m/s  (115.1 km/h)</description>
            <Point id="1916">
                <coordinates>35.02574961879217,32.10567444442024,207.46217864561302</coordinates>
                <altitudeMode>absolute</altitudeMode>
            </Point>
        </Placemark>
        <Placemark id="1919">
            <name>07:09:20</name>
            <description>UTC: 2026-03-22 07:09:20
Satellites used: 7
Speed: 29.9 m/s  (107.7 km/h)</description>
            <Point id="1918">
                <coordinates>35.025984578996365,32.105522544748,211.80273708920902</coordinates>
                <altitudeMode>absolute</altitudeMode>
            </Point>
        </Placemark>
        <Placemark id="1921">
            <name>07:09:21</name>
            <description>UTC: 2026-03-22 07:09:21
Satellites used: 7
Speed: 25.8 m/s  (93.1 km/h)</description>
            <Point id="1920">
                <coordinates>35.026152191829375,32.105412859378674,213.7481272953519</coordinates>
                <altitudeMode>absolute</altitudeMode>
            </Point>
        </Placemark>
        <Placemark id="1923">
            <name>07:09:22</name>
            <description>UTC: 2026-03-22 07:09:22
Satellites used: 7
Speed: 26.7 m/s  (96.3 km/h)</description>
            <Point id="1922">
                <coordinates>35.026392179018124,32.105262931330344,216.33838933981286</coordinates>
                <altitudeMode>absolute</altitudeMode>
            </Point>
        </Placemark>
        <Placemark id="1925">
            <name>07:09:23</name>
            <description>UTC: 2026-03-22 07:09:23
Satellites used: 8
Speed: 26.8 m/s  (96.4 km/h)</description>
            <Point id="1924">
                <coordinates>35.02657436572023,32.10514870711824,241.6404278785027</coordinates>
                <altitudeMode>absolute</altitudeMode>
            </Point>
        </Placemark>
        <Placemark id="1927">
            <name>07:09:24</name>
            <description>UTC: 2026-03-22 07:09:24
Satellites used: 8
Speed: 28.2 m/s  (101.6 km/h)</description>
            <Point id="1926">
                <coordinates>35.02690928421001,32.1050373975597,219.6454132327674</coordinates>
                <altitudeMode>absolute</altitudeMode>
            </Point>
        </Placemark>
        <Placemark id="1929">
            <name>07:09:25</name>
            <description>UTC: 2026-03-22 07:09:25
Satellites used: 8
Speed: 28.3 m/s  (101.8 km/h)</description>
            <Point id="1928">
                <coordinates>35.02716383445932,32.10489854367639,224.0388770072219</coordinates>
                <altitudeMode>absolute</altitudeMode>
            </Point>
        </Placemark>
        <Placemark id="1931">
            <name>07:09:26</name>
            <description>UTC: 2026-03-22 07:09:26
Satellites used: 8
Speed: 29.0 m/s  (104.4 km/h)</description>
            <Point id="1930">
                <coordinates>35.02742622546219,32.10476814196663,209.36853493997975</coordinates>
                <altitudeMode>absolute</altitudeMode>
            </Point>
        </Placemark>
        <Placemark id="1933">
            <name>07:09:27</name>
            <description>UTC: 2026-03-22 07:09:27
Satellites used: 8
Speed: 27.1 m/s  (97.5 km/h)</description>
            <Point id="1932">
                <coordinates>35.027646804226414,32.104642475194275,214.84538205849037</coordinates>
                <altitudeMode>absolute</altitudeMode>
            </Point>
        </Placemark>
        <Placemark id="1935">
            <name>07:09:28</name>
            <description>UTC: 2026-03-22 07:09:28
Satellites used: 8
Speed: 26.2 m/s  (94.2 km/h)</description>
            <Point id="1934">
                <coordinates>35.027823227652696,32.10449516306578,232.28792830196784</coordinates>
                <altitudeMode>absolute</altitudeMode>
            </Point>
        </Placemark>
        <Placemark id="1937">
            <name>07:09:29</name>
            <description>UTC: 2026-03-22 07:09:29
Satellites used: 8
Speed: 27.6 m/s  (99.4 km/h)</description>
            <Point id="1936">
                <coordinates>35.02812434476344,32.104381257718934,228.3999892476614</coordinates>
                <altitudeMode>absolute</altitudeMode>
            </Point>
        </Placemark>
        <Placemark id="1939">
            <name>07:09:30</name>
            <description>UTC: 2026-03-22 07:09:30
Satellites used: 8
Speed: 29.0 m/s  (104.3 km/h)</description>
            <Point id="1938">
                <coordinates>35.02838783892755,32.104229040422105,237.87252615703966</coordinates>
                <altitudeMode>absolute</altitudeMode>
            </Point>
        </Placemark>
        <Placemark id="1941">
            <name>07:09:31</name>
            <description>UTC: 2026-03-22 07:09:31
Satellites used: 8
Speed: 28.8 m/s  (103.5 km/h)</description>
            <Point id="1940">
                <coordinates>35.02864880402701,32.10408959847678,229.78547397495763</coordinates>
                <altitudeMode>absolute</altitudeMode>
            </Point>
        </Placemark>
        <Placemark id="1943">
            <name>07:09:32</name>
            <description>UTC: 2026-03-22 07:09:32
Satellites used: 8
Speed: 27.5 m/s  (99.1 km/h)</description>
            <Point id="1942">
                <coordinates>35.02887515577133,32.10396403484407,235.55820813593934</coordinates>
                <altitudeMode>absolute</altitudeMode>
            </Point>
        </Placemark>
        <Placemark id="1945">
            <name>07:09:33</name>
            <description>UTC: 2026-03-22 07:09:33
Satellites used: 7
Speed: 30.0 m/s  (108.0 km/h)</description>
            <Point id="1944">
                <coordinates>35.029192530612164,32.10382159830993,231.5997747561497</coordinates>
                <altitudeMode>absolute</altitudeMode>
            </Point>
        </Placemark>
        <Placemark id="1947">
            <name>07:09:34</name>
            <description>UTC: 2026-03-22 07:09:34
Satellites used: 7
Speed: 28.3 m/s  (101.9 km/h)</description>
            <Point id="1946">
                <coordinates>35.02939802292896,32.10366660330243,236.71056781497435</coordinates>
                <altitudeMode>absolute</altitudeMode>
            </Point>
        </Placemark>
        <Placemark id="1949">
            <name>07:09:35</name>
            <description>UTC: 2026-03-22 07:09:35
Satellites used: 7
Speed: 27.1 m/s  (97.6 km/h)</description>
            <Point id="1948">
                <coordinates>35.02965011508304,32.10357746492746,235.70664764081033</coordinates>
                <altitudeMode>absolute</altitudeMode>
            </Point>
        </Placemark>
        <Placemark id="1951">
            <name>07:09:36</name>
            <description>UTC: 2026-03-22 07:09:36
Satellites used: 8
Speed: 32.5 m/s  (116.9 km/h)</description>
            <Point id="1950">
                <coordinates>35.0299699795768,32.10335132328371,218.95848678819857</coordinates>
                <altitudeMode>absolute</altitudeMode>
            </Point>
        </Placemark>
        <Placemark id="1953">
            <name>07:09:37</name>
            <description>UTC: 2026-03-22 07:09:37
Satellites used: 8
Speed: 28.5 m/s  (102.7 km/h)</description>
            <Point id="1952">
                <coordinates>35.030189467017145,32.10326120508891,238.77085937840147</coordinates>
                <altitudeMode>absolute</altitudeMode>
            </Point>
        </Placemark>
        <Placemark id="1955">
            <name>07:09:38</name>
            <description>UTC: 2026-03-22 07:09:38
Satellites used: 8
Speed: 27.6 m/s  (99.3 km/h)</description>
            <Point id="1954">
                <coordinates>35.03045401876672,32.103179360263255,225.32438025201824</coordinates>
                <altitudeMode>absolute</altitudeMode>
            </Point>
        </Placemark>
        <Placemark id="1957">
            <name>07:09:39</name>
            <description>UTC: 2026-03-22 07:09:39
Satellites used: 8
Speed: 30.2 m/s  (108.6 km/h)</description>
            <Point id="1956">
                <coordinates>35.03075446759097,32.103003394654024,231.12494697788745</coordinates>
                <altitudeMode>absolute</altitudeMode>
            </Point>
        </Placemark>
        <Placemark id="1959">
            <name>07:09:40</name>
            <description>UTC: 2026-03-22 07:09:40
Satellites used: 8
Speed: 29.9 m/s  (107.7 km/h)</description>
            <Point id="1958">
                <coordinates>35.03101024857127,32.102848868160166,230.60367305734005</coordinates>
                <altitudeMode>absolute</altitudeMode>
            </Point>
        </Placemark>
        <Placemark id="1961">
            <name>07:09:41</name>
            <description>UTC: 2026-03-22 07:09:41
Satellites used: 8
Speed: 30.4 m/s  (109.4 km/h)</description>
            <Point id="1960">
                <coordinates>35.03129947121059,32.102714543163074,231.39836853988</coordinates>
                <altitudeMode>absolute</altitudeMode>
            </Point>
        </Placemark>
        <Placemark id="1963">
            <name>07:09:42</name>
            <description>UTC: 2026-03-22 07:09:42
Satellites used: 8
Speed: 28.7 m/s  (103.3 km/h)</description>
            <Point id="1962">
                <coordinates>35.03153422547214,32.102589557454266,229.462438875911</coordinates>
                <altitudeMode>absolute</altitudeMode>
            </Point>
        </Placemark>
        <Placemark id="1965">
            <name>07:09:43</name>
            <description>UTC: 2026-03-22 07:09:43
Satellites used: 8
Speed: 28.9 m/s  (104.0 km/h)</description>
            <Point id="1964">
                <coordinates>35.03178162755288,32.10243265380325,235.5404963130488</coordinates>
                <altitudeMode>absolute</altitudeMode>
            </Point>
        </Placemark>
        <Placemark id="1967">
            <name>07:09:44</name>
            <description>UTC: 2026-03-22 07:09:44
Satellites used: 8
Speed: 28.2 m/s  (101.4 km/h)</description>
            <Point id="1966">
                <coordinates>35.032042616650905,32.10232660065327,233.79660656511183</coordinates>
                <altitudeMode>absolute</altitudeMode>
            </Point>
        </Placemark>
        <Placemark id="1969">
            <name>07:09:45</name>
            <description>UTC: 2026-03-22 07:09:45
Satellites used: 8
Speed: 28.4 m/s  (102.2 km/h)</description>
            <Point id="1968">
                <coordinates>35.032304320394516,32.10219578029226,229.0299965646599</coordinates>
                <altitudeMode>absolute</altitudeMode>
            </Point>
        </Placemark>
        <Placemark id="1971">
            <name>07:09:46</name>
            <description>UTC: 2026-03-22 07:09:46
Satellites used: 8
Speed: 28.1 m/s  (101.0 km/h)</description>
            <Point id="1970">
                <coordinates>35.03256356194839,32.10208553153975,237.76170980071655</coordinates>
                <altitudeMode>absolute</altitudeMode>
            </Point>
        </Placemark>
        <Placemark id="1973">
            <name>07:09:47</name>
            <description>UTC: 2026-03-22 07:09:47
Satellites used: 8
Speed: 25.9 m/s  (93.3 km/h)</description>
            <Point id="1972">
                <coordinates>35.03273773584559,32.10193794465405,239.53660318173263</coordinates>
                <altitudeMode>absolute</altitudeMode>
            </Point>
        </Placemark>
        <Placemark id="1975">
            <name>07:09:48</name>
            <description>UTC: 2026-03-22 07:09:48
Satellites used: 8
Speed: 26.2 m/s  (94.3 km/h)</description>
            <Point id="1974">
                <coordinates>35.03298709139348,32.10182163600129,238.32336653547588</coordinates>
                <altitudeMode>absolute</altitudeMode>
            </Point>
        </Placemark>
        <Placemark id="1977">
            <name>07:09:49</name>
            <description>UTC: 2026-03-22 07:09:49
Satellites used: 7
Speed: 27.6 m/s  (99.3 km/h)</description>
            <Point id="1976">
                <coordinates>35.03326146460477,32.10169121429588,234.35628927873228</coordinates>
                <altitudeMode>absolute</altitudeMode>
            </Point>
        </Placemark>
        <Placemark id="1979">
            <name>07:09:50</name>
            <description>UTC: 2026-03-22 07:09:50
Satellites used: 8
Speed: 26.3 m/s  (94.7 km/h)</description>
            <Point id="1978">
                <coordinates>35.033486713268935,32.10158387679963,234.25652512478322</coordinates>
                <altitudeMode>absolute</altitudeMode>
            </Point>
        </Placemark>
        <Placemark id="1981">
            <name>07:09:51</name>
            <description>UTC: 2026-03-22 07:09:51
Satellites used: 8
Speed: 25.2 m/s  (90.7 km/h)</description>
            <Point id="1980">
                <coordinates>35.03368564389564,32.10146752694684,245.36196271353586</coordinates>
                <altitudeMode>absolute</altitudeMode>
            </Point>
        </Placemark>
        <Placemark id="1983">
            <name>07:09:52</name>
            <description>UTC: 2026-03-22 07:09:52
Satellites used: 8
Speed: 24.4 m/s  (88.0 km/h)</description>
            <Point id="1982">
                <coordinates>35.03387253011872,32.101341353236776,252.27580268959156</coordinates>
                <altitudeMode>absolute</altitudeMode>
            </Point>
        </Placemark>
        <Placemark id="1985">
            <name>07:09:53</name>
            <description>UTC: 2026-03-22 07:09:53
Satellites used: 7
Speed: 25.4 m/s  (91.6 km/h)</description>
            <Point id="1984">
                <coordinates>35.03415164512501,32.1012548493144,239.16992542682632</coordinates>
                <altitudeMode>absolute</altitudeMode>
            </Point>
        </Placemark>
        <Placemark id="1987">
            <name>07:09:54</name>
            <description>UTC: 2026-03-22 07:09:54
Satellites used: 7
Speed: 27.4 m/s  (98.6 km/h)</description>
            <Point id="1986">
                <coordinates>35.03444041206438,32.101149777804416,253.28560591257454</coordinates>
                <altitudeMode>absolute</altitudeMode>
            </Point>
        </Placemark>
        <Placemark id="1989">
            <name>07:09:55</name>
            <description>UTC: 2026-03-22 07:09:55
Satellites used: 8
Speed: 26.3 m/s  (94.6 km/h)</description>
            <Point id="1988">
                <coordinates>35.03464016770511,32.10101854516729,261.21859558214106</coordinates>
                <altitudeMode>absolute</altitudeMode>
            </Point>
        </Placemark>
        <Placemark id="1991">
            <name>07:09:56</name>
            <description>UTC: 2026-03-22 07:09:56
Satellites used: 8
Speed: 24.2 m/s  (87.0 km/h)</description>
            <Point id="1990">
                <coordinates>35.034850421690294,32.100933399026715,250.40063281036205</coordinates>
                <altitudeMode>absolute</altitudeMode>
            </Point>
        </Placemark>
        <Placemark id="1993">
            <name>07:09:57</name>
            <description>UTC: 2026-03-22 07:09:57
Satellites used: 7
Speed: 27.2 m/s  (97.8 km/h)</description>
            <Point id="1992">
                <coordinates>35.03514835551021,32.10081299637909,242.9452048428732</coordinates>
                <altitudeMode>absolute</altitudeMode>
            </Point>
        </Placemark>
        <Placemark id="1995">
            <name>07:09:58</name>
            <description>UTC: 2026-03-22 07:09:58
Satellites used: 7
Speed: 22.2 m/s  (79.8 km/h)</description>
            <Point id="1994">
                <coordinates>35.035225266891764,32.100760487155895,272.94899365625173</coordinates>
                <altitudeMode>absolute</altitudeMode>
            </Point>
        </Placemark>
        <Placemark id="1997">
            <name>07:09:59</name>
            <description>UTC: 2026-03-22 07:09:59
Satellites used: 6
Speed: 27.0 m/s  (97.3 km/h)</description>
            <Point id="1996">
                <coordinates>35.03561624601821,32.100676166209404,251.11892105169437</coordinates>
                <altitudeMode>absolute</altitudeMode>
            </Point>
        </Placemark>
        <Placemark id="1999">
            <name>07:10:00</name>
            <description>UTC: 2026-03-22 07:10:00
Satellites used: 6
Speed: 28.4 m/s  (102.2 km/h)</description>
            <Point id="1998">
                <coordinates>35.03588678076743,32.10054762945311,240.40096385917198</coordinates>
                <altitudeMode>absolute</altitudeMode>
            </Point>
        </Placemark>
        <Placemark id="2001">
            <name>07:10:01</name>
            <description>UTC: 2026-03-22 07:10:01
Satellites used: 6
Speed: 25.6 m/s  (92.3 km/h)</description>
            <Point id="2000">
                <coordinates>35.03611098252502,32.100479385777135,251.19187696389795</coordinates>
                <altitudeMode>absolute</altitudeMode>
            </Point>
        </Placemark>
        <Placemark id="2003">
            <name>07:10:02</name>
            <description>UTC: 2026-03-22 07:10:02
Satellites used: 6
Speed: 25.6 m/s  (92.1 km/h)</description>
            <Point id="2002">
                <coordinates>35.036360713304965,32.10039450739663,245.51539994324492</coordinates>
                <altitudeMode>absolute</altitudeMode>
            </Point>
        </Placemark>
        <Placemark id="2005">
            <name>07:10:03</name>
            <description>UTC: 2026-03-22 07:10:03
Satellites used: 7
Speed: 26.9 m/s  (96.8 km/h)</description>
            <Point id="2004">
                <coordinates>35.03664936692659,32.10032060556594,239.73631270149394</coordinates>
                <altitudeMode>absolute</altitudeMode>
            </Point>
        </Placemark>
        <Placemark id="2007">
            <name>07:10:04</name>
            <description>UTC: 2026-03-22 07:10:04
Satellites used: 6
Speed: 27.9 m/s  (100.4 km/h)</description>
            <Point id="2006">
                <coordinates>35.03694188604989,32.10032098056274,224.23164748200278</coordinates>
                <altitudeMode>absolute</altitudeMode>
            </Point>
        </Placemark>
        <Placemark id="2009">
            <name>07:10:05</name>
            <description>UTC: 2026-03-22 07:10:05
Satellites used: 6
Speed: 25.8 m/s  (92.8 km/h)</description>
            <Point id="2008">
                <coordinates>35.03719299691114,32.100276801134406,242.38333026804887</coordinates>
                <altitudeMode>absolute</altitudeMode>
            </Point>
        </Placemark>
        <Placemark id="2011">
            <name>07:10:06</name>
            <description>UTC: 2026-03-22 07:10:06
Satellites used: 6
Speed: 32.0 m/s  (115.1 km/h)</description>
            <Point id="2010">
                <coordinates>35.03748361409522,32.10025617406028,193.6985559217164</coordinates>
                <altitudeMode>absolute</altitudeMode>
            </Point>
        </Placemark>
        <Placemark id="2013">
            <name>07:10:07</name>
            <description>UTC: 2026-03-22 07:10:07
Satellites used: 6
Speed: 23.8 m/s  (85.8 km/h)</description>
            <Point id="2012">
                <coordinates>35.03763713453988,32.100139302674364,238.7327254728777</coordinates>
                <altitudeMode>absolute</altitudeMode>
            </Point>
        </Placemark>
        <Placemark id="2015">
            <name>07:10:08</name>
            <description>UTC: 2026-03-22 07:10:08
Satellites used: 6
Speed: 25.3 m/s  (91.1 km/h)</description>
            <Point id="2014">
                <coordinates>35.037963179497524,32.100195521270365,223.74223295371272</coordinates>
                <altitudeMode>absolute</altitudeMode>
            </Point>
        </Placemark>
        <Placemark id="2017">
            <name>07:10:09</name>
            <description>UTC: 2026-03-22 07:10:09
Satellites used: 6
Speed: 25.0 m/s  (90.1 km/h)</description>
            <Point id="2016">
                <coordinates>35.038217929356534,32.1002232163528,216.48994157458853</coordinates>
                <altitudeMode>absolute</altitudeMode>
            </Point>
        </Placemark>
        <Placemark id="2019">
            <name>07:10:10</name>
            <description>UTC: 2026-03-22 07:10:10
Satellites used: 6
Speed: 26.7 m/s  (96.3 km/h)</description>
            <Point id="2018">
                <coordinates>35.03846012627692,32.10028405356158,251.23863456167837</coordinates>
                <altitudeMode>absolute</altitudeMode>
            </Point>
        </Placemark>
        <Placemark id="2021">
            <name>07:10:11</name>
            <description>UTC: 2026-03-22 07:10:11
Satellites used: 6
Speed: 24.2 m/s  (87.0 km/h)</description>
            <Point id="2020">
                <coordinates>35.03870802947528,32.10025264129724,245.29858656487562</coordinates>
                <altitudeMode>absolute</altitudeMode>
            </Point>
        </Placemark>
        <Placemark id="2023">
            <name>07:10:12</name>
            <description>UTC: 2026-03-22 07:10:12
Satellites used: 7
Speed: 25.5 m/s  (91.8 km/h)</description>
            <Point id="2022">
                <coordinates>35.039003624404394,32.1002139116626,234.2731036431534</coordinates>
                <altitudeMode>absolute</altitudeMode>
            </Point>
        </Placemark>
        <Placemark id="2025">
            <name>07:10:13</name>
            <description>UTC: 2026-03-22 07:10:13
Satellites used: 7
Speed: 23.3 m/s  (83.9 km/h)</description>
            <Point id="2024">
                <coordinates>35.03921062934348,32.10024310573268,245.27043680001307</coordinates>
                <altitudeMode>absolute</altitudeMode>
            </Point>
        </Placemark>
        <Placemark id="2027">
            <name>07:10:14</name>
            <description>UTC: 2026-03-22 07:10:14
Satellites used: 7
Speed: 24.3 m/s  (87.4 km/h)</description>
            <Point id="2026">
                <coordinates>35.03946495415658,32.10032748799933,252.4616628148227</coordinates>
                <altitudeMode>absolute</altitudeMode>
            </Point>
        </Placemark>
        <Placemark id="2029">
            <name>07:10:15</name>
            <description>UTC: 2026-03-22 07:10:15
Satellites used: 7
Speed: 24.5 m/s  (88.0 km/h)</description>
            <Point id="2028">
                <coordinates>35.0397382163424,32.10031341831471,243.1283496413082</coordinates>
                <altitudeMode>absolute</altitudeMode>
            </Point>
        </Placemark>
        <Placemark id="2031">
            <name>07:10:16</name>
            <description>UTC: 2026-03-22 07:10:16
Satellites used: 6
Speed: 24.2 m/s  (87.1 km/h)</description>
            <Point id="2030">
                <coordinates>35.03995892802459,32.10038744512295,259.8603469159077</coordinates>
                <altitudeMode>absolute</altitudeMode>
            </Point>
        </Placemark>
        <Placemark id="2033">
            <name>07:10:17</name>
            <description>UTC: 2026-03-22 07:10:17
Satellites used: 6
Speed: 24.3 m/s  (87.6 km/h)</description>
            <Point id="2032">
                <coordinates>35.0402236999602,32.100439839501526,254.53906438913737</coordinates>
                <altitudeMode>absolute</altitudeMode>
            </Point>
        </Placemark>
        <Placemark id="2035">
            <name>07:10:18</name>
            <description>UTC: 2026-03-22 07:10:18
Satellites used: 6
Speed: 23.6 m/s  (85.0 km/h)</description>
            <Point id="2034">
                <coordinates>35.040460138950365,32.1004551859416,258.221335251011</coordinates>
                <altitudeMode>absolute</altitudeMode>
            </Point>
        </Placemark>
        <Placemark id="2037">
            <name>07:10:19</name>
            <description>UTC: 2026-03-22 07:10:19
Satellites used: 7
Speed: 23.5 m/s  (84.5 km/h)</description>
            <Point id="2036">
                <coordinates>35.04062205365927,32.10052586766779,282.08507245928104</coordinates>
                <altitudeMode>absolute</altitudeMode>
            </Point>
        </Placemark>
        <Placemark id="2039">
            <name>07:10:20</name>
            <description>UTC: 2026-03-22 07:10:20
Satellites used: 6
Speed: 27.4 m/s  (98.5 km/h)</description>
            <Point id="2038">
                <coordinates>35.04097345026175,32.1006635648337,253.68946603269728</coordinates>
                <altitudeMode>absolute</altitudeMode>
            </Point>
        </Placemark>
        <Placemark id="2041">
            <name>07:10:21</name>
            <description>UTC: 2026-03-22 07:10:21
Satellites used: 6
Speed: 25.2 m/s  (90.9 km/h)</description>
            <Point id="2040">
                <coordinates>35.041186295429995,32.10074068250128,250.32692527269234</coordinates>
                <altitudeMode>absolute</altitudeMode>
            </Point>
        </Placemark>
        <Placemark id="2043">
            <name>07:10:22</name>
            <description>UTC: 2026-03-22 07:10:22
Satellites used: 7
Speed: 23.2 m/s  (83.4 km/h)</description>
            <Point id="2042">
                <coordinates>35.041395101242784,32.100764289854,267.7676407447041</coordinates>
                <altitudeMode>absolute</altitudeMode>
            </Point>
        </Placemark>
        <Placemark id="2045">
            <name>07:10:23</name>
            <description>UTC: 2026-03-22 07:10:23
Satellites used: 7
Speed: 27.8 m/s  (100.2 km/h)</description>
            <Point id="2044">
                <coordinates>35.04174552751549,32.10084705461778,273.5092741840644</coordinates>
                <altitudeMode>absolute</altitudeMode>
            </Point>
        </Placemark>
        <Placemark id="2047">
            <name>07:10:24</name>
            <description>UTC: 2026-03-22 07:10:24
Satellites used: 7
Speed: 24.6 m/s  (88.5 km/h)</description>
            <Point id="2046">
                <coordinates>35.04193606527546,32.100939513306834,262.68568251109656</coordinates>
                <altitudeMode>absolute</altitudeMode>
            </Point>
        </Placemark>
        <Placemark id="2049">
            <name>07:10:25</name>
            <description>UTC: 2026-03-22 07:10:25
Satellites used: 7
Speed: 26.5 m/s  (95.4 km/h)</description>
            <Point id="2048">
                <coordinates>35.04221896083961,32.10102669057197,276.17249945349926</coordinates>
                <altitudeMode>absolute</altitudeMode>
            </Point>
        </Placemark>
        <Placemark id="2051">
            <name>07:10:26</name>
            <description>UTC: 2026-03-22 07:10:26
Satellites used: 7
Speed: 22.7 m/s  (81.8 km/h)</description>
            <Point id="2050">
                <coordinates>35.04239888052941,32.101067006404634,264.78280209832366</coordinates>
                <altitudeMode>absolute</altitudeMode>
            </Point>
        </Placemark>
        <Placemark id="2053">
            <name>07:10:27</name>
            <description>UTC: 2026-03-22 07:10:27
Satellites used: 7
Speed: 23.9 m/s  (86.0 km/h)</description>
            <Point id="2052">
                <coordinates>35.042626966717336,32.10120435421659,268.04984680512257</coordinates>
                <altitudeMode>absolute</altitudeMode>
            </Point>
        </Placemark>
        <Placemark id="2055">
            <name>07:10:28</name>
            <description>UTC: 2026-03-22 07:10:28
Satellites used: 7
Speed: 25.4 m/s  (91.6 km/h)</description>
            <Point id="2054">
                <coordinates>35.042910681977915,32.101270674787855,261.97288134438077</coordinates>
                <altitudeMode>absolute</altitudeMode>
            </Point>
        </Placemark>
        <Placemark id="2057">
            <name>07:10:29</name>
            <description>UTC: 2026-03-22 07:10:29
Satellites used: 8
Speed: 28.0 m/s  (100.7 km/h)</description>
            <Point id="2056">
                <coordinates>35.043219179953354,32.1013597841232,252.5949260677561</coordinates>
                <altitudeMode>absolute</altitudeMode>
            </Point>
        </Placemark>
        <Placemark id="2059">
            <name>07:10:30</name>
            <description>UTC: 2026-03-22 07:10:30
Satellites used: 7
Speed: 23.5 m/s  (84.8 km/h)</description>
            <Point id="2058">
                <coordinates>35.04337113697476,32.10144494122113,269.77295986907376</coordinates>
                <altitudeMode>absolute</altitudeMode>
            </Point>
        </Placemark>
        <Placemark id="2061">
            <name>07:10:31</name>
            <description>UTC: 2026-03-22 07:10:31
Satellites used: 7
Speed: 23.5 m/s  (84.5 km/h)</description>
            <Point id="2060">
                <coordinates>35.04360925729181,32.10151308277714,259.8041323392282</coordinates>
                <altitudeMode>absolute</altitudeMode>
            </Point>
        </Placemark>
        <Placemark id="2063">
            <name>07:10:32</name>
            <description>UTC: 2026-03-22 07:10:32
Satellites used: 8
Speed: 24.1 m/s  (86.6 km/h)</description>
            <Point id="2062">
                <coordinates>35.043860935950434,32.10158241715736,265.58830595963025</coordinates>
                <altitudeMode>absolute</altitudeMode>
            </Point>
        </Placemark>
        <Placemark id="2065">
            <name>07:10:33</name>
            <description>UTC: 2026-03-22 07:10:33
Satellites used: 7
Speed: 26.6 m/s  (95.9 km/h)</description>
            <Point id="2064">
                <coordinates>35.044128227231305,32.101680185451485,283.737503256994</coordinates>
                <altitudeMode>absolute</altitudeMode>
            </Point>
        </Placemark>
        <Placemark id="2067">
            <name>07:10:34</name>
            <description>UTC: 2026-03-22 07:10:34
Satellites used: 7
Speed: 27.1 m/s  (97.6 km/h)</description>
            <Point id="2066">
                <coordinates>35.044398589198025,32.101808750212875,280.95408790273365</coordinates>
                <altitudeMode>absolute</altitudeMode>
            </Point>
        </Placemark>
        <Placemark id="2069">
            <name>07:10:35</name>
            <description>UTC: 2026-03-22 07:10:35
Satellites used: 7
Speed: 26.3 m/s  (94.7 km/h)</description>
            <Point id="2068">
                <coordinates>35.04466914347757,32.10183480424872,266.88311789713595</coordinates>
                <altitudeMode>absolute</altitudeMode>
            </Point>
        </Placemark>
        <Placemark id="2071">
            <name>07:10:36</name>
            <description>UTC: 2026-03-22 07:10:36
Satellites used: 7
Speed: 24.8 m/s  (89.1 km/h)</description>
            <Point id="2070">
                <coordinates>35.04486881178274,32.101934402066426,284.56333796079645</coordinates>
                <altitudeMode>absolute</altitudeMode>
            </Point>
        </Placemark>
        <Placemark id="2073">
            <name>07:10:37</name>
            <description>UTC: 2026-03-22 07:10:37
Satellites used: 8
Speed: 27.1 m/s  (97.4 km/h)</description>
            <Point id="2072">
                <coordinates>35.045170736046614,32.10205097431569,277.2931205628507</coordinates>
                <altitudeMode>absolute</altitudeMode>
            </Point>
        </Placemark>
        <Placemark id="2075">
            <name>07:10:38</name>
            <description>UTC: 2026-03-22 07:10:38
Satellites used: 7
Speed: 24.9 m/s  (89.6 km/h)</description>
            <Point id="2074">
                <coordinates>35.0453875329774,32.10211530612183,275.44590395097345</coordinates>
                <altitudeMode>absolute</altitudeMode>
            </Point>
        </Placemark>
        <Placemark id="2077">
            <name>07:10:39</name>
            <description>UTC: 2026-03-22 07:10:39
Satellites used: 7
Speed: 26.5 m/s  (95.4 km/h)</description>
            <Point id="2076">
                <coordinates>35.04566376322795,32.10220750567482,287.3028950087088</coordinates>
                <altitudeMode>absolute</altitudeMode>
            </Point>
        </Placemark>
        <Placemark id="2079">
            <name>07:10:40</name>
            <description>UTC: 2026-03-22 07:10:40
Satellites used: 7
Speed: 28.3 m/s  (101.9 km/h)</description>
            <Point id="2078">
                <coordinates>35.045976786751666,32.10222276437179,300.66502296828025</coordinates>
                <altitudeMode>absolute</altitudeMode>
            </Point>
        </Placemark>
        <Placemark id="2081">
            <name>07:10:41</name>
            <description>UTC: 2026-03-22 07:10:41
Satellites used: 7
Speed: 27.2 m/s  (98.0 km/h)</description>
            <Point id="2080">
                <coordinates>35.04623311902959,32.10233802297221,281.2789204340684</coordinates>
                <altitudeMode>absolute</altitudeMode>
            </Point>
        </Placemark>
        <Placemark id="2083">
            <name>07:10:42</name>
            <description>UTC: 2026-03-22 07:10:42
Satellites used: 7
Speed: 26.6 m/s  (95.7 km/h)</description>
            <Point id="2082">
                <coordinates>35.04651891421394,32.102329207732566,283.92549479458313</coordinates>
                <altitudeMode>absolute</altitudeMode>
            </Point>
        </Placemark>
        <Placemark id="2085">
            <name>07:10:43</name>
            <description>UTC: 2026-03-22 07:10:43
Satellites used: 6
Speed: 27.4 m/s  (98.5 km/h)</description>
            <Point id="2084">
                <coordinates>35.04678650327434,32.10245604230258,276.8834855756249</coordinates>
                <altitudeMode>absolute</altitudeMode>
            </Point>
        </Placemark>
        <Placemark id="2087">
            <name>07:10:44</name>
            <description>UTC: 2026-03-22 07:10:44
Satellites used: 6
Speed: 26.7 m/s  (96.1 km/h)</description>
            <Point id="2086">
                <coordinates>35.047060859845224,32.10246915826028,290.7116663518761</coordinates>
                <altitudeMode>absolute</altitudeMode>
            </Point>
        </Placemark>
        <Placemark id="2089">
            <name>07:10:45</name>
            <description>UTC: 2026-03-22 07:10:45
Satellites used: 6
Speed: 27.0 m/s  (97.3 km/h)</description>
            <Point id="2088">
                <coordinates>35.04735192387933,32.10250854981664,289.0150863944432</coordinates>
                <altitudeMode>absolute</altitudeMode>
            </Point>
        </Placemark>
        <Placemark id="2091">
            <name>07:10:46</name>
            <description>UTC: 2026-03-22 07:10:46
Satellites used: 6
Speed: 30.2 m/s  (108.7 km/h)</description>
            <Point id="2090">
                <coordinates>35.047694349623036,32.10248723832725,264.8637685461729</coordinates>
                <altitudeMode>absolute</altitudeMode>
            </Point>
        </Placemark>
        <Placemark id="2093">
            <name>07:10:47</name>
            <description>UTC: 2026-03-22 07:10:47
Satellites used: 6
Speed: 29.9 m/s  (107.6 km/h)</description>
            <Point id="2092">
                <coordinates>35.048020300640104,32.10251509206606,269.6646574003713</coordinates>
                <altitudeMode>absolute</altitudeMode>
            </Point>
        </Placemark>
        <Placemark id="2095">
            <name>07:10:48</name>
            <description>UTC: 2026-03-22 07:10:48
Satellites used: 4
Speed: 25.1 m/s  (90.5 km/h)</description>
            <Point id="2094">
                <coordinates>35.04820532311435,32.10248450202114,285.6893233380614</coordinates>
                <altitudeMode>absolute</altitudeMode>
            </Point>
        </Placemark>
        <Placemark id="2097">
            <name>07:11:19</name>
            <description>UTC: 2026-03-22 07:11:19
Satellites used: 6
Speed: 25.8 m/s  (92.8 km/h)</description>
            <Point id="2096">
                <coordinates>35.056989968003634,32.10086662923977,278.8010989667431</coordinates>
                <altitudeMode>absolute</altitudeMode>
            </Point>
        </Placemark>
        <Placemark id="2099">
            <name>07:11:20</name>
            <description>UTC: 2026-03-22 07:11:20
Satellites used: 6
Speed: 30.2 m/s  (108.8 km/h)</description>
            <Point id="2098">
                <coordinates>35.057365676538666,32.10081121063073,261.5481993087345</coordinates>
                <altitudeMode>absolute</altitudeMode>
            </Point>
        </Placemark>
        <Placemark id="2101">
            <name>07:11:21</name>
            <description>UTC: 2026-03-22 07:11:21
Satellites used: 5
Speed: 30.3 m/s  (109.0 km/h)</description>
            <Point id="2100">
                <coordinates>35.057594564688344,32.10066041826922,299.46584600775026</coordinates>
                <altitudeMode>absolute</altitudeMode>
            </Point>
        </Placemark>
        <Placemark id="2103">
            <name>07:11:22</name>
            <description>UTC: 2026-03-22 07:11:22
Satellites used: 7
Speed: 28.7 m/s  (103.2 km/h)</description>
            <Point id="2102">
                <coordinates>35.05790568694206,32.10064413550963,294.24311563077134</coordinates>
                <altitudeMode>absolute</altitudeMode>
            </Point>
        </Placemark>
        <Placemark id="2105">
            <name>07:11:23</name>
            <description>UTC: 2026-03-22 07:11:23
Satellites used: 7
Speed: 27.2 m/s  (97.9 km/h)</description>
            <Point id="2104">
                <coordinates>35.058155130573674,32.100545829304295,283.34192146190225</coordinates>
                <altitudeMode>absolute</altitudeMode>
            </Point>
        </Placemark>
        <Placemark id="2107">
            <name>07:11:24</name>
            <description>UTC: 2026-03-22 07:11:24
Satellites used: 7
Speed: 29.4 m/s  (105.9 km/h)</description>
            <Point id="2106">
                <coordinates>35.058494039832674,32.1004791118872,287.5263870639288</coordinates>
                <altitudeMode>absolute</altitudeMode>
            </Point>
        </Placemark>
        <Placemark id="2109">
            <name>07:11:25</name>
            <description>UTC: 2026-03-22 07:11:25
Satellites used: 7
Speed: 26.4 m/s  (95.2 km/h)</description>
            <Point id="2108">
                <coordinates>35.058695597462744,32.10044831311806,304.83186690172323</coordinates>
                <altitudeMode>absolute</altitudeMode>
            </Point>
        </Placemark>
        <Placemark id="2111">
            <name>07:11:26</name>
            <description>UTC: 2026-03-22 07:11:26
Satellites used: 7
Speed: 28.1 m/s  (101.0 km/h)</description>
            <Point id="2110">
                <coordinates>35.05902391737728,32.10037607636576,289.6064577095111</coordinates>
                <altitudeMode>absolute</altitudeMode>
            </Point>
        </Placemark>
        <Placemark id="2113">
            <name>07:11:27</name>
            <description>UTC: 2026-03-22 07:11:27
Satellites used: 7
Speed: 29.2 m/s  (105.1 km/h)</description>
            <Point id="2112">
                <coordinates>35.059346440148865,32.10032533384081,292.9819629461954</coordinates>
                <altitudeMode>absolute</altitudeMode>
            </Point>
        </Placemark>
        <Placemark id="2115">
            <name>07:11:28</name>
            <description>UTC: 2026-03-22 07:11:28
Satellites used: 7
Speed: 30.8 m/s  (110.8 km/h)</description>
            <Point id="2114">
                <coordinates>35.059677269402634,32.10021922396808,293.3234420427291</coordinates>
                <altitudeMode>absolute</altitudeMode>
            </Point>
        </Placemark>
        <Placemark id="2117">
            <name>07:11:29</name>
            <description>UTC: 2026-03-22 07:11:29
Satellites used: 7
Speed: 29.7 m/s  (106.8 km/h)</description>
            <Point id="2116">
                <coordinates>35.05996459619664,32.100165913649256,286.31338977812004</coordinates>
                <altitudeMode>absolute</altitudeMode>
            </Point>
        </Placemark>
        <Placemark id="2119">
            <name>07:11:30</name>
            <description>UTC: 2026-03-22 07:11:30
Satellites used: 8
Speed: 28.9 m/s  (104.0 km/h)</description>
            <Point id="2118">
                <coordinates>35.060246582007444,32.100091737356564,288.8291117806081</coordinates>
                <altitudeMode>absolute</altitudeMode>
            </Point>
        </Placemark>
        <Placemark id="2121">
            <name>07:11:31</name>
            <description>UTC: 2026-03-22 07:11:31
Satellites used: 7
Speed: 30.3 m/s  (109.1 km/h)</description>
            <Point id="2120">
                <coordinates>35.060582712711515,32.10003073620285,292.2479790882733</coordinates>
                <altitudeMode>absolute</altitudeMode>
            </Point>
        </Placemark>
        <Placemark id="2123">
            <name>07:11:32</name>
            <description>UTC: 2026-03-22 07:11:32
Satellites used: 6
Speed: 31.6 m/s  (113.6 km/h)</description>
            <Point id="2122">
                <coordinates>35.060929271610725,32.09996707831505,292.12159223283237</coordinates>
                <altitudeMode>absolute</altitudeMode>
            </Point>
        </Placemark>
        <Placemark id="2125">
            <name>07:11:33</name>
            <description>UTC: 2026-03-22 07:11:33
Satellites used: 7
Speed: 29.1 m/s  (104.8 km/h)</description>
            <Point id="2124">
                <coordinates>35.061203116429766,32.09997963555931,285.671121665943</coordinates>
                <altitudeMode>absolute</altitudeMode>
            </Point>
        </Placemark>
        <Placemark id="2127">
            <name>07:11:34</name>
            <description>UTC: 2026-03-22 07:11:34
Satellites used: 7
Speed: 30.6 m/s  (110.1 km/h)</description>
            <Point id="2126">
                <coordinates>35.061514773087595,32.09985452998946,274.79272801337385</coordinates>
                <altitudeMode>absolute</altitudeMode>
            </Point>
        </Placemark>
        <Placemark id="2129">
            <name>07:11:35</name>
            <description>UTC: 2026-03-22 07:11:35
Satellites used: 6
Speed: 29.1 m/s  (104.6 km/h)</description>
            <Point id="2128">
                <coordinates>35.061783800474515,32.09976503031038,290.6838874896103</coordinates>
                <altitudeMode>absolute</altitudeMode>
            </Point>
        </Placemark>
        <Placemark id="2131">
            <name>07:11:36</name>
            <description>UTC: 2026-03-22 07:11:36
Satellites used: 5
Speed: 29.8 m/s  (107.4 km/h)</description>
            <Point id="2130">
                <coordinates>35.061977175931396,32.09967700205916,324.9477476646504</coordinates>
                <altitudeMode>absolute</altitudeMode>
            </Point>
        </Placemark>
        <Placemark id="2133">
            <name>07:11:37</name>
            <description>UTC: 2026-03-22 07:11:37
Satellites used: 5
Speed: 29.0 m/s  (104.2 km/h)</description>
            <Point id="2132">
                <coordinates>35.06232259839601,32.09959533518452,308.80523904622004</coordinates>
                <altitudeMode>absolute</altitudeMode>
            </Point>
        </Placemark>
        <Placemark id="2135">
            <name>07:11:38</name>
            <description>UTC: 2026-03-22 07:11:38
Satellites used: 6
Speed: 29.9 m/s  (107.8 km/h)</description>
            <Point id="2134">
                <coordinates>35.062619173351294,32.099532973250724,325.0565775373295</coordinates>
                <altitudeMode>absolute</altitudeMode>
            </Point>
        </Placemark>
        <Placemark id="2137">
            <name>07:11:39</name>
            <description>UTC: 2026-03-22 07:11:39
Satellites used: 6
Speed: 28.2 m/s  (101.6 km/h)</description>
            <Point id="2136">
                <coordinates>35.06289707696077,32.099585794060104,293.90108988014333</coordinates>
                <altitudeMode>absolute</altitudeMode>
            </Point>
        </Placemark>
        <Placemark id="2139">
            <name>07:11:40</name>
            <description>UTC: 2026-03-22 07:11:40
Satellites used: 6
Speed: 29.4 m/s  (105.9 km/h)</description>
            <Point id="2138">
                <coordinates>35.06321086689532,32.09942981431889,310.35448902858343</coordinates>
                <altitudeMode>absolute</altitudeMode>
            </Point>
        </Placemark>
        <Placemark id="2141">
            <name>07:11:42</name>
            <description>UTC: 2026-03-22 07:11:42
Satellites used: 7
Speed: 26.8 m/s  (96.4 km/h)</description>
            <Point id="2140">
                <coordinates>35.06370472370644,32.09941301140854,297.2676748332819</coordinates>
                <altitudeMode>absolute</altitudeMode>
            </Point>
        </Placemark>
        <Placemark id="2143">
            <name>07:11:43</name>
            <description>UTC: 2026-03-22 07:11:43
Satellites used: 7
Speed: 28.7 m/s  (103.3 km/h)</description>
            <Point id="2142">
                <coordinates>35.06401430108615,32.09929608790449,296.980207521717</coordinates>
                <altitudeMode>absolute</altitudeMode>
            </Point>
        </Placemark>
        <Placemark id="2145">
            <name>07:11:44</name>
            <description>UTC: 2026-03-22 07:11:44
Satellites used: 7
Speed: 30.0 m/s  (108.1 km/h)</description>
            <Point id="2144">
                <coordinates>35.064339699249246,32.09921401422867,299.04372580596834</coordinates>
                <altitudeMode>absolute</altitudeMode>
            </Point>
        </Placemark>
        <Placemark id="2147">
            <name>07:11:45</name>
            <description>UTC: 2026-03-22 07:11:45
Satellites used: 7
Speed: 32.0 m/s  (115.1 km/h)</description>
            <Point id="2146">
                <coordinates>35.06469693947893,32.09913287732404,295.8637955125334</coordinates>
                <altitudeMode>absolute</altitudeMode>
            </Point>
        </Placemark>
        <Placemark id="2149">
            <name>07:11:46</name>
            <description>UTC: 2026-03-22 07:11:46
Satellites used: 6
Speed: 29.5 m/s  (106.4 km/h)</description>
            <Point id="2148">
                <coordinates>35.06496139526241,32.099078978001174,291.33592586055164</coordinates>
                <altitudeMode>absolute</altitudeMode>
            </Point>
        </Placemark>
        <Placemark id="2151">
            <name>07:11:47</name>
            <description>UTC: 2026-03-22 07:11:47
Satellites used: 7
Speed: 22.1 m/s  (79.5 km/h)</description>
            <Point id="2150">
                <coordinates>35.0650870898033,32.09914823404523,303.04315782620193</coordinates>
                <altitudeMode>absolute</altitudeMode>
            </Point>
        </Placemark>
        <Placemark id="2153">
            <name>07:11:48</name>
            <description>UTC: 2026-03-22 07:11:48
Satellites used: 5
Speed: 28.5 m/s  (102.4 km/h)</description>
            <Point id="2152">
                <coordinates>35.06524048552021,32.09890750873949,342.89520535651724</coordinates>
                <altitudeMode>absolute</altitudeMode>
            </Point>
        </Placemark>
        <Placemark id="2155">
            <name>07:12:18</name>
            <description>UTC: 2026-03-22 07:12:18
Satellites used: 6
Speed: 25.3 m/s  (91.3 km/h)</description>
            <Point id="2154">
                <coordinates>35.0729514475668,32.096969252602754,303.47987250039796</coordinates>
                <altitudeMode>absolute</altitudeMode>
            </Point>
        </Placemark>
        <Placemark id="2157">
            <name>07:12:19</name>
            <description>UTC: 2026-03-22 07:12:19
Satellites used: 6
Speed: 23.5 m/s  (84.6 km/h)</description>
            <Point id="2156">
                <coordinates>35.0731534456469,32.09695981370869,313.5489442438737</coordinates>
                <altitudeMode>absolute</altitudeMode>
            </Point>
        </Placemark>
        <Placemark id="2159">
            <name>07:12:20</name>
            <description>UTC: 2026-03-22 07:12:20
Satellites used: 6
Speed: 37.3 m/s  (134.3 km/h)</description>
            <Point id="2158">
                <coordinates>35.073038797351764,32.09681499924276,385.85314138005606</coordinates>
                <altitudeMode>absolute</altitudeMode>
            </Point>
        </Placemark>
        <Placemark id="2161">
            <name>07:12:21</name>
            <description>UTC: 2026-03-22 07:12:21
Satellites used: 6
Speed: 29.3 m/s  (105.5 km/h)</description>
            <Point id="2160">
                <coordinates>35.073623559408176,32.09674819077036,314.0610687339067</coordinates>
                <altitudeMode>absolute</altitudeMode>
            </Point>
        </Placemark>
        <Placemark id="2163">
            <name>07:12:22</name>
            <description>UTC: 2026-03-22 07:12:22
Satellites used: 6
Speed: 26.7 m/s  (96.3 km/h)</description>
            <Point id="2162">
                <coordinates>35.07386969182619,32.09668013596622,324.7138582325857</coordinates>
                <altitudeMode>absolute</altitudeMode>
            </Point>
        </Placemark>
        <Placemark id="2165">
            <name>07:12:23</name>
            <description>UTC: 2026-03-22 07:12:23
Satellites used: 7
Speed: 25.3 m/s  (90.9 km/h)</description>
            <Point id="2164">
                <coordinates>35.07397416367874,32.09661684917638,361.39946258333583</coordinates>
                <altitudeMode>absolute</altitudeMode>
            </Point>
        </Placemark>
        <Placemark id="2167">
            <name>07:12:24</name>
            <description>UTC: 2026-03-22 07:12:24
Satellites used: 7
Speed: 27.7 m/s  (99.8 km/h)</description>
            <Point id="2166">
                <coordinates>35.0743517548663,32.09650131806833,346.63405076813245</coordinates>
                <altitudeMode>absolute</altitudeMode>
            </Point>
        </Placemark>
        <Placemark id="2169">
            <name>07:12:25</name>
            <description>UTC: 2026-03-22 07:12:25
Satellites used: 7
Speed: 26.1 m/s  (94.1 km/h)</description>
            <Point id="2168">
                <coordinates>35.074515874636745,32.09646027731222,373.57277608997924</coordinates>
                <altitudeMode>absolute</altitudeMode>
            </Point>
        </Placemark>
        <Placemark id="2171">
            <name>07:12:26</name>
            <description>UTC: 2026-03-22 07:12:26
Satellites used: 6
Speed: 23.2 m/s  (83.5 km/h)</description>
            <Point id="2170">
                <coordinates>35.074736372214076,32.09646344924637,334.97255976721425</coordinates>
                <altitudeMode>absolute</altitudeMode>
            </Point>
        </Placemark>
        <Placemark id="2173">
            <name>07:12:27</name>
            <description>UTC: 2026-03-22 07:12:27
Satellites used: 6
Speed: 29.8 m/s  (107.3 km/h)</description>
            <Point id="2172">
                <coordinates>35.07513894265624,32.096321973823905,334.48152510146843</coordinates>
                <altitudeMode>absolute</altitudeMode>
            </Point>
        </Placemark>
        <Placemark id="2175">
            <name>07:12:28</name>
            <description>UTC: 2026-03-22 07:12:28
Satellites used: 6
Speed: 24.6 m/s  (88.5 km/h)</description>
            <Point id="2174">
                <coordinates>35.07532643907089,32.096354638016706,331.1666972004317</coordinates>
                <altitudeMode>absolute</altitudeMode>
            </Point>
        </Placemark>
        <Placemark id="2177">
            <name>07:12:29</name>
            <description>UTC: 2026-03-22 07:12:29
Satellites used: 5
Speed: 29.3 m/s  (105.7 km/h)</description>
            <Point id="2176">
                <coordinates>35.07567137590961,32.09617359045509,331.82034703300656</coordinates>
                <altitudeMode>absolute</altitudeMode>
            </Point>
        </Placemark>
        <Placemark id="2179">
            <name>07:12:30</name>
            <description>UTC: 2026-03-22 07:12:30
Satellites used: 5
Speed: 27.7 m/s  (99.9 km/h)</description>
            <Point id="2178">
                <coordinates>35.07569838560335,32.09606756409442,381.8482381454959</coordinates>
                <altitudeMode>absolute</altitudeMode>
            </Point>
        </Placemark>
        <Placemark id="2181">
            <name>07:12:31</name>
            <description>UTC: 2026-03-22 07:12:31
Satellites used: 5
Speed: 27.9 m/s  (100.3 km/h)</description>
            <Point id="2180">
                <coordinates>35.07612966084587,32.09603864380256,353.6107981708391</coordinates>
                <altitudeMode>absolute</altitudeMode>
            </Point>
        </Placemark>
        <Placemark id="2183">
            <name>07:12:32</name>
            <description>UTC: 2026-03-22 07:12:32
Satellites used: 5
Speed: 22.4 m/s  (80.7 km/h)</description>
            <Point id="2182">
                <coordinates>35.07619594639873,32.09599011097776,380.15514897032745</coordinates>
                <altitudeMode>absolute</altitudeMode>
            </Point>
        </Placemark>
        <Placemark id="2185">
            <name>07:12:33</name>
            <description>UTC: 2026-03-22 07:12:33
Satellites used: 5
Speed: 29.6 m/s  (106.4 km/h)</description>
            <Point id="2184">
                <coordinates>35.07664171963115,32.09590221737192,351.29907470536335</coordinates>
                <altitudeMode>absolute</altitudeMode>
            </Point>
        </Placemark>
        <Placemark id="2187">
            <name>07:12:35</name>
            <description>UTC: 2026-03-22 07:12:35
Satellites used: 5
Speed: 0.0 m/s  (0.0 km/h)</description>
            <Point id="2186">
                <coordinates>35.07709277860732,32.095779773296364,369.65335252540666</coordinates>
                <altitudeMode>absolute</altitudeMode>
            </Point>
        </Placemark>
        <Placemark id="2189">
            <name>07:12:36</name>
            <description>UTC: 2026-03-22 07:12:36
Satellites used: 5
Speed: 8.5 m/s  (30.6 km/h)</description>
            <Point id="2188">
                <coordinates>35.077286471004484,32.09570983119152,377.2422576024286</coordinates>
                <altitudeMode>absolute</altitudeMode>
            </Point>
        </Placemark>
        <Placemark id="2191">
            <name>07:12:37</name>
            <description>UTC: 2026-03-22 07:12:37
Satellites used: 5
Speed: 17.1 m/s  (61.5 km/h)</description>
            <Point id="2190">
                <coordinates>35.077583003170076,32.0956001937053,367.74200352792894</coordinates>
                <altitudeMode>absolute</altitudeMode>
            </Point>
        </Placemark>
        <Placemark id="2193">
            <name>07:12:38</name>
            <description>UTC: 2026-03-22 07:12:38
Satellites used: 5
Speed: 21.2 m/s  (76.5 km/h)</description>
            <Point id="2192">
                <coordinates>35.077633983667056,32.095527393112555,411.87171053151076</coordinates>
                <altitudeMode>absolute</altitudeMode>
            </Point>
        </Placemark>
        <Placemark id="2195">
            <name>07:12:39</name>
            <description>UTC: 2026-03-22 07:12:39
Satellites used: 5
Speed: 37.8 m/s  (135.9 km/h)</description>
            <Point id="2194">
                <coordinates>35.078247538701596,32.09545389680876,332.8934549704192</coordinates>
                <altitudeMode>absolute</altitudeMode>
            </Point>
        </Placemark>
        <Placemark id="2197">
            <name>07:12:40</name>
            <description>UTC: 2026-03-22 07:12:40
Satellites used: 5
Speed: 21.8 m/s  (78.5 km/h)</description>
            <Point id="2196">
                <coordinates>35.07830100916883,32.09538672446335,376.36011733636764</coordinates>
                <altitudeMode>absolute</altitudeMode>
            </Point>
        </Placemark>
        <Placemark id="2199">
            <name>07:12:41</name>
            <description>UTC: 2026-03-22 07:12:41
Satellites used: 5
Speed: 44.1 m/s  (158.8 km/h)</description>
            <Point id="2198">
                <coordinates>35.078888121241995,32.0953783450407,301.08503474675507</coordinates>
                <altitudeMode>absolute</altitudeMode>
            </Point>
        </Placemark>
        <Placemark id="2201">
            <name>07:12:43</name>
            <description>UTC: 2026-03-22 07:12:43
Satellites used: 5
Speed: 0.0 m/s  (0.0 km/h)</description>
            <Point id="2200">
                <coordinates>35.07896178871757,32.09518527955689,411.8345373526141</coordinates>
                <altitudeMode>absolute</altitudeMode>
            </Point>
        </Placemark>
        <Placemark id="2203">
            <name>07:12:44</name>
            <description>UTC: 2026-03-22 07:12:44
Satellites used: 5
Speed: 12.2 m/s  (43.9 km/h)</description>
            <Point id="2202">
                <coordinates>35.0790584464895,32.09507197621113,438.07282278411765</coordinates>
                <altitudeMode>absolute</altitudeMode>
            </Point>
        </Placemark>
        <Placemark id="2205">
            <name>07:12:45</name>
            <description>UTC: 2026-03-22 07:12:45
Satellites used: 5
Speed: 42.5 m/s  (153.0 km/h)</description>
            <Point id="2204">
                <coordinates>35.079723322641804,32.09503212293027,341.78890113624135</coordinates>
                <altitudeMode>absolute</altitudeMode>
            </Point>
        </Placemark>
        <Placemark id="2207">
            <name>07:12:46</name>
            <description>UTC: 2026-03-22 07:12:46
Satellites used: 5
Speed: 23.8 m/s  (85.6 km/h)</description>
            <Point id="2206">
                <coordinates>35.079885275243086,32.094934704482796,383.03931254442836</coordinates>
                <altitudeMode>absolute</altitudeMode>
            </Point>
        </Placemark>
        <Placemark id="2209">
            <name>07:12:47</name>
            <description>UTC: 2026-03-22 07:12:47
Satellites used: 5
Speed: 25.4 m/s  (91.6 km/h)</description>
            <Point id="2208">
                <coordinates>35.08016985797404,32.09488652532885,376.6640268742478</coordinates>
                <altitudeMode>absolute</altitudeMode>
            </Point>
        </Placemark>
        <Placemark id="2211">
            <name>07:12:48</name>
            <description>UTC: 2026-03-22 07:12:48
Satellites used: 5
Speed: 28.0 m/s  (100.8 km/h)</description>
            <Point id="2210">
                <coordinates>35.08047684686878,32.09478866726519,368.6390133321205</coordinates>
                <altitudeMode>absolute</altitudeMode>
            </Point>
        </Placemark>
        <Placemark id="2213">
            <name>07:13:37</name>
            <description>UTC: 2026-03-22 07:13:37
Satellites used: 5
Speed: 27.5 m/s  (98.9 km/h)</description>
            <Point id="2212">
                <coordinates>35.09426913495386,32.092274178214026,392.27079243673705</coordinates>
                <altitudeMode>absolute</altitudeMode>
            </Point>
        </Placemark>
        <Placemark id="2215">
            <name>07:13:38</name>
            <description>UTC: 2026-03-22 07:13:38
Satellites used: 5
Speed: 26.6 m/s  (95.9 km/h)</description>
            <Point id="2214">
                <coordinates>35.09455173342241,32.092306733235326,394.8611339262534</coordinates>
                <altitudeMode>absolute</altitudeMode>
            </Point>
        </Placemark>
        <Placemark id="2217">
            <name>07:13:39</name>
            <description>UTC: 2026-03-22 07:13:39
Satellites used: 5
Speed: 28.6 m/s  (102.8 km/h)</description>
            <Point id="2216">
                <coordinates>35.09488145327084,32.092365795134256,387.4139589849028</coordinates>
                <altitudeMode>absolute</altitudeMode>
            </Point>
        </Placemark>
        <Placemark id="2219">
            <name>07:13:40</name>
            <description>UTC: 2026-03-22 07:13:40
Satellites used: 5
Speed: 28.6 m/s  (103.0 km/h)</description>
            <Point id="2218">
                <coordinates>35.095135027805235,32.09229701651746,418.5626821133287</coordinates>
                <altitudeMode>absolute</altitudeMode>
            </Point>
        </Placemark>
        <Placemark id="2221">
            <name>07:13:41</name>
            <description>UTC: 2026-03-22 07:13:41
Satellites used: 6
Speed: 27.3 m/s  (98.4 km/h)</description>
            <Point id="2220">
                <coordinates>35.09543018792258,32.09238082868948,395.89460772247236</coordinates>
                <altitudeMode>absolute</altitudeMode>
            </Point>
        </Placemark>
        <Placemark id="2223">
            <name>07:13:42</name>
            <description>UTC: 2026-03-22 07:13:42
Satellites used: 6
Speed: 31.6 m/s  (113.8 km/h)</description>
            <Point id="2222">
                <coordinates>35.09581881671132,32.09233018143463,384.10778571180396</coordinates>
                <altitudeMode>absolute</altitudeMode>
            </Point>
        </Placemark>
        <Placemark id="2225">
            <name>07:13:43</name>
            <description>UTC: 2026-03-22 07:13:43
Satellites used: 6
Speed: 32.1 m/s  (115.5 km/h)</description>
            <Point id="2224">
                <coordinates>35.09617218211029,32.09237787030113,386.1060908782106</coordinates>
                <altitudeMode>absolute</altitudeMode>
            </Point>
        </Placemark>
        <Placemark id="2227">
            <name>07:13:44</name>
            <description>UTC: 2026-03-22 07:13:44
Satellites used: 5
Speed: 26.5 m/s  (95.5 km/h)</description>
            <Point id="2226">
                <coordinates>35.09634669067718,32.092399236406585,406.1350760086727</coordinates>
                <altitudeMode>absolute</altitudeMode>
            </Point>
        </Placemark>
        <Placemark id="2229">
            <name>07:13:45</name>
            <description>UTC: 2026-03-22 07:13:45
Satellites used: 6
Speed: 31.7 m/s  (114.1 km/h)</description>
            <Point id="2228">
                <coordinates>35.09677675881743,32.09235874368334,396.05192464753486</coordinates>
                <altitudeMode>absolute</altitudeMode>
            </Point>
        </Placemark>
        <Placemark id="2231">
            <name>07:13:46</name>
            <description>UTC: 2026-03-22 07:13:46
Satellites used: 7
Speed: 25.6 m/s  (92.2 km/h)</description>
            <Point id="2230">
                <coordinates>35.096937664797366,32.09235104048486,409.22380168986575</coordinates>
                <altitudeMode>absolute</altitudeMode>
            </Point>
        </Placemark>
        <Placemark id="2233">
            <name>07:13:47</name>
            <description>UTC: 2026-03-22 07:13:47
Satellites used: 7
Speed: 31.0 m/s  (111.5 km/h)</description>
            <Point id="2232">
                <coordinates>35.09734848509188,32.0923989428565,389.7941599179987</coordinates>
                <altitudeMode>absolute</altitudeMode>
            </Point>
        </Placemark>
        <Placemark id="2235">
            <name>07:13:48</name>
            <description>UTC: 2026-03-22 07:13:48
Satellites used: 6
Speed: 29.8 m/s  (107.4 km/h)</description>
            <Point id="2234">
                <coordinates>35.09762927881869,32.09235035343493,414.81684395920314</coordinates>
                <altitudeMode>absolute</altitudeMode>
            </Point>
        </Placemark>
        <Placemark id="2237">
            <name>07:13:49</name>
            <description>UTC: 2026-03-22 07:13:49
Satellites used: 6
Speed: 30.4 m/s  (109.5 km/h)</description>
            <Point id="2236">
                <coordinates>35.09793791768139,32.092487328539484,385.77479703887644</coordinates>
                <altitudeMode>absolute</altitudeMode>
            </Point>
        </Placemark>
        <Placemark id="2239">
            <name>07:13:50</name>
            <description>UTC: 2026-03-22 07:13:50
Satellites used: 6
Speed: 36.4 m/s  (131.0 km/h)</description>
            <Point id="2238">
                <coordinates>35.098270777662506,32.09260341408574,349.64827072211284</coordinates>
                <altitudeMode>absolute</altitudeMode>
            </Point>
        </Placemark>
        <Placemark id="2241">
            <name>07:13:51</name>
            <description>UTC: 2026-03-22 07:13:51
Satellites used: 6
Speed: 30.0 m/s  (108.1 km/h)</description>
            <Point id="2240">
                <coordinates>35.09858969448255,32.092476799290566,378.64182330400575</coordinates>
                <altitudeMode>absolute</altitudeMode>
            </Point>
        </Placemark>
        <Placemark id="2243">
            <name>07:13:52</name>
            <description>UTC: 2026-03-22 07:13:52
Satellites used: 6
Speed: 28.8 m/s  (103.8 km/h)</description>
            <Point id="2242">
                <coordinates>35.09882594380423,32.09248942276162,403.9567887165504</coordinates>
                <altitudeMode>absolute</altitudeMode>
            </Point>
        </Placemark>
        <Placemark id="2245">
            <name>07:13:53</name>
            <description>UTC: 2026-03-22 07:13:53
Satellites used: 7
Speed: 33.9 m/s  (121.9 km/h)</description>
            <Point id="2244">
                <coordinates>35.09926144793665,32.09249737274577,365.6413718149376</coordinates>
                <altitudeMode>absolute</altitudeMode>
            </Point>
        </Placemark>
        <Placemark id="2247">
            <name>07:13:54</name>
            <description>UTC: 2026-03-22 07:13:54
Satellites used: 7
Speed: 36.5 m/s  (131.5 km/h)</description>
            <Point id="2246">
                <coordinates>35.09965896825999,32.09251597818075,350.1369169232742</coordinates>
                <altitudeMode>absolute</altitudeMode>
            </Point>
        </Placemark>
        <Placemark id="2249">
            <name>07:13:55</name>
            <description>UTC: 2026-03-22 07:13:55
Satellites used: 6
Speed: 29.2 m/s  (105.2 km/h)</description>
            <Point id="2248">
                <coordinates>35.09988159927394,32.09253457176647,370.5622409665903</coordinates>
                <altitudeMode>absolute</altitudeMode>
            </Point>
        </Placemark>
        <Placemark id="2251">
            <name>07:13:56</name>
            <description>UTC: 2026-03-22 07:13:56
Satellites used: 7
Speed: 35.8 m/s  (129.0 km/h)</description>
            <Point id="2250">
                <coordinates>35.100353064688626,32.092546333435486,353.8437295358944</coordinates>
                <altitudeMode>absolute</altitudeMode>
            </Point>
        </Placemark>
        <Placemark id="2253">
            <name>07:13:57</name>
            <description>UTC: 2026-03-22 07:13:57
Satellites used: 7
Speed: 28.9 m/s  (103.9 km/h)</description>
            <Point id="2252">
                <coordinates>35.1005405737267,32.092498298202656,377.03225928060743</coordinates>
                <altitudeMode>absolute</altitudeMode>
            </Point>
        </Placemark>
        <Placemark id="2255">
            <name>07:13:58</name>
            <description>UTC: 2026-03-22 07:13:58
Satellites used: 7
Speed: 29.6 m/s  (106.5 km/h)</description>
            <Point id="2254">
                <coordinates>35.10087426053279,32.09254215258223,368.2291332703175</coordinates>
                <altitudeMode>absolute</altitudeMode>
            </Point>
        </Placemark>
        <Placemark id="2257">
            <name>07:13:59</name>
            <description>UTC: 2026-03-22 07:13:59
Satellites used: 6
Speed: 26.7 m/s  (96.1 km/h)</description>
            <Point id="2256">
                <coordinates>35.10110880142326,32.09255188699515,373.4459060848871</coordinates>
                <altitudeMode>absolute</altitudeMode>
            </Point>
        </Placemark>
        <Placemark id="2259">
            <name>07:14:00</name>
            <description>UTC: 2026-03-22 07:14:00
Satellites used: 6
Speed: 31.6 m/s  (113.7 km/h)</description>
            <Point id="2258">
                <coordinates>35.10151973207278,32.09254852734847,363.99095758918065</coordinates>
                <altitudeMode>absolute</altitudeMode>
            </Point>
        </Placemark>
        <Placemark id="2261">
            <name>07:14:01</name>
            <description>UTC: 2026-03-22 07:14:01
Satellites used: 6
Speed: 28.6 m/s  (102.9 km/h)</description>
            <Point id="2260">
                <coordinates>35.1017741528303,32.09258733233967,365.3348437213458</coordinates>
                <altitudeMode>absolute</altitudeMode>
            </Point>
        </Placemark>
        <Placemark id="2263">
            <name>07:14:02</name>
            <description>UTC: 2026-03-22 07:14:02
Satellites used: 6
Speed: 31.0 m/s  (111.5 km/h)</description>
            <Point id="2262">
                <coordinates>35.102007946991854,32.09249636874475,408.6859306206649</coordinates>
                <altitudeMode>absolute</altitudeMode>
            </Point>
        </Placemark>
        <Placemark id="2265">
            <name>07:14:03</name>
            <description>UTC: 2026-03-22 07:14:03
Satellites used: 6
Speed: 29.2 m/s  (105.2 km/h)</description>
            <Point id="2264">
                <coordinates>35.102366827384216,32.092571860818275,378.71092721194907</coordinates>
                <altitudeMode>absolute</altitudeMode>
            </Point>
        </Placemark>
        <Placemark id="2267">
            <name>07:14:04</name>
            <description>UTC: 2026-03-22 07:14:04
Satellites used: 6
Speed: 31.0 m/s  (111.4 km/h)</description>
            <Point id="2266">
                <coordinates>35.10272326401754,32.092567595468445,378.74353182448095</coordinates>
                <altitudeMode>absolute</altitudeMode>
            </Point>
        </Placemark>
        <Placemark id="2269">
            <name>07:14:05</name>
            <description>UTC: 2026-03-22 07:14:05
Satellites used: 6
Speed: 29.0 m/s  (104.5 km/h)</description>
            <Point id="2268">
                <coordinates>35.102840667077935,32.092545808885404,424.7548290384058</coordinates>
                <altitudeMode>absolute</altitudeMode>
            </Point>
        </Placemark>
        <Placemark id="2271">
            <name>07:14:06</name>
            <description>UTC: 2026-03-22 07:14:06
Satellites used: 7
Speed: 34.7 m/s  (125.0 km/h)</description>
            <Point id="2270">
                <coordinates>35.10332444439433,32.09251329848003,365.1751132787626</coordinates>
                <altitudeMode>absolute</altitudeMode>
            </Point>
        </Placemark>
        <Placemark id="2273">
            <name>07:14:07</name>
            <description>UTC: 2026-03-22 07:14:07
Satellites used: 5
Speed: 27.0 m/s  (97.3 km/h)</description>
            <Point id="2272">
                <coordinates>35.10350231133468,32.092682918230224,375.563594929703</coordinates>
                <altitudeMode>absolute</altitudeMode>
            </Point>
        </Placemark>
        <Placemark id="2275">
            <name>07:14:08</name>
            <description>UTC: 2026-03-22 07:14:08
Satellites used: 5
Speed: 26.9 m/s  (96.9 km/h)</description>
            <Point id="2274">
                <coordinates>35.103788457707246,32.09271702457431,382.08115787216525</coordinates>
                <altitudeMode>absolute</altitudeMode>
            </Point>
        </Placemark>
        <Placemark id="2277">
            <name>07:14:09</name>
            <description>UTC: 2026-03-22 07:14:09
Satellites used: 5
Speed: 26.7 m/s  (96.2 km/h)</description>
            <Point id="2276">
                <coordinates>35.10406713152284,32.092741130992444,379.34025644875317</coordinates>
                <altitudeMode>absolute</altitudeMode>
            </Point>
        </Placemark>
        <Placemark id="2279">
            <name>07:14:10</name>
            <description>UTC: 2026-03-22 07:14:10
Satellites used: 6
Speed: 28.3 m/s  (102.0 km/h)</description>
            <Point id="2278">
                <coordinates>35.10439463315406,32.09273642837059,384.82576185968037</coordinates>
                <altitudeMode>absolute</altitudeMode>
            </Point>
        </Placemark>
        <Placemark id="2281">
            <name>07:14:11</name>
            <description>UTC: 2026-03-22 07:14:11
Satellites used: 7
Speed: 26.9 m/s  (96.7 km/h)</description>
            <Point id="2280">
                <coordinates>35.104654190971594,32.092756798313715,378.11384412533204</coordinates>
                <altitudeMode>absolute</altitudeMode>
            </Point>
        </Placemark>
        <Placemark id="2283">
            <name>07:14:12</name>
            <description>UTC: 2026-03-22 07:14:12
Satellites used: 8
Speed: 28.5 m/s  (102.5 km/h)</description>
            <Point id="2282">
                <coordinates>35.1049634000147,32.092827758654714,392.4038118531258</coordinates>
                <altitudeMode>absolute</altitudeMode>
            </Point>
        </Placemark>
        <Placemark id="2285">
            <name>07:14:13</name>
            <description>UTC: 2026-03-22 07:14:13
Satellites used: 7
Speed: 22.4 m/s  (80.5 km/h)</description>
            <Point id="2284">
                <coordinates>35.105113298354844,32.09279199285484,389.2998079618712</coordinates>
                <altitudeMode>absolute</altitudeMode>
            </Point>
        </Placemark>
        <Placemark id="2287">
            <name>07:14:14</name>
            <description>UTC: 2026-03-22 07:14:14
Satellites used: 7
Speed: 27.3 m/s  (98.3 km/h)</description>
            <Point id="2286">
                <coordinates>35.105467647963486,32.092888875739135,381.35529042525656</coordinates>
                <altitudeMode>absolute</altitudeMode>
            </Point>
        </Placemark>
        <Placemark id="2289">
            <name>07:14:15</name>
            <description>UTC: 2026-03-22 07:14:15
Satellites used: 7
Speed: 34.7 m/s  (125.0 km/h)</description>
            <Point id="2288">
                <coordinates>35.105899412274546,32.09295181803216,356.6759080443118</coordinates>
                <altitudeMode>absolute</altitudeMode>
            </Point>
        </Placemark>
        <Placemark id="2291">
            <name>07:14:16</name>
            <description>UTC: 2026-03-22 07:14:16
Satellites used: 5
Speed: 32.3 m/s  (116.2 km/h)</description>
            <Point id="2290">
                <coordinates>35.10620417762413,32.09301094952682,355.89410342967835</coordinates>
                <altitudeMode>absolute</altitudeMode>
            </Point>
        </Placemark>
        <Placemark id="2293">
            <name>07:14:17</name>
            <description>UTC: 2026-03-22 07:14:17
Satellites used: 5
Speed: 27.3 m/s  (98.4 km/h)</description>
            <Point id="2292">
                <coordinates>35.106398818621486,32.09309729916592,377.7158189225279</coordinates>
                <altitudeMode>absolute</altitudeMode>
            </Point>
        </Placemark>
        <Placemark id="2295">
            <name>07:14:18</name>
            <description>UTC: 2026-03-22 07:14:18
Satellites used: 7
Speed: 25.6 m/s  (92.2 km/h)</description>
            <Point id="2294">
                <coordinates>35.106651307765844,32.09311049302778,374.36539968312286</coordinates>
                <altitudeMode>absolute</altitudeMode>
            </Point>
        </Placemark>
        <Placemark id="2297">
            <name>07:14:19</name>
            <description>UTC: 2026-03-22 07:14:19
Satellites used: 7
Speed: 27.7 m/s  (99.7 km/h)</description>
            <Point id="2296">
                <coordinates>35.10691182558022,32.09328267535581,386.89744682850034</coordinates>
                <altitudeMode>absolute</altitudeMode>
            </Point>
        </Placemark>
        <Placemark id="2299">
            <name>07:14:20</name>
            <description>UTC: 2026-03-22 07:14:20
Satellites used: 6
Speed: 30.1 m/s  (108.5 km/h)</description>
            <Point id="2298">
                <coordinates>35.107281679626404,32.09331297480388,368.89557193416897</coordinates>
                <altitudeMode>absolute</altitudeMode>
            </Point>
        </Placemark>
        <Placemark id="2301">
            <name>07:14:21</name>
            <description>UTC: 2026-03-22 07:14:21
Satellites used: 6
Speed: 26.1 m/s  (94.0 km/h)</description>
            <Point id="2300">
                <coordinates>35.10749136747362,32.09329958077035,387.65033153494886</coordinates>
                <altitudeMode>absolute</altitudeMode>
            </Point>
        </Placemark>
        <Placemark id="2303">
            <name>07:14:22</name>
            <description>UTC: 2026-03-22 07:14:22
Satellites used: 6
Speed: 27.1 m/s  (97.6 km/h)</description>
            <Point id="2302">
                <coordinates>35.10777805042118,32.093413178532415,374.1428915232274</coordinates>
                <altitudeMode>absolute</altitudeMode>
            </Point>
        </Placemark>
        <Placemark id="2305">
            <name>07:14:23</name>
            <description>UTC: 2026-03-22 07:14:23
Satellites used: 7
Speed: 26.2 m/s  (94.3 km/h)</description>
            <Point id="2304">
                <coordinates>35.10801495688887,32.09351717208331,379.7270443397253</coordinates>
                <altitudeMode>absolute</altitudeMode>
            </Point>
        </Placemark>
        <Placemark id="2307">
            <name>07:14:24</name>
            <description>UTC: 2026-03-22 07:14:24
Satellites used: 6
Speed: 27.8 m/s  (100.0 km/h)</description>
            <Point id="2306">
                <coordinates>35.108300090373454,32.093581069054345,396.69789617810693</coordinates>
                <altitudeMode>absolute</altitudeMode>
            </Point>
        </Placemark>
        <Placemark id="2309">
            <name>07:14:25</name>
            <description>UTC: 2026-03-22 07:14:25
Satellites used: 6
Speed: 37.4 m/s  (134.7 km/h)</description>
            <Point id="2308">
                <coordinates>35.10867556831572,32.09377300932869,338.9268829816391</coordinates>
                <altitudeMode>absolute</altitudeMode>
            </Point>
        </Placemark>
        <Placemark id="2311">
            <name>07:14:26</name>
            <description>UTC: 2026-03-22 07:14:26
Satellites used: 7
Speed: 26.6 m/s  (95.8 km/h)</description>
            <Point id="2310">
                <coordinates>35.10885469998799,32.09379488732797,380.2773920628064</coordinates>
                <altitudeMode>absolute</altitudeMode>
            </Point>
        </Placemark>
        <Placemark id="2313">
            <name>07:14:27</name>
            <description>UTC: 2026-03-22 07:14:27
Satellites used: 7
Speed: 24.7 m/s  (89.1 km/h)</description>
            <Point id="2312">
                <coordinates>35.10904465079807,32.09388079731505,389.8715393506174</coordinates>
                <altitudeMode>absolute</altitudeMode>
            </Point>
        </Placemark>
        <Placemark id="2315">
            <name>07:14:28</name>
            <description>UTC: 2026-03-22 07:14:28
Satellites used: 8
Speed: 30.1 m/s  (108.4 km/h)</description>
            <Point id="2314">
                <coordinates>35.109405580556945,32.09401353897522,359.87634938050076</coordinates>
                <altitudeMode>absolute</altitudeMode>
            </Point>
        </Placemark>
        <Placemark id="2317">
            <name>07:14:29</name>
            <description>UTC: 2026-03-22 07:14:29
Satellites used: 8
Speed: 26.6 m/s  (95.7 km/h)</description>
            <Point id="2316">
                <coordinates>35.10962247174344,32.094080957026385,383.3678459473212</coordinates>
                <altitudeMode>absolute</altitudeMode>
            </Point>
        </Placemark>
        <Placemark id="2319">
            <name>07:14:30</name>
            <description>UTC: 2026-03-22 07:14:30
Satellites used: 7
Speed: 28.6 m/s  (102.8 km/h)</description>
            <Point id="2318">
                <coordinates>35.10994744517441,32.09416903856851,376.261681025417</coordinates>
                <altitudeMode>absolute</altitudeMode>
            </Point>
        </Placemark>
        <Placemark id="2321">
            <name>07:14:31</name>
            <description>UTC: 2026-03-22 07:14:31
Satellites used: 6
Speed: 27.1 m/s  (97.5 km/h)</description>
            <Point id="2320">
                <coordinates>35.11015865800989,32.09430328735579,385.86350913889567</coordinates>
                <altitudeMode>absolute</altitudeMode>
            </Point>
        </Placemark>
        <Placemark id="2323">
            <name>07:14:32</name>
            <description>UTC: 2026-03-22 07:14:32
Satellites used: 7
Speed: 29.6 m/s  (106.6 km/h)</description>
            <Point id="2322">
                <coordinates>35.11047566913506,32.094437921716064,387.25680692497923</coordinates>
                <altitudeMode>absolute</altitudeMode>
            </Point>
        </Placemark>
        <Placemark id="2325">
            <name>07:14:33</name>
            <description>UTC: 2026-03-22 07:14:33
Satellites used: 8
Speed: 27.0 m/s  (97.0 km/h)</description>
            <Point id="2324">
                <coordinates>35.11065335335381,32.09458087683172,393.1071056187875</coordinates>
                <altitudeMode>absolute</altitudeMode>
            </Point>
        </Placemark>
        <Placemark id="2327">
            <name>07:14:34</name>
            <description>UTC: 2026-03-22 07:14:34
Satellites used: 5
Speed: 29.6 m/s  (106.5 km/h)</description>
            <Point id="2326">
                <coordinates>35.11095038470026,32.09472589973505,371.38583596382597</coordinates>
                <altitudeMode>absolute</altitudeMode>
            </Point>
        </Placemark>
        <Placemark id="2329">
            <name>07:14:35</name>
            <description>UTC: 2026-03-22 07:14:35
Satellites used: 5
Speed: 31.3 m/s  (112.7 km/h)</description>
            <Point id="2328">
                <coordinates>35.11126207654804,32.09482438484561,356.53292453059925</coordinates>
                <altitudeMode>absolute</altitudeMode>
            </Point>
        </Placemark>
        <Placemark id="2331">
            <name>07:14:36</name>
            <description>UTC: 2026-03-22 07:14:36
Satellites used: 5
Speed: 26.9 m/s  (96.9 km/h)</description>
            <Point id="2330">
                <coordinates>35.11145006927944,32.094953363000855,365.90319430007435</coordinates>
                <altitudeMode>absolute</altitudeMode>
            </Point>
        </Placemark>
        <Placemark id="2333">
            <name>07:14:37</name>
            <description>UTC: 2026-03-22 07:14:37
Satellites used: 6
Speed: 26.5 m/s  (95.4 km/h)</description>
            <Point id="2332">
                <coordinates>35.11168073113805,32.09507407153059,376.37249274937625</coordinates>
                <altitudeMode>absolute</altitudeMode>
            </Point>
        </Placemark>
        <Placemark id="2335">
            <name>07:14:38</name>
            <description>UTC: 2026-03-22 07:14:38
Satellites used: 5
Speed: 27.6 m/s  (99.2 km/h)</description>
            <Point id="2334">
                <coordinates>35.11192676959485,32.095212729415955,357.29348842555845</coordinates>
                <altitudeMode>absolute</altitudeMode>
            </Point>
        </Placemark>
        <Placemark id="2337">
            <name>07:14:39</name>
            <description>UTC: 2026-03-22 07:14:39
Satellites used: 6
Speed: 24.9 m/s  (89.8 km/h)</description>
            <Point id="2336">
                <coordinates>35.11200485285843,32.09534525753301,395.1975635780806</coordinates>
                <altitudeMode>absolute</altitudeMode>
            </Point>
        </Placemark>
        <Placemark id="2339">
            <name>07:14:40</name>
            <description>UTC: 2026-03-22 07:14:40
Satellites used: 5
Speed: 30.1 m/s  (108.2 km/h)</description>
            <Point id="2338">
                <coordinates>35.11242233740645,32.0954656861236,361.0964806224313</coordinates>
                <altitudeMode>absolute</altitudeMode>
            </Point>
        </Placemark>
        <Placemark id="2341">
            <name>07:14:41</name>
            <description>UTC: 2026-03-22 07:14:41
Satellites used: 5
Speed: 27.9 m/s  (100.4 km/h)</description>
            <Point id="2340">
                <coordinates>35.11266198937595,32.09557497123321,373.72341454430097</coordinates>
                <altitudeMode>absolute</altitudeMode>
            </Point>
        </Placemark>
        <Placemark id="2343">
            <name>07:14:42</name>
            <description>UTC: 2026-03-22 07:14:42
Satellites used: 6
Speed: 26.8 m/s  (96.5 km/h)</description>
            <Point id="2342">
                <coordinates>35.11272841310199,32.09564284003421,415.6013653799872</coordinates>
                <altitudeMode>absolute</altitudeMode>
            </Point>
        </Placemark>
        <Placemark id="2345">
            <name>07:14:43</name>
            <description>UTC: 2026-03-22 07:14:43
Satellites used: 5
Speed: 30.3 m/s  (109.2 km/h)</description>
            <Point id="2344">
                <coordinates>35.11309882790868,32.09582973331917,363.56984080483517</coordinates>
                <altitudeMode>absolute</altitudeMode>
            </Point>
        </Placemark>
        <Placemark id="2347">
            <name>07:14:44</name>
            <description>UTC: 2026-03-22 07:14:44
Satellites used: 6
Speed: 27.6 m/s  (99.5 km/h)</description>
            <Point id="2346">
                <coordinates>35.113350708945184,32.09590222926637,394.06935306554044</coordinates>
                <altitudeMode>absolute</altitudeMode>
            </Point>
        </Placemark>
        <Placemark id="2349">
            <name>07:14:45</name>
            <description>UTC: 2026-03-22 07:14:45
Satellites used: 6
Speed: 27.6 m/s  (99.5 km/h)</description>
            <Point id="2348">
                <coordinates>35.11356587972625,32.09609435341022,389.6874486805164</coordinates>
                <altitudeMode>absolute</altitudeMode>
            </Point>
        </Placemark>
        <Placemark id="2351">
            <name>07:14:46</name>
            <description>UTC: 2026-03-22 07:14:46
Satellites used: 6
Speed: 26.8 m/s  (96.5 km/h)</description>
            <Point id="2350">
                <coordinates>35.11382355965465,32.09617687827048,392.0199372270287</coordinates>
                <altitudeMode>absolute</altitudeMode>
            </Point>
        </Placemark>
        <Placemark id="2353">
            <name>07:14:47</name>
            <description>UTC: 2026-03-22 07:14:47
Satellites used: 6
Speed: 26.7 m/s  (96.3 km/h)</description>
            <Point id="2352">
                <coordinates>35.11405673962299,32.09629232088191,402.1240429902385</coordinates>
                <altitudeMode>absolute</altitudeMode>
            </Point>
        </Placemark>
        <Placemark id="2355">
            <name>07:14:48</name>
            <description>UTC: 2026-03-22 07:14:48
Satellites used: 6
Speed: 29.8 m/s  (107.2 km/h)</description>
            <Point id="2354">
                <coordinates>35.11434642041918,32.096494564644004,395.31630572127364</coordinates>
                <altitudeMode>absolute</altitudeMode>
            </Point>
        </Placemark>
        <Placemark id="2357">
            <name>07:14:49</name>
            <description>UTC: 2026-03-22 07:14:49
Satellites used: 6
Speed: 28.0 m/s  (100.7 km/h)</description>
            <Point id="2356">
                <coordinates>35.114590584026935,32.09658494019626,386.7449249451113</coordinates>
                <altitudeMode>absolute</altitudeMode>
            </Point>
        </Placemark>
        <Placemark id="2359">
            <name>07:14:50</name>
            <description>UTC: 2026-03-22 07:14:50
Satellites used: 7
Speed: 27.2 m/s  (98.0 km/h)</description>
            <Point id="2358">
                <coordinates>35.11480000068756,32.09674594837552,394.4535985078758</coordinates>
                <altitudeMode>absolute</altitudeMode>
            </Point>
        </Placemark>
        <Placemark id="2361">
            <name>07:14:51</name>
            <description>UTC: 2026-03-22 07:14:51
Satellites used: 7
Speed: 26.6 m/s  (95.8 km/h)</description>
            <Point id="2360">
                <coordinates>35.115060139862116,32.096828594882936,393.80298032164154</coordinates>
                <altitudeMode>absolute</altitudeMode>
            </Point>
        </Placemark>
        <Placemark id="2363">
            <name>07:14:52</name>
            <description>UTC: 2026-03-22 07:14:52
Satellites used: 7
Speed: 24.6 m/s  (88.7 km/h)</description>
            <Point id="2362">
                <coordinates>35.11523142088328,32.09695651976448,401.0438706245559</coordinates>
                <altitudeMode>absolute</altitudeMode>
            </Point>
        </Placemark>
        <Placemark id="2365">
            <name>07:14:53</name>
            <description>UTC: 2026-03-22 07:14:53
Satellites used: 7
Speed: 30.5 m/s  (109.7 km/h)</description>
            <Point id="2364">
                <coordinates>35.11558599158813,32.09711110693861,378.787825991123</coordinates>
                <altitudeMode>absolute</altitudeMode>
            </Point>
        </Placemark>
        <Placemark id="2367">
            <name>07:14:54</name>
            <description>UTC: 2026-03-22 07:14:54
Satellites used: 7
Speed: 26.8 m/s  (96.4 km/h)</description>
            <Point id="2366">
                <coordinates>35.115769198250455,32.097243364245564,389.5013744512894</coordinates>
                <altitudeMode>absolute</altitudeMode>
            </Point>
        </Placemark>
        <Placemark id="2369">
            <name>07:14:55</name>
            <description>UTC: 2026-03-22 07:14:55
Satellites used: 7
Speed: 25.5 m/s  (91.7 km/h)</description>
            <Point id="2368">
                <coordinates>35.11596290431716,32.097371917693934,396.50454981199874</coordinates>
                <altitudeMode>absolute</altitudeMode>
            </Point>
        </Placemark>
        <Placemark id="2371">
            <name>07:14:56</name>
            <description>UTC: 2026-03-22 07:14:56
Satellites used: 7
Speed: 24.7 m/s  (89.1 km/h)</description>
            <Point id="2370">
                <coordinates>35.11620096933849,32.09745364782783,394.64232052695763</coordinates>
                <altitudeMode>absolute</altitudeMode>
            </Point>
        </Placemark>
        <Placemark id="2373">
            <name>07:14:57</name>
            <description>UTC: 2026-03-22 07:14:57
Satellites used: 7
Speed: 28.2 m/s  (101.5 km/h)</description>
            <Point id="2372">
                <coordinates>35.11649593061264,32.09761959391938,395.2818849865952</coordinates>
                <altitudeMode>absolute</altitudeMode>
            </Point>
        </Placemark>
        <Placemark id="2375">
            <name>07:14:58</name>
            <description>UTC: 2026-03-22 07:14:58
Satellites used: 6
Speed: 29.5 m/s  (106.2 km/h)</description>
            <Point id="2374">
                <coordinates>35.11679623008481,32.09772802112943,382.44233354593723</coordinates>
                <altitudeMode>absolute</altitudeMode>
            </Point>
        </Placemark>
        <Placemark id="2377">
            <name>07:14:59</name>
            <description>UTC: 2026-03-22 07:14:59
Satellites used: 6
Speed: 26.5 m/s  (95.5 km/h)</description>
            <Point id="2376">
                <coordinates>35.11697372703415,32.09787267548317,390.47358261318186</coordinates>
                <altitudeMode>absolute</altitudeMode>
            </Point>
        </Placemark>
        <Placemark id="2379">
            <name>07:15:00</name>
            <description>UTC: 2026-03-22 07:15:00
Satellites used: 6
Speed: 27.5 m/s  (99.0 km/h)</description>
            <Point id="2378">
                <coordinates>35.11724255125809,32.09799739695018,393.3370588359838</coordinates>
                <altitudeMode>absolute</altitudeMode>
            </Point>
        </Placemark>
        <Placemark id="2381">
            <name>07:15:01</name>
            <description>UTC: 2026-03-22 07:15:01
Satellites used: 6
Speed: 26.7 m/s  (96.2 km/h)</description>
            <Point id="2380">
                <coordinates>35.117503029728105,32.09807053098735,396.07219742253244</coordinates>
                <altitudeMode>absolute</altitudeMode>
            </Point>
        </Placemark>
        <Placemark id="2383">
            <name>07:15:02</name>
            <description>UTC: 2026-03-22 07:15:02
Satellites used: 5
Speed: 30.9 m/s  (111.2 km/h)</description>
            <Point id="2382">
                <coordinates>35.117799331569096,32.09820903529027,364.8836718690992</coordinates>
                <altitudeMode>absolute</altitudeMode>
            </Point>
        </Placemark>
        <Placemark id="2385">
            <name>07:15:03</name>
            <description>UTC: 2026-03-22 07:15:03
Satellites used: 5
Speed: 25.9 m/s  (93.4 km/h)</description>
            <Point id="2384">
                <coordinates>35.117944543705434,32.09837512097929,387.83442138517603</coordinates>
                <altitudeMode>absolute</altitudeMode>
            </Point>
        </Placemark>
        <Placemark id="2387">
            <name>07:15:04</name>
            <description>UTC: 2026-03-22 07:15:04
Satellites used: 6
Speed: 24.3 m/s  (87.6 km/h)</description>
            <Point id="2386">
                <coordinates>35.118123242346904,32.09845235485739,404.12263866809866</coordinates>
                <altitudeMode>absolute</altitudeMode>
            </Point>
        </Placemark>
        <Placemark id="2389">
            <name>07:15:05</name>
            <description>UTC: 2026-03-22 07:15:05
Satellites used: 6
Speed: 26.1 m/s  (94.0 km/h)</description>
            <Point id="2388">
                <coordinates>35.11841733828965,32.09857006493572,398.0059653001129</coordinates>
                <altitudeMode>absolute</altitudeMode>
            </Point>
        </Placemark>
        <Placemark id="2391">
            <name>07:15:06</name>
            <description>UTC: 2026-03-22 07:15:06
Satellites used: 6
Speed: 25.6 m/s  (92.1 km/h)</description>
            <Point id="2390">
                <coordinates>35.11861014089925,32.09870191672781,409.46251691632875</coordinates>
                <altitudeMode>absolute</altitudeMode>
            </Point>
        </Placemark>
        <Placemark id="2393">
            <name>07:15:07</name>
            <description>UTC: 2026-03-22 07:15:07
Satellites used: 7
Speed: 23.2 m/s  (83.6 km/h)</description>
            <Point id="2392">
                <coordinates>35.118728274424356,32.09886941755089,408.2792095548248</coordinates>
                <altitudeMode>absolute</altitudeMode>
            </Point>
        </Placemark>
        <Placemark id="2395">
            <name>07:15:08</name>
            <description>UTC: 2026-03-22 07:15:08
Satellites used: 7
Speed: 28.0 m/s  (100.8 km/h)</description>
            <Point id="2394">
                <coordinates>35.11912430834065,32.09893646117886,401.41184824824705</coordinates>
                <altitudeMode>absolute</altitudeMode>
            </Point>
        </Placemark>
        <Placemark id="2397">
            <name>07:15:09</name>
            <description>UTC: 2026-03-22 07:15:09
Satellites used: 7
Speed: 26.0 m/s  (93.5 km/h)</description>
            <Point id="2396">
                <coordinates>35.11931334199055,32.09907260501842,400.78824069925747</coordinates>
                <altitudeMode>absolute</altitudeMode>
            </Point>
        </Placemark>
        <Placemark id="2399">
            <name>07:15:10</name>
            <description>UTC: 2026-03-22 07:15:10
Satellites used: 7
Speed: 26.7 m/s  (96.2 km/h)</description>
            <Point id="2398">
                <coordinates>35.119562444000856,32.09919650331664,411.25676456041407</coordinates>
                <altitudeMode>absolute</altitudeMode>
            </Point>
        </Placemark>
        <Placemark id="2401">
            <name>07:15:11</name>
            <description>UTC: 2026-03-22 07:15:11
Satellites used: 7
Speed: 23.1 m/s  (83.1 km/h)</description>
            <Point id="2400">
                <coordinates>35.11969598540454,32.0992953317616,392.54308445014243</coordinates>
                <altitudeMode>absolute</altitudeMode>
            </Point>
        </Placemark>
        <Placemark id="2403">
            <name>07:15:12</name>
            <description>UTC: 2026-03-22 07:15:12
Satellites used: 7
Speed: 27.4 m/s  (98.6 km/h)</description>
            <Point id="2402">
                <coordinates>35.119936203839536,32.0995183939699,415.43834620319586</coordinates>
                <altitudeMode>absolute</altitudeMode>
            </Point>
        </Placemark>
        <Placemark id="2405">
            <name>07:15:13</name>
            <description>UTC: 2026-03-22 07:15:13
Satellites used: 7
Speed: 25.9 m/s  (93.4 km/h)</description>
            <Point id="2404">
                <coordinates>35.120254005800206,32.09948958542191,400.8148823314327</coordinates>
                <altitudeMode>absolute</altitudeMode>
            </Point>
        </Placemark>
        <Placemark id="2407">
            <name>07:15:14</name>
            <description>UTC: 2026-03-22 07:15:14
Satellites used: 7
Speed: 25.1 m/s  (90.4 km/h)</description>
            <Point id="2406">
                <coordinates>35.120437253673224,32.099642369188125,415.50361052866515</coordinates>
                <altitudeMode>absolute</altitudeMode>
            </Point>
        </Placemark>
        <Placemark id="2409">
            <name>07:15:15</name>
            <description>UTC: 2026-03-22 07:15:15
Satellites used: 7
Speed: 30.7 m/s  (110.4 km/h)</description>
            <Point id="2408">
                <coordinates>35.12076048569021,32.09976453410415,378.22145051158384</coordinates>
                <altitudeMode>absolute</altitudeMode>
            </Point>
        </Placemark>
        <Placemark id="2411">
            <name>07:15:16</name>
            <description>UTC: 2026-03-22 07:15:16
Satellites used: 6
Speed: 26.3 m/s  (94.7 km/h)</description>
            <Point id="2410">
                <coordinates>35.12097490322909,32.099872521936085,393.62255284014543</coordinates>
                <altitudeMode>absolute</altitudeMode>
            </Point>
        </Placemark>
        <Placemark id="2413">
            <name>07:15:17</name>
            <description>UTC: 2026-03-22 07:15:17
Satellites used: 6
Speed: 26.1 m/s  (93.8 km/h)</description>
            <Point id="2412">
                <coordinates>35.1211479727099,32.099974937821436,422.54602597103343</coordinates>
                <altitudeMode>absolute</altitudeMode>
            </Point>
        </Placemark>
        <Placemark id="2415">
            <name>07:15:18</name>
            <description>UTC: 2026-03-22 07:15:18
Satellites used: 6
Speed: 26.4 m/s  (94.9 km/h)</description>
            <Point id="2414">
                <coordinates>35.12140464957053,32.1001123840706,421.2623890724341</coordinates>
                <altitudeMode>absolute</altitudeMode>
            </Point>
        </Placemark>
        <Placemark id="2417">
            <name>07:15:19</name>
            <description>UTC: 2026-03-22 07:15:19
Satellites used: 7
Speed: 27.1 m/s  (97.5 km/h)</description>
            <Point id="2416">
                <coordinates>35.121605853366404,32.10032030124167,418.70696706349213</coordinates>
                <altitudeMode>absolute</altitudeMode>
            </Point>
        </Placemark>
        <Placemark id="2419">
            <name>07:15:20</name>
            <description>UTC: 2026-03-22 07:15:20
Satellites used: 7
Speed: 26.2 m/s  (94.2 km/h)</description>
            <Point id="2418">
                <coordinates>35.12185593895659,32.10040531323831,408.25322762109465</coordinates>
                <altitudeMode>absolute</altitudeMode>
            </Point>
        </Placemark>
        <Placemark id="2421">
            <name>07:15:21</name>
            <description>UTC: 2026-03-22 07:15:21
Satellites used: 7
Speed: 27.1 m/s  (97.7 km/h)</description>
            <Point id="2420">
                <coordinates>35.122104907906554,32.100540273000306,423.27660167711997</coordinates>
                <altitudeMode>absolute</altitudeMode>
            </Point>
        </Placemark>
        <Placemark id="2423">
            <name>07:15:22</name>
            <description>UTC: 2026-03-22 07:15:22
Satellites used: 7
Speed: 28.9 m/s  (104.0 km/h)</description>
            <Point id="2422">
                <coordinates>35.1223988449636,32.10065266712635,400.37101052152286</coordinates>
                <altitudeMode>absolute</altitudeMode>
            </Point>
        </Placemark>
        <Placemark id="2425">
            <name>07:15:23</name>
            <description>UTC: 2026-03-22 07:15:23
Satellites used: 6
Speed: 28.7 m/s  (103.4 km/h)</description>
            <Point id="2424">
                <coordinates>35.122618059586294,32.10084965689034,403.46014266443166</coordinates>
                <altitudeMode>absolute</altitudeMode>
            </Point>
        </Placemark>
        <Placemark id="2427">
            <name>07:15:24</name>
            <description>UTC: 2026-03-22 07:15:24
Satellites used: 6
Speed: 24.1 m/s  (86.8 km/h)</description>
            <Point id="2426">
                <coordinates>35.122794303487524,32.100904290688376,411.6330551811603</coordinates>
                <altitudeMode>absolute</altitudeMode>
            </Point>
        </Placemark>
        <Placemark id="2429">
            <name>07:15:25</name>
            <description>UTC: 2026-03-22 07:15:25
Satellites used: 7
Speed: 24.6 m/s  (88.7 km/h)</description>
            <Point id="2428">
                <coordinates>35.12301432379131,32.101038594480954,409.79151071573114</coordinates>
                <altitudeMode>absolute</altitudeMode>
            </Point>
        </Placemark>
        <Placemark id="2431">
            <name>07:15:26</name>
            <description>UTC: 2026-03-22 07:15:26
Satellites used: 7
Speed: 26.2 m/s  (94.3 km/h)</description>
            <Point id="2430">
                <coordinates>35.12330640923239,32.10110958615645,418.14327334627467</coordinates>
                <altitudeMode>absolute</altitudeMode>
            </Point>
        </Placemark>
        <Placemark id="2433">
            <name>07:15:27</name>
            <description>UTC: 2026-03-22 07:15:27
Satellites used: 7
Speed: 27.7 m/s  (99.6 km/h)</description>
            <Point id="2432">
                <coordinates>35.12356955701812,32.101268507754945,412.24169610930704</coordinates>
                <altitudeMode>absolute</altitudeMode>
            </Point>
        </Placemark>
        <Placemark id="2435">
            <name>07:15:28</name>
            <description>UTC: 2026-03-22 07:15:28
Satellites used: 7
Speed: 26.9 m/s  (96.9 km/h)</description>
            <Point id="2434">
                <coordinates>35.12377368718266,32.101423345191044,419.51545164571183</coordinates>
                <altitudeMode>absolute</altitudeMode>
            </Point>
        </Placemark>
        <Placemark id="2437">
            <name>07:15:29</name>
            <description>UTC: 2026-03-22 07:15:29
Satellites used: 7
Speed: 27.3 m/s  (98.4 km/h)</description>
            <Point id="2436">
                <coordinates>35.12399684637673,32.10159277993068,417.44384049136863</coordinates>
                <altitudeMode>absolute</altitudeMode>
            </Point>
        </Placemark>
        <Placemark id="2439">
            <name>07:15:30</name>
            <description>UTC: 2026-03-22 07:15:30
Satellites used: 7
Speed: 27.9 m/s  (100.6 km/h)</description>
            <Point id="2438">
                <coordinates>35.12425379800278,32.101729355029434,409.2235851263366</coordinates>
                <altitudeMode>absolute</altitudeMode>
            </Point>
        </Placemark>
        <Placemark id="2441">
            <name>07:15:31</name>
            <description>UTC: 2026-03-22 07:15:31
Satellites used: 7
Speed: 27.8 m/s  (100.1 km/h)</description>
            <Point id="2440">
                <coordinates>35.12447586039453,32.101895253762734,414.23503058323456</coordinates>
                <altitudeMode>absolute</altitudeMode>
            </Point>
        </Placemark>
        <Placemark id="2443">
            <name>07:15:32</name>
            <description>UTC: 2026-03-22 07:15:32
Satellites used: 7
Speed: 28.5 m/s  (102.8 km/h)</description>
            <Point id="2442">
                <coordinates>35.124679706512026,32.10206510171816,433.77575631818405</coordinates>
                <altitudeMode>absolute</altitudeMode>
            </Point>
        </Placemark>
        <Placemark id="2445">
            <name>07:15:33</name>
            <description>UTC: 2026-03-22 07:15:33
Satellites used: 7
Speed: 26.8 m/s  (96.5 km/h)</description>
            <Point id="2444">
                <coordinates>35.124879182395446,32.10222557095717,422.3883427716335</coordinates>
                <altitudeMode>absolute</altitudeMode>
            </Point>
        </Placemark>
        <Placemark id="2447">
            <name>07:15:34</name>
            <description>UTC: 2026-03-22 07:15:34
Satellites used: 7
Speed: 25.5 m/s  (91.7 km/h)</description>
            <Point id="2446">
                <coordinates>35.125108685702095,32.10231152181746,413.9225788794017</coordinates>
                <altitudeMode>absolute</altitudeMode>
            </Point>
        </Placemark>
        <Placemark id="2449">
            <name>07:15:35</name>
            <description>UTC: 2026-03-22 07:15:35
Satellites used: 7
Speed: 26.6 m/s  (95.8 km/h)</description>
            <Point id="2448">
                <coordinates>35.125319713622964,32.102491478144074,428.159172464256</coordinates>
                <altitudeMode>absolute</altitudeMode>
            </Point>
        </Placemark>
        <Placemark id="2451">
            <name>07:15:36</name>
            <description>UTC: 2026-03-22 07:15:36
Satellites used: 7
Speed: 25.5 m/s  (91.9 km/h)</description>
            <Point id="2450">
                <coordinates>35.12552052199796,32.102629005783506,422.10601410886613</coordinates>
                <altitudeMode>absolute</altitudeMode>
            </Point>
        </Placemark>
        <Placemark id="2453">
            <name>07:15:37</name>
            <description>UTC: 2026-03-22 07:15:37
Satellites used: 8
Speed: 26.3 m/s  (94.9 km/h)</description>
            <Point id="2452">
                <coordinates>35.12575261444806,32.102779713616044,420.4145924226273</coordinates>
                <altitudeMode>absolute</altitudeMode>
            </Point>
        </Placemark>
        <Placemark id="2455">
            <name>07:15:38</name>
            <description>UTC: 2026-03-22 07:15:38
Satellites used: 8
Speed: 26.0 m/s  (93.6 km/h)</description>
            <Point id="2454">
                <coordinates>35.125931322538875,32.10295234201084,427.3690358276283</coordinates>
                <altitudeMode>absolute</altitudeMode>
            </Point>
        </Placemark>
        <Placemark id="2457">
            <name>07:15:39</name>
            <description>UTC: 2026-03-22 07:15:39
Satellites used: 8
Speed: 26.1 m/s  (93.9 km/h)</description>
            <Point id="2456">
                <coordinates>35.12621884773275,32.10300171751646,412.34975746824097</coordinates>
                <altitudeMode>absolute</altitudeMode>
            </Point>
        </Placemark>
        <Placemark id="2459">
            <name>07:15:40</name>
            <description>UTC: 2026-03-22 07:15:40
Satellites used: 8
Speed: 28.3 m/s  (101.8 km/h)</description>
            <Point id="2458">
                <coordinates>35.12640055839885,32.103245126381516,436.98529446988704</coordinates>
                <altitudeMode>absolute</altitudeMode>
            </Point>
        </Placemark>
        <Placemark id="2461">
            <name>07:15:41</name>
            <description>UTC: 2026-03-22 07:15:41
Satellites used: 6
Speed: 24.7 m/s  (89.0 km/h)</description>
            <Point id="2460">
                <coordinates>35.126616355541536,32.10330276646602,416.8568484217826</coordinates>
                <altitudeMode>absolute</altitudeMode>
            </Point>
        </Placemark>
        <Placemark id="2463">
            <name>07:15:42</name>
            <description>UTC: 2026-03-22 07:15:42
Satellites used: 6
Speed: 23.4 m/s  (84.3 km/h)</description>
            <Point id="2462">
                <coordinates>35.126827688125125,32.10338338570296,417.64249525512577</coordinates>
                <altitudeMode>absolute</altitudeMode>
            </Point>
        </Placemark>
        <Placemark id="2465">
            <name>07:15:43</name>
            <description>UTC: 2026-03-22 07:15:43
Satellites used: 7
Speed: 28.0 m/s  (100.7 km/h)</description>
            <Point id="2464">
                <coordinates>35.126965954907206,32.1036645538711,445.8332126203323</coordinates>
                <altitudeMode>absolute</altitudeMode>
            </Point>
        </Placemark>
        <Placemark id="2467">
            <name>07:15:44</name>
            <description>UTC: 2026-03-22 07:15:44
Satellites used: 7
Speed: 23.9 m/s  (86.2 km/h)</description>
            <Point id="2466">
                <coordinates>35.127222110588804,32.103688433025354,423.9080706530152</coordinates>
                <altitudeMode>absolute</altitudeMode>
            </Point>
        </Placemark>
        <Placemark id="2469">
            <name>07:15:45</name>
            <description>UTC: 2026-03-22 07:15:45
Satellites used: 7
Speed: 24.4 m/s  (88.0 km/h)</description>
            <Point id="2468">
                <coordinates>35.12745396294716,32.103802206322584,423.1820545572148</coordinates>
                <altitudeMode>absolute</altitudeMode>
            </Point>
        </Placemark>
        <Placemark id="2471">
            <name>07:15:46</name>
            <description>UTC: 2026-03-22 07:15:46
Satellites used: 7
Speed: 23.2 m/s  (83.5 km/h)</description>
            <Point id="2470">
                <coordinates>35.12761447009182,32.103937323600995,433.42267663433404</coordinates>
                <altitudeMode>absolute</altitudeMode>
            </Point>
        </Placemark>
        <Placemark id="2473">
            <name>07:15:47</name>
            <description>UTC: 2026-03-22 07:15:47
Satellites used: 7
Speed: 26.0 m/s  (93.6 km/h)</description>
            <Point id="2472">
                <coordinates>35.12783833545667,32.10413575088899,434.6794854069569</coordinates>
                <altitudeMode>absolute</altitudeMode>
            </Point>
        </Placemark>
        <Placemark id="2475">
            <name>07:15:48</name>
            <description>UTC: 2026-03-22 07:15:48
Satellites used: 7
Speed: 26.1 m/s  (93.9 km/h)</description>
            <Point id="2474">
                <coordinates>35.12806734698393,32.10427012899376,436.56757001402195</coordinates>
                <altitudeMode>absolute</altitudeMode>
            </Point>
        </Placemark>
        <Placemark id="2477">
            <name>07:15:49</name>
            <description>UTC: 2026-03-22 07:15:49
Satellites used: 7
Speed: 25.3 m/s  (90.9 km/h)</description>
            <Point id="2476">
                <coordinates>35.128277531536334,32.10439309030135,430.3163012703454</coordinates>
                <altitudeMode>absolute</altitudeMode>
            </Point>
        </Placemark>
        <Placemark id="2479">
            <name>07:15:50</name>
            <description>UTC: 2026-03-22 07:15:50
Satellites used: 7
Speed: 25.9 m/s  (93.2 km/h)</description>
            <Point id="2478">
                <coordinates>35.12850178728945,32.10449830950186,413.0066112286543</coordinates>
                <altitudeMode>absolute</altitudeMode>
            </Point>
        </Placemark>
        <Placemark id="2481">
            <name>07:15:51</name>
            <description>UTC: 2026-03-22 07:15:51
Satellites used: 7
Speed: 26.3 m/s  (94.8 km/h)</description>
            <Point id="2480">
                <coordinates>35.12875850260382,32.10463199929655,418.04936254737464</coordinates>
                <altitudeMode>absolute</altitudeMode>
            </Point>
        </Placemark>
        <Placemark id="2483">
            <name>07:15:52</name>
            <description>UTC: 2026-03-22 07:15:52
Satellites used: 8
Speed: 29.4 m/s  (105.9 km/h)</description>
            <Point id="2482">
                <coordinates>35.1289406685651,32.10489285940853,440.98425280212876</coordinates>
                <altitudeMode>absolute</altitudeMode>
            </Point>
        </Placemark>
        <Placemark id="2485">
            <name>07:15:53</name>
            <description>UTC: 2026-03-22 07:15:53
Satellites used: 6
Speed: 26.4 m/s  (94.9 km/h)</description>
            <Point id="2484">
                <coordinates>35.12920285073406,32.10492441915676,415.50772476721954</coordinates>
                <altitudeMode>absolute</altitudeMode>
            </Point>
        </Placemark>
        <Placemark id="2487">
            <name>07:15:54</name>
            <description>UTC: 2026-03-22 07:15:54
Satellites used: 7
Speed: 24.6 m/s  (88.6 km/h)</description>
            <Point id="2486">
                <coordinates>35.1294135984876,32.1049994990973,437.5523962669434</coordinates>
                <altitudeMode>absolute</altitudeMode>
            </Point>
        </Placemark>
        <Placemark id="2489">
            <name>07:15:55</name>
            <description>UTC: 2026-03-22 07:15:55
Satellites used: 8
Speed: 27.8 m/s  (100.0 km/h)</description>
            <Point id="2488">
                <coordinates>35.129683551499255,32.10519702647996,434.87258561364195</coordinates>
                <altitudeMode>absolute</altitudeMode>
            </Point>
        </Placemark>
        <Placemark id="2491">
            <name>07:15:56</name>
            <description>UTC: 2026-03-22 07:15:56
Satellites used: 8
Speed: 26.0 m/s  (93.6 km/h)</description>
            <Point id="2490">
                <coordinates>35.129879221047354,32.105324577344334,437.0053999231807</coordinates>
                <altitudeMode>absolute</altitudeMode>
            </Point>
        </Placemark>
        <Placemark id="2493">
            <name>07:15:57</name>
            <description>UTC: 2026-03-22 07:15:57
Satellites used: 8
Speed: 28.2 m/s  (101.5 km/h)</description>
            <Point id="2492">
                <coordinates>35.13018834827544,32.10543826414168,428.2504102462976</coordinates>
                <altitudeMode>absolute</altitudeMode>
            </Point>
        </Placemark>
        <Placemark id="2495">
            <name>07:15:58</name>
            <description>UTC: 2026-03-22 07:15:58
Satellites used: 8
Speed: 24.4 m/s  (87.8 km/h)</description>
            <Point id="2494">
                <coordinates>35.13038042783471,32.10549150683721,434.4045960199871</coordinates>
                <altitudeMode>absolute</altitudeMode>
            </Point>
        </Placemark>
        <Placemark id="2497">
            <name>07:15:59</name>
            <description>UTC: 2026-03-22 07:15:59
Satellites used: 8
Speed: 27.0 m/s  (97.1 km/h)</description>
            <Point id="2496">
                <coordinates>35.13065452605771,32.10563177754896,422.96687217117034</coordinates>
                <altitudeMode>absolute</altitudeMode>
            </Point>
        </Placemark>
        <Placemark id="2499">
            <name>07:16:00</name>
            <description>UTC: 2026-03-22 07:16:00
Satellites used: 8
Speed: 25.9 m/s  (93.2 km/h)</description>
            <Point id="2498">
                <coordinates>35.130886324727456,32.10572809188352,435.92908220834994</coordinates>
                <altitudeMode>absolute</altitudeMode>
            </Point>
        </Placemark>
        <Placemark id="2501">
            <name>07:16:01</name>
            <description>UTC: 2026-03-22 07:16:01
Satellites used: 7
Speed: 25.8 m/s  (93.0 km/h)</description>
            <Point id="2500">
                <coordinates>35.13110209243605,32.10586390998406,442.1196947148729</coordinates>
                <altitudeMode>absolute</altitudeMode>
            </Point>
        </Placemark>
        <Placemark id="2503">
            <name>07:16:02</name>
            <description>UTC: 2026-03-22 07:16:02
Satellites used: 7
Speed: 26.3 m/s  (94.7 km/h)</description>
            <Point id="2502">
                <coordinates>35.131386574857196,32.105935208934476,438.1147909222585</coordinates>
                <altitudeMode>absolute</altitudeMode>
            </Point>
        </Placemark>
        <Placemark id="2505">
            <name>07:16:03</name>
            <description>UTC: 2026-03-22 07:16:03
Satellites used: 7
Speed: 28.0 m/s  (100.7 km/h)</description>
            <Point id="2504">
                <coordinates>35.13163784873913,32.106088371487154,451.6423549369967</coordinates>
                <altitudeMode>absolute</altitudeMode>
            </Point>
        </Placemark>
        <Placemark id="2507">
            <name>07:16:04</name>
            <description>UTC: 2026-03-22 07:16:04
Satellites used: 7
Speed: 27.3 m/s  (98.3 km/h)</description>
            <Point id="2506">
                <coordinates>35.13188137848492,32.10621198983483,434.2643510790342</coordinates>
                <altitudeMode>absolute</altitudeMode>
            </Point>
        </Placemark>
        <Placemark id="2509">
            <name>07:16:05</name>
            <description>UTC: 2026-03-22 07:16:05
Satellites used: 8
Speed: 26.4 m/s  (95.1 km/h)</description>
            <Point id="2508">
                <coordinates>35.132141250255856,32.10627929397773,434.42666817986554</coordinates>
                <altitudeMode>absolute</altitudeMode>
            </Point>
        </Placemark>
        <Placemark id="2511">
            <name>07:16:06</name>
            <description>UTC: 2026-03-22 07:16:06
Satellites used: 8
Speed: 26.3 m/s  (94.6 km/h)</description>
            <Point id="2510">
                <coordinates>35.13235536515125,32.106430709612496,430.1683757669805</coordinates>
                <altitudeMode>absolute</altitudeMode>
            </Point>
        </Placemark>
        <Placemark id="2513">
            <name>07:16:07</name>
            <description>UTC: 2026-03-22 07:16:07
Satellites used: 8
Speed: 26.6 m/s  (95.6 km/h)</description>
            <Point id="2512">
                <coordinates>35.132657876541685,32.10645850760756,431.5663817688317</coordinates>
                <altitudeMode>absolute</altitudeMode>
            </Point>
        </Placemark>
        <Placemark id="2515">
            <name>07:16:08</name>
            <description>UTC: 2026-03-22 07:16:08
Satellites used: 8
Speed: 26.3 m/s  (94.5 km/h)</description>
            <Point id="2514">
                <coordinates>35.13283168991126,32.10667340335965,434.68935530798024</coordinates>
                <altitudeMode>absolute</altitudeMode>
            </Point>
        </Placemark>
        <Placemark id="2517">
            <name>07:16:09</name>
            <description>UTC: 2026-03-22 07:16:09
Satellites used: 8
Speed: 27.7 m/s  (99.8 km/h)</description>
            <Point id="2516">
                <coordinates>35.13314343613178,32.10674714685376,426.81687171882356</coordinates>
                <altitudeMode>absolute</altitudeMode>
            </Point>
        </Placemark>
        <Placemark id="2519">
            <name>07:16:10</name>
            <description>UTC: 2026-03-22 07:16:10
Satellites used: 8
Speed: 28.3 m/s  (101.9 km/h)</description>
            <Point id="2518">
                <coordinates>35.13339683671577,32.10690284818428,435.4562478084551</coordinates>
                <altitudeMode>absolute</altitudeMode>
            </Point>
        </Placemark>
        <Placemark id="2521">
            <name>07:16:11</name>
            <description>UTC: 2026-03-22 07:16:11
Satellites used: 8
Speed: 26.8 m/s  (96.3 km/h)</description>
            <Point id="2520">
                <coordinates>35.13359324299134,32.107039686730644,442.7121147514629</coordinates>
                <altitudeMode>absolute</altitudeMode>
            </Point>
        </Placemark>
        <Placemark id="2523">
            <name>07:16:12</name>
            <description>UTC: 2026-03-22 07:16:12
Satellites used: 8
Speed: 27.2 m/s  (97.9 km/h)</description>
            <Point id="2522">
                <coordinates>35.13390010845889,32.107092932593524,437.65926707194353</coordinates>
                <altitudeMode>absolute</altitudeMode>
            </Point>
        </Placemark>
        <Placemark id="2525">
            <name>07:16:13</name>
            <description>UTC: 2026-03-22 07:16:13
Satellites used: 8
Speed: 25.8 m/s  (92.8 km/h)</description>
            <Point id="2524">
                <coordinates>35.13413190172721,32.10717278384663,433.81259775265903</coordinates>
                <altitudeMode>absolute</altitudeMode>
            </Point>
        </Placemark>
        <Placemark id="2527">
            <name>07:16:14</name>
            <description>UTC: 2026-03-22 07:16:14
Satellites used: 8
Speed: 27.2 m/s  (98.0 km/h)</description>
            <Point id="2526">
                <coordinates>35.13437979516033,32.10734097269234,432.2996537803455</coordinates>
                <altitudeMode>absolute</altitudeMode>
            </Point>
        </Placemark>
        <Placemark id="2529">
            <name>07:16:15</name>
            <description>UTC: 2026-03-22 07:16:15
Satellites used: 8
Speed: 27.0 m/s  (97.2 km/h)</description>
            <Point id="2528">
                <coordinates>35.134624737082056,32.10745985565747,437.87524692764094</coordinates>
                <altitudeMode>absolute</altitudeMode>
            </Point>
        </Placemark>
        <Placemark id="2531">
            <name>07:16:16</name>
            <description>UTC: 2026-03-22 07:16:16
Satellites used: 7
Speed: 26.9 m/s  (96.8 km/h)</description>
            <Point id="2530">
                <coordinates>35.13486625706449,32.10757383664478,445.5169198285316</coordinates>
                <altitudeMode>absolute</altitudeMode>
            </Point>
        </Placemark>
        <Placemark id="2533">
            <name>07:16:17</name>
            <description>UTC: 2026-03-22 07:16:17
Satellites used: 7
Speed: 28.3 m/s  (102.0 km/h)</description>
            <Point id="2532">
                <coordinates>35.13517134137893,32.10766616738735,449.22205832526794</coordinates>
                <altitudeMode>absolute</altitudeMode>
            </Point>
        </Placemark>
        <Placemark id="2535">
            <name>07:16:18</name>
            <description>UTC: 2026-03-22 07:16:18
Satellites used: 7
Speed: 24.4 m/s  (87.7 km/h)</description>
            <Point id="2534">
                <coordinates>35.13534832029035,32.1077428735573,441.79207060869555</coordinates>
                <altitudeMode>absolute</altitudeMode>
            </Point>
        </Placemark>
        <Placemark id="2537">
            <name>07:16:19</name>
            <description>UTC: 2026-03-22 07:16:19
Satellites used: 7
Speed: 25.3 m/s  (91.0 km/h)</description>
            <Point id="2536">
                <coordinates>35.13560210865154,32.10784924814217,443.21136774101933</coordinates>
                <altitudeMode>absolute</altitudeMode>
            </Point>
        </Placemark>
        <Placemark id="2539">
            <name>07:16:20</name>
            <description>UTC: 2026-03-22 07:16:20
Satellites used: 7
Speed: 24.5 m/s  (88.1 km/h)</description>
            <Point id="2538">
                <coordinates>35.13581992143051,32.107946705572,440.77351820308104</coordinates>
                <altitudeMode>absolute</altitudeMode>
            </Point>
        </Placemark>
        <Placemark id="2541">
            <name>07:16:21</name>
            <description>UTC: 2026-03-22 07:16:21
Satellites used: 7
Speed: 26.3 m/s  (94.5 km/h)</description>
            <Point id="2540">
                <coordinates>35.136079074869194,32.10808587884324,438.564592338612</coordinates>
                <altitudeMode>absolute</altitudeMode>
            </Point>
        </Placemark>
        <Placemark id="2543">
            <name>07:16:22</name>
            <description>UTC: 2026-03-22 07:16:22
Satellites used: 7
Speed: 24.8 m/s  (89.4 km/h)</description>
            <Point id="2542">
                <coordinates>35.13628559157966,32.10819200203836,442.6112238075051</coordinates>
                <altitudeMode>absolute</altitudeMode>
            </Point>
        </Placemark>
        <Placemark id="2545">
            <name>07:16:23</name>
            <description>UTC: 2026-03-22 07:16:23
Satellites used: 7
Speed: 23.6 m/s  (84.8 km/h)</description>
            <Point id="2544">
                <coordinates>35.1365112527385,32.10824375180969,444.17495722083356</coordinates>
                <altitudeMode>absolute</altitudeMode>
            </Point>
        </Placemark>
        <Placemark id="2547">
            <name>07:16:24</name>
            <description>UTC: 2026-03-22 07:16:24
Satellites used: 7
Speed: 23.7 m/s  (85.2 km/h)</description>
            <Point id="2546">
                <coordinates>35.136709273989794,32.10837968421067,448.39956625528856</coordinates>
                <altitudeMode>absolute</altitudeMode>
            </Point>
        </Placemark>
        <Placemark id="2549">
            <name>07:16:25</name>
            <description>UTC: 2026-03-22 07:16:25
Satellites used: 7
Speed: 24.5 m/s  (88.2 km/h)</description>
            <Point id="2548">
                <coordinates>35.13691496912566,32.10852054337134,456.7688831993976</coordinates>
                <altitudeMode>absolute</altitudeMode>
            </Point>
        </Placemark>
        <Placemark id="2551">
            <name>07:16:26</name>
            <description>UTC: 2026-03-22 07:16:26
Satellites used: 7
Speed: 24.7 m/s  (88.9 km/h)</description>
            <Point id="2550">
                <coordinates>35.13719201033023,32.108571860211015,449.5831161618754</coordinates>
                <altitudeMode>absolute</altitudeMode>
            </Point>
        </Placemark>
        <Placemark id="2553">
            <name>07:16:27</name>
            <description>UTC: 2026-03-22 07:16:27
Satellites used: 7
Speed: 22.2 m/s  (79.8 km/h)</description>
            <Point id="2552">
                <coordinates>35.13735954518337,32.10865563252355,452.6850640635316</coordinates>
                <altitudeMode>absolute</altitudeMode>
            </Point>
        </Placemark>
        <Placemark id="2555">
            <name>07:16:28</name>
            <description>UTC: 2026-03-22 07:16:28
Satellites used: 7
Speed: 22.0 m/s  (79.4 km/h)</description>
            <Point id="2554">
                <coordinates>35.13757140329024,32.108734667427015,447.3812778266675</coordinates>
                <altitudeMode>absolute</altitudeMode>
            </Point>
        </Placemark>
        <Placemark id="2557">
            <name>07:16:29</name>
            <description>UTC: 2026-03-22 07:16:29
Satellites used: 6
Speed: 22.9 m/s  (82.5 km/h)</description>
            <Point id="2556">
                <coordinates>35.137769336331154,32.108787711521245,472.4677279976457</coordinates>
                <altitudeMode>absolute</altitudeMode>
            </Point>
        </Placemark>
        <Placemark id="2559">
            <name>07:16:30</name>
            <description>UTC: 2026-03-22 07:16:30
Satellites used: 6
Speed: 27.1 m/s  (97.7 km/h)</description>
            <Point id="2558">
                <coordinates>35.13804200288159,32.108881181976884,425.58884791085774</coordinates>
                <altitudeMode>absolute</altitudeMode>
            </Point>
        </Placemark>
        <Placemark id="2561">
            <name>07:16:31</name>
            <description>UTC: 2026-03-22 07:16:31
Satellites used: 8
Speed: 21.7 m/s  (78.1 km/h)</description>
            <Point id="2560">
                <coordinates>35.13819408669798,32.108972599545844,457.81678564030085</coordinates>
                <altitudeMode>absolute</altitudeMode>
            </Point>
        </Placemark>
        <Placemark id="2563">
            <name>07:16:32</name>
            <description>UTC: 2026-03-22 07:16:32
Satellites used: 8
Speed: 19.7 m/s  (71.0 km/h)</description>
            <Point id="2562">
                <coordinates>35.1383774946022,32.10901304027146,449.77689642845723</coordinates>
                <altitudeMode>absolute</altitudeMode>
            </Point>
        </Placemark>
        <Placemark id="2565">
            <name>07:16:33</name>
            <description>UTC: 2026-03-22 07:16:33
Satellites used: 6
Speed: 21.2 m/s  (76.5 km/h)</description>
            <Point id="2564">
                <coordinates>35.13844030331274,32.10907755069494,487.21532544033494</coordinates>
                <altitudeMode>absolute</altitudeMode>
            </Point>
        </Placemark>
        <Placemark id="2567">
            <name>07:16:34</name>
            <description>UTC: 2026-03-22 07:16:34
Satellites used: 5
Speed: 22.2 m/s  (80.0 km/h)</description>
            <Point id="2566">
                <coordinates>35.13874583969369,32.10915196415042,446.81553729897877</coordinates>
                <altitudeMode>absolute</altitudeMode>
            </Point>
        </Placemark>
        <Placemark id="2569">
            <name>07:16:35</name>
            <description>UTC: 2026-03-22 07:16:35
Satellites used: 6
Speed: 18.0 m/s  (64.7 km/h)</description>
            <Point id="2568">
                <coordinates>35.138888267226555,32.1091530389923,465.3361033548854</coordinates>
                <altitudeMode>absolute</altitudeMode>
            </Point>
        </Placemark>
        <Placemark id="2571">
            <name>07:16:36</name>
            <description>UTC: 2026-03-22 07:16:36
Satellites used: 6
Speed: 34.3 m/s  (123.3 km/h)</description>
            <Point id="2570">
                <coordinates>35.139283221683506,32.10920705700599,404.1103608949804</coordinates>
                <altitudeMode>absolute</altitudeMode>
            </Point>
        </Placemark>
        <Placemark id="2573">
            <name>07:16:37</name>
            <description>UTC: 2026-03-22 07:16:37
Satellites used: 5
Speed: 20.1 m/s  (72.3 km/h)</description>
            <Point id="2572">
                <coordinates>35.13932163987851,32.10926557247929,462.72180144633546</coordinates>
                <altitudeMode>absolute</altitudeMode>
            </Point>
        </Placemark>
        <Placemark id="2575">
            <name>07:16:38</name>
            <description>UTC: 2026-03-22 07:16:38
Satellites used: 5
Speed: 16.1 m/s  (58.0 km/h)</description>
            <Point id="2574">
                <coordinates>35.13946155586911,32.109307291689504,449.6062242036291</coordinates>
                <altitudeMode>absolute</altitudeMode>
            </Point>
        </Placemark>
        <Placemark id="2577">
            <name>07:16:39</name>
            <description>UTC: 2026-03-22 07:16:39
Satellites used: 5
Speed: 14.6 m/s  (52.6 km/h)</description>
            <Point id="2576">
                <coordinates>35.139561577979606,32.10933669976594,461.52525081627556</coordinates>
                <altitudeMode>absolute</altitudeMode>
            </Point>
        </Placemark>
        <Placemark id="2579">
            <name>07:16:40</name>
            <description>UTC: 2026-03-22 07:16:40
Satellites used: 6
Speed: 17.0 m/s  (61.0 km/h)</description>
            <Point id="2578">
                <coordinates>35.139673097231515,32.10930899680989,483.60182173026186</coordinates>
                <altitudeMode>absolute</altitudeMode>
            </Point>
        </Placemark>
        <Placemark id="2581">
            <name>07:16:41</name>
            <description>UTC: 2026-03-22 07:16:41
Satellites used: 7
Speed: 15.6 m/s  (56.1 km/h)</description>
            <Point id="2580">
                <coordinates>35.1398251933578,32.10936539485594,445.55816276698204</coordinates>
                <altitudeMode>absolute</altitudeMode>
            </Point>
        </Placemark>
        <Placemark id="2583">
            <name>07:16:42</name>
            <description>UTC: 2026-03-22 07:16:42
Satellites used: 7
Speed: 10.9 m/s  (39.4 km/h)</description>
            <Point id="2582">
                <coordinates>35.13989965635827,32.10936763049214,452.7813229394397</coordinates>
                <altitudeMode>absolute</altitudeMode>
            </Point>
        </Placemark>
        <Placemark id="2585">
            <name>07:16:43</name>
            <description>UTC: 2026-03-22 07:16:43
Satellites used: 7
Speed: 8.4 m/s  (30.4 km/h)</description>
            <Point id="2584">
                <coordinates>35.139934041813895,32.10942034898065,456.2455611152697</coordinates>
                <altitudeMode>absolute</altitudeMode>
            </Point>
        </Placemark>
        <Placemark id="2587">
            <name>07:16:44</name>
            <description>UTC: 2026-03-22 07:16:44
Satellites used: 7
Speed: 8.4 m/s  (30.3 km/h)</description>
            <Point id="2586">
                <coordinates>35.14002393590086,32.109375722944485,462.69223623143176</coordinates>
                <altitudeMode>absolute</altitudeMode>
            </Point>
        </Placemark>
        <Placemark id="2589">
            <name>07:16:45</name>
            <description>UTC: 2026-03-22 07:16:45
Satellites used: 7
Speed: 10.6 m/s  (38.3 km/h)</description>
            <Point id="2588">
                <coordinates>35.140100396961586,32.109376639684214,440.2393375170351</coordinates>
                <altitudeMode>absolute</altitudeMode>
            </Point>
        </Placemark>
        <Placemark id="2591">
            <name>07:16:46</name>
            <description>UTC: 2026-03-22 07:16:46
Satellites used: 7
Speed: 4.5 m/s  (16.4 km/h)</description>
            <Point id="2590">
                <coordinates>35.140039215328954,32.109407024736214,460.3935704478673</coordinates>
                <altitudeMode>absolute</altitudeMode>
            </Point>
        </Placemark>
        <Placemark id="2593">
            <name>07:16:47</name>
            <description>UTC: 2026-03-22 07:16:47
Satellites used: 7
Speed: 8.0 m/s  (28.9 km/h)</description>
            <Point id="2592">
                <coordinates>35.13997519436001,32.1094424115924,473.84052883761984</coordinates>
                <altitudeMode>absolute</altitudeMode>
            </Point>
        </Placemark>
        <Placemark id="2595">
            <name>07:16:48</name>
            <description>UTC: 2026-03-22 07:16:48
Satellites used: 7
Speed: 2.3 m/s  (8.3 km/h)</description>
            <Point id="2594">
                <coordinates>35.140037311636775,32.10939700309685,466.0502461616089</coordinates>
                <altitudeMode>absolute</altitudeMode>
            </Point>
        </Placemark>
        <Placemark id="2597">
            <name>07:16:49</name>
            <description>UTC: 2026-03-22 07:16:49
Satellites used: 7
Speed: 5.6 m/s  (20.3 km/h)</description>
            <Point id="2596">
                <coordinates>35.140118792111814,32.109395708769355,454.27573950464034</coordinates>
                <altitudeMode>absolute</altitudeMode>
            </Point>
        </Placemark>
        <Placemark id="2599">
            <name>07:16:50</name>
            <description>UTC: 2026-03-22 07:16:50
Satellites used: 7
Speed: 5.6 m/s  (20.3 km/h)</description>
            <Point id="2598">
                <coordinates>35.14000756136256,32.10940270685016,473.4938233231954</coordinates>
                <altitudeMode>absolute</altitudeMode>
            </Point>
        </Placemark>
        <Placemark id="2601">
            <name>07:16:51</name>
            <description>UTC: 2026-03-22 07:16:51
Satellites used: 7
Speed: 8.6 m/s  (31.1 km/h)</description>
            <Point id="2600">
                <coordinates>35.14010428998475,32.10935477250757,445.4941779022681</coordinates>
                <altitudeMode>absolute</altitudeMode>
            </Point>
        </Placemark>
        <Placemark id="2603">
            <name>07:16:52</name>
            <description>UTC: 2026-03-22 07:16:52
Satellites used: 7
Speed: 3.0 m/s  (11.0 km/h)</description>
            <Point id="2602">
                <coordinates>35.140080653579666,32.10944794535019,455.6962249559806</coordinates>
                <altitudeMode>absolute</altitudeMode>
            </Point>
        </Placemark>
        <Placemark id="2605">
            <name>07:16:53</name>
            <description>UTC: 2026-03-22 07:16:53
Satellites used: 7
Speed: 5.1 m/s  (18.2 km/h)</description>
            <Point id="2604">
                <coordinates>35.14016649293582,32.109389352989126,448.244402332257</coordinates>
                <altitudeMode>absolute</altitudeMode>
            </Point>
        </Placemark>
        <Placemark id="2607">
            <name>07:16:54</name>
            <description>UTC: 2026-03-22 07:16:54
Satellites used: 8
Speed: 2.9 m/s  (10.3 km/h)</description>
            <Point id="2606">
                <coordinates>35.14015184204737,32.10940975678804,459.1302351532624</coordinates>
                <altitudeMode>absolute</altitudeMode>
            </Point>
        </Placemark>
        <Placemark id="2609">
            <name>07:16:55</name>
            <description>UTC: 2026-03-22 07:16:55
Satellites used: 8
Speed: 4.8 m/s  (17.1 km/h)</description>
            <Point id="2608">
                <coordinates>35.14017046230068,32.10946479704643,464.55679725974636</coordinates>
                <altitudeMode>absolute</altitudeMode>
            </Point>
        </Placemark>
        <Placemark id="2611">
            <name>07:16:56</name>
            <description>UTC: 2026-03-22 07:16:56
Satellites used: 7
Speed: 6.1 m/s  (21.9 km/h)</description>
            <Point id="2610">
                <coordinates>35.140231308092154,32.109477397875125,470.7762506662192</coordinates>
                <altitudeMode>absolute</altitudeMode>
            </Point>
        </Placemark>
        <Placemark id="2613">
            <name>07:16:57</name>
            <description>UTC: 2026-03-22 07:16:57
Satellites used: 7
Speed: 9.5 m/s  (34.2 km/h)</description>
            <Point id="2612">
                <coordinates>35.14039559127132,32.109484901165295,452.53205205204534</coordinates>
                <altitudeMode>absolute</altitudeMode>
            </Point>
        </Placemark>
        <Placemark id="2615">
            <name>07:16:58</name>
            <description>UTC: 2026-03-22 07:16:58
Satellites used: 7
Speed: 7.9 m/s  (28.4 km/h)</description>
            <Point id="2614">
                <coordinates>35.14047094513091,32.109463011782836,455.6148494876424</coordinates>
                <altitudeMode>absolute</altitudeMode>
            </Point>
        </Placemark>
        <Placemark id="2617">
            <name>07:16:59</name>
            <description>UTC: 2026-03-22 07:16:59
Satellites used: 7
Speed: 9.2 m/s  (33.0 km/h)</description>
            <Point id="2616">
                <coordinates>35.14058946079164,32.10946883273592,455.65391734026554</coordinates>
                <altitudeMode>absolute</altitudeMode>
            </Point>
        </Placemark>
        <Placemark id="2619">
            <name>07:17:00</name>
            <description>UTC: 2026-03-22 07:17:00
Satellites used: 7
Speed: 7.5 m/s  (26.9 km/h)</description>
            <Point id="2618">
                <coordinates>35.140638001928394,32.10949043117189,459.8605843018922</coordinates>
                <altitudeMode>absolute</altitudeMode>
            </Point>
        </Placemark>
        <Placemark id="2621">
            <name>07:17:01</name>
            <description>UTC: 2026-03-22 07:17:01
Satellites used: 8
Speed: 11.7 m/s  (42.0 km/h)</description>
            <Point id="2620">
                <coordinates>35.14071301141146,32.109471863103536,481.07630278169677</coordinates>
                <altitudeMode>absolute</altitudeMode>
            </Point>
        </Placemark>
        <Placemark id="2623">
            <name>07:17:02</name>
            <description>UTC: 2026-03-22 07:17:02
Satellites used: 7
Speed: 15.9 m/s  (57.4 km/h)</description>
            <Point id="2622">
                <coordinates>35.14096359990384,32.109483620688046,447.36452862146285</coordinates>
                <altitudeMode>absolute</altitudeMode>
            </Point>
        </Placemark>
        <Placemark id="2625">
            <name>07:17:03</name>
            <description>UTC: 2026-03-22 07:17:03
Satellites used: 7
Speed: 15.5 m/s  (55.9 km/h)</description>
            <Point id="2624">
                <coordinates>35.141092631314905,32.109521278958965,439.3005216173333</coordinates>
                <altitudeMode>absolute</altitudeMode>
            </Point>
        </Placemark>
        <Placemark id="2627">
            <name>07:17:04</name>
            <description>UTC: 2026-03-22 07:17:04
Satellites used: 7
Speed: 14.5 m/s  (52.1 km/h)</description>
            <Point id="2626">
                <coordinates>35.14108711113185,32.109512727442215,481.9319682214768</coordinates>
                <altitudeMode>absolute</altitudeMode>
            </Point>
        </Placemark>
        <Placemark id="2629">
            <name>07:17:05</name>
            <description>UTC: 2026-03-22 07:17:05
Satellites used: 6
Speed: 14.9 m/s  (53.7 km/h)</description>
            <Point id="2628">
                <coordinates>35.141150821413994,32.10947187902484,496.3258657994491</coordinates>
                <altitudeMode>absolute</altitudeMode>
            </Point>
        </Placemark>
        <Placemark id="2631">
            <name>07:17:06</name>
            <description>UTC: 2026-03-22 07:17:06
Satellites used: 6
Speed: 17.2 m/s  (61.8 km/h)</description>
            <Point id="2630">
                <coordinates>35.14146302337989,32.109526552767456,461.62248343362836</coordinates>
                <altitudeMode>absolute</altitudeMode>
            </Point>
        </Placemark>
        <Placemark id="2633">
            <name>07:17:07</name>
            <description>UTC: 2026-03-22 07:17:07
Satellites used: 5
Speed: 21.8 m/s  (78.5 km/h)</description>
            <Point id="2632">
                <coordinates>35.141666547167546,32.109527995653394,437.4768036148045</coordinates>
                <altitudeMode>absolute</altitudeMode>
            </Point>
        </Placemark>
        <Placemark id="2635">
            <name>07:17:08</name>
            <description>UTC: 2026-03-22 07:17:08
Satellites used: 7
Speed: 22.7 m/s  (81.7 km/h)</description>
            <Point id="2634">
                <coordinates>35.14195602175832,32.109524385289504,437.8100618672662</coordinates>
                <altitudeMode>absolute</altitudeMode>
            </Point>
        </Placemark>
        <Placemark id="2637">
            <name>07:17:09</name>
            <description>UTC: 2026-03-22 07:17:09
Satellites used: 6
Speed: 16.7 m/s  (60.2 km/h)</description>
            <Point id="2636">
                <coordinates>35.142059530520086,32.10952962399275,451.75990155939996</coordinates>
                <altitudeMode>absolute</altitudeMode>
            </Point>
        </Placemark>
        <Placemark id="2639">
            <name>07:17:10</name>
            <description>UTC: 2026-03-22 07:17:10
Satellites used: 7
Speed: 17.9 m/s  (64.6 km/h)</description>
            <Point id="2638">
                <coordinates>35.14223712269956,32.109511258207554,466.6953451524559</coordinates>
                <altitudeMode>absolute</altitudeMode>
            </Point>
        </Placemark>
        <Placemark id="2641">
            <name>07:17:11</name>
            <description>UTC: 2026-03-22 07:17:11
Satellites used: 7
Speed: 16.3 m/s  (58.6 km/h)</description>
            <Point id="2640">
                <coordinates>35.142364658259915,32.10955440864576,473.14218349366973</coordinates>
                <altitudeMode>absolute</altitudeMode>
            </Point>
        </Placemark>
        <Placemark id="2643">
            <name>07:17:12</name>
            <description>UTC: 2026-03-22 07:17:12
Satellites used: 7
Speed: 21.1 m/s  (76.1 km/h)</description>
            <Point id="2642">
                <coordinates>35.14265091699949,32.109515873325186,444.4943589265551</coordinates>
                <altitudeMode>absolute</altitudeMode>
            </Point>
        </Placemark>
        <Placemark id="2645">
            <name>07:17:13</name>
            <description>UTC: 2026-03-22 07:17:13
Satellites used: 7
Speed: 22.6 m/s  (81.3 km/h)</description>
            <Point id="2644">
                <coordinates>35.142918769118424,32.109542852878334,442.69109264438373</coordinates>
                <altitudeMode>absolute</altitudeMode>
            </Point>
        </Placemark>
        <Placemark id="2647">
            <name>07:17:14</name>
            <description>UTC: 2026-03-22 07:17:14
Satellites used: 7
Speed: 19.3 m/s  (69.5 km/h)</description>
            <Point id="2646">
                <coordinates>35.143068231943666,32.109497992398204,460.7697738541992</coordinates>
                <altitudeMode>absolute</altitudeMode>
            </Point>
        </Placemark>
        <Placemark id="2649">
            <name>07:17:15</name>
            <description>UTC: 2026-03-22 07:17:15
Satellites used: 7
Speed: 14.9 m/s  (53.7 km/h)</description>
            <Point id="2648">
                <coordinates>35.143144810154354,32.10956410567186,465.1135615307123</coordinates>
                <altitudeMode>absolute</altitudeMode>
            </Point>
        </Placemark>
        <Placemark id="2651">
            <name>07:17:16</name>
            <description>UTC: 2026-03-22 07:17:16
Satellites used: 7
Speed: 19.5 m/s  (70.3 km/h)</description>
            <Point id="2650">
                <coordinates>35.14343419666911,32.10950251343446,462.1305168691549</coordinates>
                <altitudeMode>absolute</altitudeMode>
            </Point>
        </Placemark>
        <Placemark id="2653">
            <name>07:17:17</name>
            <description>UTC: 2026-03-22 07:17:17
Satellites used: 7
Speed: 19.1 m/s  (68.8 km/h)</description>
            <Point id="2652">
                <coordinates>35.14362335864408,32.10947375913173,466.5196652251248</coordinates>
                <altitudeMode>absolute</altitudeMode>
            </Point>
        </Placemark>
        <Placemark id="2655">
            <name>07:17:18</name>
            <description>UTC: 2026-03-22 07:17:18
Satellites used: 7
Speed: 19.6 m/s  (70.6 km/h)</description>
            <Point id="2654">
                <coordinates>35.143843978424734,32.10949222541496,461.62074605197284</coordinates>
                <altitudeMode>absolute</altitudeMode>
            </Point>
        </Placemark>
        <Placemark id="2657">
            <name>07:17:19</name>
            <description>UTC: 2026-03-22 07:17:19
Satellites used: 7
Speed: 20.1 m/s  (72.5 km/h)</description>
            <Point id="2656">
                <coordinates>35.14396973683416,32.10947252007446,490.91428160678305</coordinates>
                <altitudeMode>absolute</altitudeMode>
            </Point>
        </Placemark>
        <Placemark id="2659">
            <name>07:17:20</name>
            <description>UTC: 2026-03-22 07:17:20
Satellites used: 7
Speed: 22.9 m/s  (82.3 km/h)</description>
            <Point id="2658">
                <coordinates>35.14428514273495,32.109422742529546,458.3717733158502</coordinates>
                <altitudeMode>absolute</altitudeMode>
            </Point>
        </Placemark>
        <Placemark id="2661">
            <name>07:17:21</name>
            <description>UTC: 2026-03-22 07:17:21
Satellites used: 7
Speed: 25.1 m/s  (90.3 km/h)</description>
            <Point id="2660">
                <coordinates>35.14458099028724,32.109406627931556,452.76985398516115</coordinates>
                <altitudeMode>absolute</altitudeMode>
            </Point>
        </Placemark>
        <Placemark id="2663">
            <name>07:17:22</name>
            <description>UTC: 2026-03-22 07:17:22
Satellites used: 7
Speed: 23.3 m/s  (83.8 km/h)</description>
            <Point id="2662">
                <coordinates>35.14475144612932,32.109416220680664,486.68452758149283</coordinates>
                <altitudeMode>absolute</altitudeMode>
            </Point>
        </Placemark>
        <Placemark id="2665">
            <name>07:17:23</name>
            <description>UTC: 2026-03-22 07:17:23
Satellites used: 7
Speed: 18.9 m/s  (67.9 km/h)</description>
            <Point id="2664">
                <coordinates>35.14491513033241,32.10939081671278,473.498255185363</coordinates>
                <altitudeMode>absolute</altitudeMode>
            </Point>
        </Placemark>
        <Placemark id="2667">
            <name>07:17:24</name>
            <description>UTC: 2026-03-22 07:17:24
Satellites used: 7
Speed: 24.9 m/s  (89.6 km/h)</description>
            <Point id="2666">
                <coordinates>35.14527185676076,32.109351588008415,470.9579986655455</coordinates>
                <altitudeMode>absolute</altitudeMode>
            </Point>
        </Placemark>
        <Placemark id="2669">
            <name>07:17:25</name>
            <description>UTC: 2026-03-22 07:17:25
Satellites used: 7
Speed: 22.7 m/s  (81.7 km/h)</description>
            <Point id="2668">
                <coordinates>35.145476300599036,32.10933623269578,470.81058442192665</coordinates>
                <altitudeMode>absolute</altitudeMode>
            </Point>
        </Placemark>
        <Placemark id="2671">
            <name>07:17:26</name>
            <description>UTC: 2026-03-22 07:17:26
Satellites used: 7
Speed: 24.6 m/s  (88.4 km/h)</description>
            <Point id="2670">
                <coordinates>35.14576134357437,32.10931638544477,478.18435492745886</coordinates>
                <altitudeMode>absolute</altitudeMode>
            </Point>
        </Placemark>
        <Placemark id="2673">
            <name>07:17:27</name>
            <description>UTC: 2026-03-22 07:17:27
Satellites used: 6
Speed: 25.6 m/s  (92.2 km/h)</description>
            <Point id="2672">
                <coordinates>35.14604598693832,32.109267054128935,477.72520967924476</coordinates>
                <altitudeMode>absolute</altitudeMode>
            </Point>
        </Placemark>
        <Placemark id="2675">
            <name>07:17:28</name>
            <description>UTC: 2026-03-22 07:17:28
Satellites used: 6
Speed: 24.6 m/s  (88.7 km/h)</description>
            <Point id="2674">
                <coordinates>35.146243991995185,32.109249210073706,498.58780707052637</coordinates>
                <altitudeMode>absolute</altitudeMode>
            </Point>
        </Placemark>
        <Placemark id="2677">
            <name>07:17:29</name>
            <description>UTC: 2026-03-22 07:17:29
Satellites used: 6
Speed: 29.4 m/s  (105.8 km/h)</description>
            <Point id="2676">
                <coordinates>35.14658390943031,32.10928002509375,452.7594093824902</coordinates>
                <altitudeMode>absolute</altitudeMode>
            </Point>
        </Placemark>
        <Placemark id="2679">
            <name>07:17:30</name>
            <description>UTC: 2026-03-22 07:17:30
Satellites used: 6
Speed: 23.3 m/s  (83.8 km/h)</description>
            <Point id="2678">
                <coordinates>35.14677722762848,32.109231750324376,472.3865849115288</coordinates>
                <altitudeMode>absolute</altitudeMode>
            </Point>
        </Placemark>
        <Placemark id="2681">
            <name>07:17:31</name>
            <description>UTC: 2026-03-22 07:17:31
Satellites used: 7
Speed: 22.5 m/s  (81.1 km/h)</description>
            <Point id="2680">
                <coordinates>35.14700242659797,32.10924999704044,477.6556828758147</coordinates>
                <altitudeMode>absolute</altitudeMode>
            </Point>
        </Placemark>
        <Placemark id="2683">
            <name>07:17:32</name>
            <description>UTC: 2026-03-22 07:17:32
Satellites used: 6
Speed: 26.3 m/s  (94.6 km/h)</description>
            <Point id="2682">
                <coordinates>35.147333550520145,32.109164221048395,476.3684806782841</coordinates>
                <altitudeMode>absolute</altitudeMode>
            </Point>
        </Placemark>
        <Placemark id="2685">
            <name>07:17:33</name>
            <description>UTC: 2026-03-22 07:17:33
Satellites used: 6
Speed: 24.2 m/s  (87.2 km/h)</description>
            <Point id="2684">
                <coordinates>35.147509640747906,32.109092864526886,494.668783736179</coordinates>
                <altitudeMode>absolute</altitudeMode>
            </Point>
        </Placemark>
        <Placemark id="2687">
            <name>07:17:34</name>
            <description>UTC: 2026-03-22 07:17:34
Satellites used: 5
Speed: 26.7 m/s  (96.1 km/h)</description>
            <Point id="2686">
                <coordinates>35.147853680360896,32.10920002751786,472.2678140484843</coordinates>
                <altitudeMode>absolute</altitudeMode>
            </Point>
        </Placemark>
        <Placemark id="2689">
            <name>07:17:35</name>
            <description>UTC: 2026-03-22 07:17:35
Satellites used: 5
Speed: 23.6 m/s  (85.0 km/h)</description>
            <Point id="2688">
                <coordinates>35.14803752737293,32.109184454574034,494.6403696064699</coordinates>
                <altitudeMode>absolute</altitudeMode>
            </Point>
        </Placemark>
        <Placemark id="2691">
            <name>07:17:36</name>
            <description>UTC: 2026-03-22 07:17:36
Satellites used: 6
Speed: 27.3 m/s  (98.3 km/h)</description>
            <Point id="2690">
                <coordinates>35.1483867446276,32.10914188450839,472.99511838484864</coordinates>
                <altitudeMode>absolute</altitudeMode>
            </Point>
        </Placemark>
        <Placemark id="2693">
            <name>07:17:37</name>
            <description>UTC: 2026-03-22 07:17:37
Satellites used: 7
Speed: 29.5 m/s  (106.1 km/h)</description>
            <Point id="2692">
                <coordinates>35.148734215193485,32.10911075573094,487.62261280029486</coordinates>
                <altitudeMode>absolute</altitudeMode>
            </Point>
        </Placemark>
        <Placemark id="2695">
            <name>07:17:38</name>
            <description>UTC: 2026-03-22 07:17:38
Satellites used: 7
Speed: 23.4 m/s  (84.1 km/h)</description>
            <Point id="2694">
                <coordinates>35.14888737467661,32.109114125795685,484.6190214552641</coordinates>
                <altitudeMode>absolute</altitudeMode>
            </Point>
        </Placemark>
        <Placemark id="2697">
            <name>07:17:39</name>
            <description>UTC: 2026-03-22 07:17:39
Satellites used: 6
Speed: 25.3 m/s  (91.1 km/h)</description>
            <Point id="2696">
                <coordinates>35.14917325451076,32.109136026782586,470.8722519916793</coordinates>
                <altitudeMode>absolute</altitudeMode>
            </Point>
        </Placemark>
        <Placemark id="2699">
            <name>07:17:40</name>
            <description>UTC: 2026-03-22 07:17:40
Satellites used: 6
Speed: 25.6 m/s  (92.3 km/h)</description>
            <Point id="2698">
                <coordinates>35.14940161212789,32.10909776637693,503.9392242819277</coordinates>
                <altitudeMode>absolute</altitudeMode>
            </Point>
        </Placemark>
        <Placemark id="2701">
            <name>07:17:41</name>
            <description>UTC: 2026-03-22 07:17:41
Satellites used: 6
Speed: 29.0 m/s  (104.5 km/h)</description>
            <Point id="2700">
                <coordinates>35.14978242210236,32.10912582331186,474.64577291835934</coordinates>
                <altitudeMode>absolute</altitudeMode>
            </Point>
        </Placemark>
        <Placemark id="2703">
            <name>07:17:42</name>
            <description>UTC: 2026-03-22 07:17:42
Satellites used: 5
Speed: 25.7 m/s  (92.7 km/h)</description>
            <Point id="2702">
                <coordinates>35.14998314713338,32.10918152291821,465.8596511322962</coordinates>
                <altitudeMode>absolute</altitudeMode>
            </Point>
        </Placemark>
        <Placemark id="2705">
            <name>07:17:43</name>
            <description>UTC: 2026-03-22 07:17:43
Satellites used: 6
Speed: 28.4 m/s  (102.2 km/h)</description>
            <Point id="2704">
                <coordinates>35.150225425717245,32.109024804103875,511.8678528483068</coordinates>
                <altitudeMode>absolute</altitudeMode>
            </Point>
        </Placemark>
        <Placemark id="2707">
            <name>07:17:44</name>
            <description>UTC: 2026-03-22 07:17:44
Satellites used: 6
Speed: 24.6 m/s  (88.6 km/h)</description>
            <Point id="2706">
                <coordinates>35.15048999850463,32.10908100393169,499.1931856959165</coordinates>
                <altitudeMode>absolute</altitudeMode>
            </Point>
        </Placemark>
        <Placemark id="2709">
            <name>07:17:45</name>
            <description>UTC: 2026-03-22 07:17:45
Satellites used: 7
Speed: 28.7 m/s  (103.1 km/h)</description>
            <Point id="2708">
                <coordinates>35.15082069145986,32.10912829692251,471.07556520692526</coordinates>
                <altitudeMode>absolute</altitudeMode>
            </Point>
        </Placemark>
        <Placemark id="2711">
            <name>07:17:46</name>
            <description>UTC: 2026-03-22 07:17:46
Satellites used: 7
Speed: 25.9 m/s  (93.2 km/h)</description>
            <Point id="2710">
                <coordinates>35.15102629833743,32.10913153056824,508.68502721443775</coordinates>
                <altitudeMode>absolute</altitudeMode>
            </Point>
        </Placemark>
        <Placemark id="2713">
            <name>07:17:47</name>
            <description>UTC: 2026-03-22 07:17:47
Satellites used: 8
Speed: 25.2 m/s  (90.9 km/h)</description>
            <Point id="2712">
                <coordinates>35.15131200459258,32.109118607407176,498.19692067239254</coordinates>
                <altitudeMode>absolute</altitudeMode>
            </Point>
        </Placemark>
        <Placemark id="2715">
            <name>07:17:48</name>
            <description>UTC: 2026-03-22 07:17:48
Satellites used: 8
Speed: 23.5 m/s  (84.6 km/h)</description>
            <Point id="2714">
                <coordinates>35.15152142423116,32.10913103039627,507.5049084771743</coordinates>
                <altitudeMode>absolute</altitudeMode>
            </Point>
        </Placemark>
        <Placemark id="2717">
            <name>07:17:49</name>
            <description>UTC: 2026-03-22 07:17:49
Satellites used: 8
Speed: 25.0 m/s  (90.2 km/h)</description>
            <Point id="2716">
                <coordinates>35.15181048295687,32.10916283145746,509.46226848219374</coordinates>
                <altitudeMode>absolute</altitudeMode>
            </Point>
        </Placemark>
        <Placemark id="2719">
            <name>07:17:50</name>
            <description>UTC: 2026-03-22 07:17:50
Satellites used: 8
Speed: 26.1 m/s  (94.1 km/h)</description>
            <Point id="2718">
                <coordinates>35.15210738197208,32.10918371402553,506.8599190914434</coordinates>
                <altitudeMode>absolute</altitudeMode>
            </Point>
        </Placemark>
        <Placemark id="2721">
            <name>07:17:51</name>
            <description>UTC: 2026-03-22 07:17:51
Satellites used: 7
Speed: 25.6 m/s  (92.2 km/h)</description>
            <Point id="2720">
                <coordinates>35.1523688153882,32.10916443975076,510.96837828857616</coordinates>
                <altitudeMode>absolute</altitudeMode>
            </Point>
        </Placemark>
        <Placemark id="2723">
            <name>07:17:52</name>
            <description>UTC: 2026-03-22 07:17:52
Satellites used: 8
Speed: 24.5 m/s  (88.1 km/h)</description>
            <Point id="2722">
                <coordinates>35.15259684392307,32.10921326226958,519.2928602859628</coordinates>
                <altitudeMode>absolute</altitudeMode>
            </Point>
        </Placemark>
        <Placemark id="2725">
            <name>07:17:53</name>
            <description>UTC: 2026-03-22 07:17:53
Satellites used: 8
Speed: 25.7 m/s  (92.7 km/h)</description>
            <Point id="2724">
                <coordinates>35.152898482055676,32.10918860106295,510.1765365442703</coordinates>
                <altitudeMode>absolute</altitudeMode>
            </Point>
        </Placemark>
        <Placemark id="2727">
            <name>07:17:54</name>
            <description>UTC: 2026-03-22 07:17:54
Satellites used: 8
Speed: 24.8 m/s  (89.1 km/h)</description>
            <Point id="2726">
                <coordinates>35.153142166062544,32.10919265908874,517.3488952233099</coordinates>
                <altitudeMode>absolute</altitudeMode>
            </Point>
        </Placemark>
        <Placemark id="2729">
            <name>07:17:55</name>
            <description>UTC: 2026-03-22 07:17:55
Satellites used: 8
Speed: 25.5 m/s  (91.6 km/h)</description>
            <Point id="2728">
                <coordinates>35.1534235207173,32.10921969616165,515.1924336420102</coordinates>
                <altitudeMode>absolute</altitudeMode>
            </Point>
        </Placemark>
        <Placemark id="2731">
            <name>07:17:56</name>
            <description>UTC: 2026-03-22 07:17:56
Satellites used: 8
Speed: 24.1 m/s  (86.7 km/h)</description>
            <Point id="2730">
                <coordinates>35.15365469204918,32.10923491927158,519.1086003274185</coordinates>
                <altitudeMode>absolute</altitudeMode>
            </Point>
        </Placemark>
        <Placemark id="2733">
            <name>07:17:57</name>
            <description>UTC: 2026-03-22 07:17:57
Satellites used: 8
Speed: 27.8 m/s  (100.0 km/h)</description>
            <Point id="2732">
                <coordinates>35.154008357079285,32.10923633265991,512.6261447622798</coordinates>
                <altitudeMode>absolute</altitudeMode>
            </Point>
        </Placemark>
        <Placemark id="2735">
            <name>07:17:58</name>
            <description>UTC: 2026-03-22 07:17:58
Satellites used: 8
Speed: 24.2 m/s  (87.1 km/h)</description>
            <Point id="2734">
                <coordinates>35.154204400707584,32.10924504966476,521.0606720957254</coordinates>
                <altitudeMode>absolute</altitudeMode>
            </Point>
        </Placemark>
        <Placemark id="2737">
            <name>07:17:59</name>
            <description>UTC: 2026-03-22 07:17:59
Satellites used: 8
Speed: 31.9 m/s  (114.7 km/h)</description>
            <Point id="2736">
                <coordinates>35.15461658359405,32.109197299353184,490.60698137508655</coordinates>
                <altitudeMode>absolute</altitudeMode>
            </Point>
        </Placemark>
        <Placemark id="2739">
            <name>07:18:00</name>
            <description>UTC: 2026-03-22 07:18:00
Satellites used: 8
Speed: 24.2 m/s  (87.0 km/h)</description>
            <Point id="2738">
                <coordinates>35.15476201362262,32.10928191553042,518.8511251524917</coordinates>
                <altitudeMode>absolute</altitudeMode>
            </Point>
        </Placemark>
        <Placemark id="2741">
            <name>07:18:01</name>
            <description>UTC: 2026-03-22 07:18:01
Satellites used: 7
Speed: 24.2 m/s  (87.1 km/h)</description>
            <Point id="2740">
                <coordinates>35.155026262180975,32.10925659421124,517.2261519894893</coordinates>
                <altitudeMode>absolute</altitudeMode>
            </Point>
        </Placemark>
        <Placemark id="2743">
            <name>07:18:02</name>
            <description>UTC: 2026-03-22 07:18:02
Satellites used: 8
Speed: 24.9 m/s  (89.6 km/h)</description>
            <Point id="2742">
                <coordinates>35.15528470943779,32.10922908493133,528.0985903129889</coordinates>
                <altitudeMode>absolute</altitudeMode>
            </Point>
        </Placemark>
        <Placemark id="2745">
            <name>07:18:03</name>
            <description>UTC: 2026-03-22 07:18:03
Satellites used: 7
Speed: 25.3 m/s  (91.0 km/h)</description>
            <Point id="2744">
                <coordinates>35.15556270880229,32.109295865922995,525.9701848894628</coordinates>
                <altitudeMode>absolute</altitudeMode>
            </Point>
        </Placemark>
        <Placemark id="2747">
            <name>07:18:04</name>
            <description>UTC: 2026-03-22 07:18:04
Satellites used: 7
Speed: 26.3 m/s  (94.8 km/h)</description>
            <Point id="2746">
                <coordinates>35.15585170555099,32.10924042995355,533.2634346321671</coordinates>
                <altitudeMode>absolute</altitudeMode>
            </Point>
        </Placemark>
        <Placemark id="2749">
            <name>07:18:05</name>
            <description>UTC: 2026-03-22 07:18:05
Satellites used: 7
Speed: 25.4 m/s  (91.3 km/h)</description>
            <Point id="2748">
                <coordinates>35.15610380143468,32.109303173287934,534.518940282128</coordinates>
                <altitudeMode>absolute</altitudeMode>
            </Point>
        </Placemark>
        <Placemark id="2751">
            <name>07:18:06</name>
            <description>UTC: 2026-03-22 07:18:06
Satellites used: 8
Speed: 27.3 m/s  (98.4 km/h)</description>
            <Point id="2750">
                <coordinates>35.1564282733639,32.10928912610041,526.9783838369968</coordinates>
                <altitudeMode>absolute</altitudeMode>
            </Point>
        </Placemark>
        <Placemark id="2753">
            <name>07:18:07</name>
            <description>UTC: 2026-03-22 07:18:07
Satellites used: 7
Speed: 25.0 m/s  (89.8 km/h)</description>
            <Point id="2752">
                <coordinates>35.156637970927235,32.10928615878993,542.918614608813</coordinates>
                <altitudeMode>absolute</altitudeMode>
            </Point>
        </Placemark>
        <Placemark id="2755">
            <name>07:18:08</name>
            <description>UTC: 2026-03-22 07:18:08
Satellites used: 7
Speed: 27.5 m/s  (99.0 km/h)</description>
            <Point id="2754">
                <coordinates>35.15697439243342,32.10931218102904,526.0290315344754</coordinates>
                <altitudeMode>absolute</altitudeMode>
            </Point>
        </Placemark>
        <Placemark id="2757">
            <name>07:18:09</name>
            <description>UTC: 2026-03-22 07:18:09
Satellites used: 7
Speed: 27.6 m/s  (99.2 km/h)</description>
            <Point id="2756">
                <coordinates>35.15726882767033,32.109275453453854,526.3321482048398</coordinates>
                <altitudeMode>absolute</altitudeMode>
            </Point>
        </Placemark>
        <Placemark id="2759">
            <name>07:18:10</name>
            <description>UTC: 2026-03-22 07:18:10
Satellites used: 7
Speed: 26.1 m/s  (93.9 km/h)</description>
            <Point id="2758">
                <coordinates>35.157523155658815,32.10929202009239,529.7383686930117</coordinates>
                <altitudeMode>absolute</altitudeMode>
            </Point>
        </Placemark>
        <Placemark id="2761">
            <name>07:18:11</name>
            <description>UTC: 2026-03-22 07:18:11
Satellites used: 6
Speed: 27.0 m/s  (97.3 km/h)</description>
            <Point id="2760">
                <coordinates>35.15782328034003,32.109266604713824,531.7705838650904</coordinates>
                <altitudeMode>absolute</altitudeMode>
            </Point>
        </Placemark>
        <Placemark id="2763">
            <name>07:18:12</name>
            <description>UTC: 2026-03-22 07:18:12
Satellites used: 5
Speed: 23.2 m/s  (83.5 km/h)</description>
            <Point id="2762">
                <coordinates>35.157993372928516,32.10933803506973,541.4032083867512</coordinates>
                <altitudeMode>absolute</altitudeMode>
            </Point>
        </Placemark>
        <Placemark id="2765">
            <name>07:18:13</name>
            <description>UTC: 2026-03-22 07:18:13
Satellites used: 4
Speed: 31.1 m/s  (111.9 km/h)</description>
            <Point id="2764">
                <coordinates>35.158430042526525,32.109275808159374,515.2472545930693</coordinates>
                <altitudeMode>absolute</altitudeMode>
            </Point>
        </Placemark>
        <Placemark id="2767">
            <name>07:18:14</name>
            <description>UTC: 2026-03-22 07:18:14
Satellites used: 6
Speed: 38.3 m/s  (138.0 km/h)</description>
            <Point id="2766">
                <coordinates>35.15888939293106,32.10940065987382,492.0035971975916</coordinates>
                <altitudeMode>absolute</altitudeMode>
            </Point>
        </Placemark>
        <Placemark id="2769">
            <name>07:18:15</name>
            <description>UTC: 2026-03-22 07:18:15
Satellites used: 4
Speed: 27.6 m/s  (99.3 km/h)</description>
            <Point id="2768">
                <coordinates>35.159052935533424,32.109266266891,513.656065509387</coordinates>
                <altitudeMode>absolute</altitudeMode>
            </Point>
        </Placemark>
        <Placemark id="2771">
            <name>07:18:16</name>
            <description>UTC: 2026-03-22 07:18:16
Satellites used: 6
Speed: 23.6 m/s  (84.8 km/h)</description>
            <Point id="2770">
                <coordinates>35.15908936383687,32.10939667168203,550.4876523778828</coordinates>
                <altitudeMode>absolute</altitudeMode>
            </Point>
        </Placemark>
        <Placemark id="2773">
            <name>07:18:17</name>
            <description>UTC: 2026-03-22 07:18:17
Satellites used: 6
Speed: 27.2 m/s  (97.8 km/h)</description>
            <Point id="2772">
                <coordinates>35.15952413245953,32.109325042118535,524.1273546527221</coordinates>
                <altitudeMode>absolute</altitudeMode>
            </Point>
        </Placemark>
        <Placemark id="2775">
            <name>07:18:18</name>
            <description>UTC: 2026-03-22 07:18:18
Satellites used: 7
Speed: 26.5 m/s  (95.4 km/h)</description>
            <Point id="2774">
                <coordinates>35.1597773827771,32.10932893075959,541.5114769047254</coordinates>
                <altitudeMode>absolute</altitudeMode>
            </Point>
        </Placemark>
        <Placemark id="2777">
            <name>07:18:19</name>
            <description>UTC: 2026-03-22 07:18:19
Satellites used: 7
Speed: 25.6 m/s  (92.3 km/h)</description>
            <Point id="2776">
                <coordinates>35.16003366312903,32.10932828392728,544.6628764988055</coordinates>
                <altitudeMode>absolute</altitudeMode>
            </Point>
        </Placemark>
        <Placemark id="2779">
            <name>07:18:20</name>
            <description>UTC: 2026-03-22 07:18:20
Satellites used: 6
Speed: 26.0 m/s  (93.5 km/h)</description>
            <Point id="2778">
                <coordinates>35.16031656001994,32.10936552931812,530.5746876515228</coordinates>
                <altitudeMode>absolute</altitudeMode>
            </Point>
        </Placemark>
        <Placemark id="2781">
            <name>07:18:21</name>
            <description>UTC: 2026-03-22 07:18:21
Satellites used: 5
Speed: 28.5 m/s  (102.6 km/h)</description>
            <Point id="2780">
                <coordinates>35.16064973307759,32.10941077730893,524.2233415605384</coordinates>
                <altitudeMode>absolute</altitudeMode>
            </Point>
        </Placemark>
        <Placemark id="2783">
            <name>07:18:22</name>
            <description>UTC: 2026-03-22 07:18:22
Satellites used: 6
Speed: 26.8 m/s  (96.4 km/h)</description>
            <Point id="2782">
                <coordinates>35.16067859729715,32.10943881335754,579.6410081255245</coordinates>
                <altitudeMode>absolute</altitudeMode>
            </Point>
        </Placemark>
        <Placemark id="2785">
            <name>07:18:23</name>
            <description>UTC: 2026-03-22 07:18:23
Satellites used: 6
Speed: 39.6 m/s  (142.6 km/h)</description>
            <Point id="2784">
                <coordinates>35.16135365459821,32.10936220975682,510.3754923867607</coordinates>
                <altitudeMode>absolute</altitudeMode>
            </Point>
        </Placemark>
        <Placemark id="2787">
            <name>07:18:24</name>
            <description>UTC: 2026-03-22 07:18:24
Satellites used: 7
Speed: 27.5 m/s  (98.8 km/h)</description>
            <Point id="2786">
                <coordinates>35.16147693837844,32.10944389751126,516.6253831702314</coordinates>
                <altitudeMode>absolute</altitudeMode>
            </Point>
        </Placemark>
        <Placemark id="2789">
            <name>07:18:25</name>
            <description>UTC: 2026-03-22 07:18:25
Satellites used: 6
Speed: 25.0 m/s  (89.9 km/h)</description>
            <Point id="2788">
                <coordinates>35.161715837858644,32.109407579882216,521.6023623223481</coordinates>
                <altitudeMode>absolute</altitudeMode>
            </Point>
        </Placemark>
        <Placemark id="2791">
            <name>07:18:26</name>
            <description>UTC: 2026-03-22 07:18:26
Satellites used: 7
Speed: 16.9 m/s  (61.0 km/h)</description>
            <Point id="2790">
                <coordinates>35.16173644282424,32.10945091031997,540.1704841972892</coordinates>
                <altitudeMode>absolute</altitudeMode>
            </Point>
        </Placemark>
        <Placemark id="2793">
            <name>07:18:27</name>
            <description>UTC: 2026-03-22 07:18:27
Satellites used: 7
Speed: 20.6 m/s  (74.1 km/h)</description>
            <Point id="2792">
                <coordinates>35.16202637982096,32.109447620905996,537.9748812090157</coordinates>
                <altitudeMode>absolute</altitudeMode>
            </Point>
        </Placemark>
        <Placemark id="2795">
            <name>07:18:28</name>
            <description>UTC: 2026-03-22 07:18:28
Satellites used: 8
Speed: 24.2 m/s  (87.2 km/h)</description>
            <Point id="2794">
                <coordinates>35.16233594881656,32.10941151169833,543.1349999888702</coordinates>
                <altitudeMode>absolute</altitudeMode>
            </Point>
        </Placemark>
        <Placemark id="2797">
            <name>07:18:29</name>
            <description>UTC: 2026-03-22 07:18:29
Satellites used: 8
Speed: 20.7 m/s  (74.5 km/h)</description>
            <Point id="2796">
                <coordinates>35.16247805300817,32.109447828739874,553.2055821053085</coordinates>
                <altitudeMode>absolute</altitudeMode>
            </Point>
        </Placemark>
        <Placemark id="2799">
            <name>07:18:30</name>
            <description>UTC: 2026-03-22 07:18:30
Satellites used: 8
Speed: 22.4 m/s  (80.5 km/h)</description>
            <Point id="2798">
                <coordinates>35.162754121239644,32.109478677258856,546.6362375244674</coordinates>
                <altitudeMode>absolute</altitudeMode>
            </Point>
        </Placemark>
        <Placemark id="2801">
            <name>07:18:31</name>
            <description>UTC: 2026-03-22 07:18:31
Satellites used: 7
Speed: 17.9 m/s  (64.4 km/h)</description>
            <Point id="2800">
                <coordinates>35.16285698650692,32.109453133781024,556.9864134720113</coordinates>
                <altitudeMode>absolute</altitudeMode>
            </Point>
        </Placemark>
        <Placemark id="2803">
            <name>07:18:32</name>
            <description>UTC: 2026-03-22 07:18:32
Satellites used: 7
Speed: 20.0 m/s  (72.2 km/h)</description>
            <Point id="2802">
                <coordinates>35.16310879618451,32.10949752115334,554.6665799632907</coordinates>
                <altitudeMode>absolute</altitudeMode>
            </Point>
        </Placemark>
        <Placemark id="2805">
            <name>07:18:33</name>
            <description>UTC: 2026-03-22 07:18:33
Satellites used: 8
Speed: 17.4 m/s  (62.7 km/h)</description>
            <Point id="2804">
                <coordinates>35.163251454216386,32.10950729908673,554.9447558974717</coordinates>
                <altitudeMode>absolute</altitudeMode>
            </Point>
        </Placemark>
        <Placemark id="2807">
            <name>07:18:34</name>
            <description>UTC: 2026-03-22 07:18:34
Satellites used: 8
Speed: 17.0 m/s  (61.3 km/h)</description>
            <Point id="2806">
                <coordinates>35.16342348681595,32.10953726120982,552.7477523322436</coordinates>
                <altitudeMode>absolute</altitudeMode>
            </Point>
        </Placemark>
        <Placemark id="2809">
            <name>07:18:35</name>
            <description>UTC: 2026-03-22 07:18:35
Satellites used: 8
Speed: 22.6 m/s  (81.3 km/h)</description>
            <Point id="2808">
                <coordinates>35.16374705919648,32.10951963019342,544.566100488883</coordinates>
                <altitudeMode>absolute</altitudeMode>
            </Point>
        </Placemark>
        <Placemark id="2811">
            <name>07:18:36</name>
            <description>UTC: 2026-03-22 07:18:36
Satellites used: 8
Speed: 16.5 m/s  (59.3 km/h)</description>
            <Point id="2810">
                <coordinates>35.16382239529742,32.109506263117254,556.4688101043815</coordinates>
                <altitudeMode>absolute</altitudeMode>
            </Point>
        </Placemark>
        <Placemark id="2813">
            <name>07:18:37</name>
            <description>UTC: 2026-03-22 07:18:37
Satellites used: 8
Speed: 24.2 m/s  (87.0 km/h)</description>
            <Point id="2812">
                <coordinates>35.164169953727615,32.109395113213175,537.3672860179065</coordinates>
                <altitudeMode>absolute</altitudeMode>
            </Point>
        </Placemark>
        <Placemark id="2815">
            <name>07:18:38</name>
            <description>UTC: 2026-03-22 07:18:38
Satellites used: 8
Speed: 20.1 m/s  (72.3 km/h)</description>
            <Point id="2814">
                <coordinates>35.16432597481326,32.10950048063329,536.2018111373875</coordinates>
                <altitudeMode>absolute</altitudeMode>
            </Point>
        </Placemark>
        <Placemark id="2817">
            <name>07:18:39</name>
            <description>UTC: 2026-03-22 07:18:39
Satellites used: 8
Speed: 18.6 m/s  (66.9 km/h)</description>
            <Point id="2816">
                <coordinates>35.16448659064537,32.10942765710317,530.6038275375722</coordinates>
                <altitudeMode>absolute</altitudeMode>
            </Point>
        </Placemark>
        <Placemark id="2819">
            <name>07:18:40</name>
            <description>UTC: 2026-03-22 07:18:40
Satellites used: 6
Speed: 12.7 m/s  (45.9 km/h)</description>
            <Point id="2818">
                <coordinates>35.164490676492996,32.109462273456984,554.3330383444484</coordinates>
                <altitudeMode>absolute</altitudeMode>
            </Point>
        </Placemark>
        <Placemark id="2821">
            <name>07:18:41</name>
            <description>UTC: 2026-03-22 07:18:41
Satellites used: 6
Speed: 14.7 m/s  (52.7 km/h)</description>
            <Point id="2820">
                <coordinates>35.16464067560564,32.10947139356097,564.6410022669478</coordinates>
                <altitudeMode>absolute</altitudeMode>
            </Point>
        </Placemark>
        <Placemark id="2823">
            <name>07:18:42</name>
            <description>UTC: 2026-03-22 07:18:42
Satellites used: 6
Speed: 11.9 m/s  (42.9 km/h)</description>
            <Point id="2822">
                <coordinates>35.16476228730743,32.1094619568081,550.2751473037051</coordinates>
                <altitudeMode>absolute</altitudeMode>
            </Point>
        </Placemark>
        <Placemark id="2825">
            <name>07:18:43</name>
            <description>UTC: 2026-03-22 07:18:43
Satellites used: 8
Speed: 7.2 m/s  (25.9 km/h)</description>
            <Point id="2824">
                <coordinates>35.16475940024814,32.10943432106997,553.7749791387246</coordinates>
                <altitudeMode>absolute</altitudeMode>
            </Point>
        </Placemark>
        <Placemark id="2827">
            <name>07:18:44</name>
            <description>UTC: 2026-03-22 07:18:44
Satellites used: 8
Speed: 6.3 m/s  (22.5 km/h)</description>
            <Point id="2826">
                <coordinates>35.16480124946154,32.10943336100887,557.9764185199687</coordinates>
                <altitudeMode>absolute</altitudeMode>
            </Point>
        </Placemark>
        <Placemark id="2829">
            <name>07:18:45</name>
            <description>UTC: 2026-03-22 07:18:45
Satellites used: 8
Speed: 7.8 m/s  (28.2 km/h)</description>
            <Point id="2828">
                <coordinates>35.16488840841249,32.10935627392384,555.4706505726931</coordinates>
                <altitudeMode>absolute</altitudeMode>
            </Point>
        </Placemark>
        <Placemark id="2831">
            <name>07:18:46</name>
            <description>UTC: 2026-03-22 07:18:46
Satellites used: 8
Speed: 5.7 m/s  (20.5 km/h)</description>
            <Point id="2830">
                <coordinates>35.16483352689065,32.10929952690982,560.4997548060682</coordinates>
                <altitudeMode>absolute</altitudeMode>
            </Point>
        </Placemark>
        <Placemark id="2833">
            <name>07:18:47</name>
            <description>UTC: 2026-03-22 07:18:47
Satellites used: 8
Speed: 9.3 m/s  (33.6 km/h)</description>
            <Point id="2832">
                <coordinates>35.164876200209655,32.10917637663902,549.6441224517308</coordinates>
                <altitudeMode>absolute</altitudeMode>
            </Point>
        </Placemark>
        <Placemark id="2835">
            <name>07:18:48</name>
            <description>UTC: 2026-03-22 07:18:48
Satellites used: 8
Speed: 7.3 m/s  (26.3 km/h)</description>
            <Point id="2834">
                <coordinates>35.164890715108854,32.10916040534099,544.3999091034088</coordinates>
                <altitudeMode>absolute</altitudeMode>
            </Point>
        </Placemark>
        <Placemark id="2837">
            <name>07:18:49</name>
            <description>UTC: 2026-03-22 07:18:49
Satellites used: 7
Speed: 10.8 m/s  (38.8 km/h)</description>
            <Point id="2836">
                <coordinates>35.1650868816528,32.10910937276649,543.6601222648871</coordinates>
                <altitudeMode>absolute</altitudeMode>
            </Point>
        </Placemark>
        <Placemark id="2839">
            <name>07:18:50</name>
            <description>UTC: 2026-03-22 07:18:50
Satellites used: 8
Speed: 10.3 m/s  (37.1 km/h)</description>
            <Point id="2838">
                <coordinates>35.164941010350766,32.10907694599551,570.2934261921845</coordinates>
                <altitudeMode>absolute</altitudeMode>
            </Point>
        </Placemark>
        <Placemark id="2841">
            <name>07:18:51</name>
            <description>UTC: 2026-03-22 07:18:51
Satellites used: 8
Speed: 6.9 m/s  (24.9 km/h)</description>
            <Point id="2840">
                <coordinates>35.16499349329393,32.10900043874427,562.1128437798441</coordinates>
                <altitudeMode>absolute</altitudeMode>
            </Point>
        </Placemark>
        <Placemark id="2843">
            <name>07:18:52</name>
            <description>UTC: 2026-03-22 07:18:52
Satellites used: 8
Speed: 13.0 m/s  (47.0 km/h)</description>
            <Point id="2842">
                <coordinates>35.16508729629717,32.108882605598986,538.31585870217</coordinates>
                <altitudeMode>absolute</altitudeMode>
            </Point>
        </Placemark>
        <Placemark id="2845">
            <name>07:18:53</name>
            <description>UTC: 2026-03-22 07:18:53
Satellites used: 8
Speed: 14.1 m/s  (50.8 km/h)</description>
            <Point id="2844">
                <coordinates>35.16524902513205,32.10885078517914,529.1920428397971</coordinates>
                <altitudeMode>absolute</altitudeMode>
            </Point>
        </Placemark>
        <Placemark id="2847">
            <name>07:18:54</name>
            <description>UTC: 2026-03-22 07:18:54
Satellites used: 8
Speed: 6.6 m/s  (23.8 km/h)</description>
            <Point id="2846">
                <coordinates>35.1652350066408,32.10884695646483,546.0493760056164</coordinates>
                <altitudeMode>absolute</altitudeMode>
            </Point>
        </Placemark>
        <Placemark id="2849">
            <name>07:18:55</name>
            <description>UTC: 2026-03-22 07:18:55
Satellites used: 8
Speed: 8.9 m/s  (31.9 km/h)</description>
            <Point id="2848">
                <coordinates>35.16531296540396,32.10875489665962,545.3008094533053</coordinates>
                <altitudeMode>absolute</altitudeMode>
            </Point>
        </Placemark>
        <Placemark id="2851">
            <name>07:18:56</name>
            <description>UTC: 2026-03-22 07:18:56
Satellites used: 8
Speed: 6.7 m/s  (24.1 km/h)</description>
            <Point id="2850">
                <coordinates>35.165315467174274,32.108756984857074,554.5256808477506</coordinates>
                <altitudeMode>absolute</altitudeMode>
            </Point>
        </Placemark>
        <Placemark id="2853">
            <name>07:18:57</name>
            <description>UTC: 2026-03-22 07:18:57
Satellites used: 8
Speed: 15.7 m/s  (56.5 km/h)</description>
            <Point id="2852">
                <coordinates>35.16547497345759,32.10865662860033,519.5090011417346</coordinates>
                <altitudeMode>absolute</altitudeMode>
            </Point>
        </Placemark>
        <Placemark id="2855">
            <name>07:18:58</name>
            <description>UTC: 2026-03-22 07:18:58
Satellites used: 8
Speed: 7.1 m/s  (25.4 km/h)</description>
            <Point id="2854">
                <coordinates>35.165343760757814,32.108623009638535,547.7294089126474</coordinates>
                <altitudeMode>absolute</altitudeMode>
            </Point>
        </Placemark>
        <Placemark id="2857">
            <name>07:18:59</name>
            <description>UTC: 2026-03-22 07:18:59
Satellites used: 7
Speed: 10.0 m/s  (36.2 km/h)</description>
            <Point id="2856">
                <coordinates>35.165516141033564,32.10855744254307,530.0216769518878</coordinates>
                <altitudeMode>absolute</altitudeMode>
            </Point>
        </Placemark>
        <Placemark id="2859">
            <name>07:19:00</name>
            <description>UTC: 2026-03-22 07:19:00
Satellites used: 7
Speed: 9.2 m/s  (33.2 km/h)</description>
            <Point id="2858">
                <coordinates>35.165460569047326,32.108475065100095,549.6946768193912</coordinates>
                <altitudeMode>absolute</altitudeMode>
            </Point>
        </Placemark>
        <Placemark id="2861">
            <name>07:19:01</name>
            <description>UTC: 2026-03-22 07:19:01
Satellites used: 8
Speed: 8.5 m/s  (30.6 km/h)</description>
            <Point id="2860">
                <coordinates>35.165364592407194,32.10839444037993,538.7296001672389</coordinates>
                <altitudeMode>absolute</altitudeMode>
            </Point>
        </Placemark>
        <Placemark id="2863">
            <name>07:19:02</name>
            <description>UTC: 2026-03-22 07:19:02
Satellites used: 7
Speed: 10.8 m/s  (38.9 km/h)</description>
            <Point id="2862">
                <coordinates>35.16538292514148,32.108275919812115,531.0808244236529</coordinates>
                <altitudeMode>absolute</altitudeMode>
            </Point>
        </Placemark>
        <Placemark id="2865">
            <name>07:19:03</name>
            <description>UTC: 2026-03-22 07:19:03
Satellites used: 7
Speed: 9.2 m/s  (33.1 km/h)</description>
            <Point id="2864">
                <coordinates>35.165323477414326,32.108215878031665,539.610137979807</coordinates>
                <altitudeMode>absolute</altitudeMode>
            </Point>
        </Placemark>
        <Placemark id="2867">
            <name>07:19:04</name>
            <description>UTC: 2026-03-22 07:19:04
Satellites used: 8
Speed: 11.8 m/s  (42.3 km/h)</description>
            <Point id="2866">
                <coordinates>35.1653829174156,32.108071150410204,541.805739420794</coordinates>
                <altitudeMode>absolute</altitudeMode>
            </Point>
        </Placemark>
        <Placemark id="2869">
            <name>07:19:05</name>
            <description>UTC: 2026-03-22 07:19:05
Satellites used: 7
Speed: 15.5 m/s  (55.9 km/h)</description>
            <Point id="2868">
                <coordinates>35.16530563133789,32.10801511013427,569.5731044820923</coordinates>
                <altitudeMode>absolute</altitudeMode>
            </Point>
        </Placemark>
        <Placemark id="2871">
            <name>07:19:06</name>
            <description>UTC: 2026-03-22 07:19:06
Satellites used: 7
Speed: 16.8 m/s  (60.6 km/h)</description>
            <Point id="2870">
                <coordinates>35.165237430232345,32.1078002165259,536.8298656293962</coordinates>
                <altitudeMode>absolute</altitudeMode>
            </Point>
        </Placemark>
        <Placemark id="2873">
            <name>07:19:07</name>
            <description>UTC: 2026-03-22 07:19:07
Satellites used: 7
Speed: 14.8 m/s  (53.3 km/h)</description>
            <Point id="2872">
                <coordinates>35.16513469241023,32.10771569545088,536.5711723345078</coordinates>
                <altitudeMode>absolute</altitudeMode>
            </Point>
        </Placemark>
        <Placemark id="2875">
            <name>07:19:08</name>
            <description>UTC: 2026-03-22 07:19:08
Satellites used: 8
Speed: 12.9 m/s  (46.4 km/h)</description>
            <Point id="2874">
                <coordinates>35.16502207243568,32.10770505169765,527.464280311912</coordinates>
                <altitudeMode>absolute</altitudeMode>
            </Point>
        </Placemark>
        <Placemark id="2877">
            <name>07:19:09</name>
            <description>UTC: 2026-03-22 07:19:09
Satellites used: 7
Speed: 18.8 m/s  (67.6 km/h)</description>
            <Point id="2876">
                <coordinates>35.16507595083318,32.107406757389946,545.8160940863435</coordinates>
                <altitudeMode>absolute</altitudeMode>
            </Point>
        </Placemark>
        <Placemark id="2879">
            <name>07:19:10</name>
            <description>UTC: 2026-03-22 07:19:10
Satellites used: 7
Speed: 16.9 m/s  (60.8 km/h)</description>
            <Point id="2878">
                <coordinates>35.165002181823084,32.10728537952791,537.9944114158343</coordinates>
                <altitudeMode>absolute</altitudeMode>
            </Point>
        </Placemark>
        <Placemark id="2881">
            <name>07:19:11</name>
            <description>UTC: 2026-03-22 07:19:11
Satellites used: 6
Speed: 16.1 m/s  (57.8 km/h)</description>
            <Point id="2880">
                <coordinates>35.164875413702944,32.107185560553525,541.2272692347873</coordinates>
                <altitudeMode>absolute</altitudeMode>
            </Point>
        </Placemark>
        <Placemark id="2883">
            <name>07:19:12</name>
            <description>UTC: 2026-03-22 07:19:12
Satellites used: 6
Speed: 17.3 m/s  (62.4 km/h)</description>
            <Point id="2882">
                <coordinates>35.16484462567072,32.10700863315612,537.9629431480578</coordinates>
                <altitudeMode>absolute</altitudeMode>
            </Point>
        </Placemark>
        <Placemark id="2885">
            <name>07:19:13</name>
            <description>UTC: 2026-03-22 07:19:13
Satellites used: 8
Speed: 15.3 m/s  (55.2 km/h)</description>
            <Point id="2884">
                <coordinates>35.16476258777887,32.1069239547052,546.4593011342178</coordinates>
                <altitudeMode>absolute</altitudeMode>
            </Point>
        </Placemark>
        <Placemark id="2887">
            <name>07:19:14</name>
            <description>UTC: 2026-03-22 07:19:14
Satellites used: 8
Speed: 18.9 m/s  (68.1 km/h)</description>
            <Point id="2886">
                <coordinates>35.16476905072676,32.106691514720225,537.2038064605026</coordinates>
                <altitudeMode>absolute</altitudeMode>
            </Point>
        </Placemark>
        <Placemark id="2889">
            <name>07:19:15</name>
            <description>UTC: 2026-03-22 07:19:15
Satellites used: 7
Speed: 17.5 m/s  (63.0 km/h)</description>
            <Point id="2888">
                <coordinates>35.16473142444785,32.10655665628449,536.167795825143</coordinates>
                <altitudeMode>absolute</altitudeMode>
            </Point>
        </Placemark>
        <Placemark id="2891">
            <name>07:19:16</name>
            <description>UTC: 2026-03-22 07:19:16
Satellites used: 7
Speed: 16.4 m/s  (58.9 km/h)</description>
            <Point id="2890">
                <coordinates>35.1648355854884,32.1064382633822,526.1767027176239</coordinates>
                <altitudeMode>absolute</altitudeMode>
            </Point>
        </Placemark>
        <Placemark id="2893">
            <name>07:19:17</name>
            <description>UTC: 2026-03-22 07:19:17
Satellites used: 8
Speed: 19.6 m/s  (70.5 km/h)</description>
            <Point id="2892">
                <coordinates>35.16463411473313,32.106236142953,527.0786380862588</coordinates>
                <altitudeMode>absolute</altitudeMode>
            </Point>
        </Placemark>
        <Placemark id="2895">
            <name>07:19:18</name>
            <description>UTC: 2026-03-22 07:19:18
Satellites used: 8
Speed: 23.7 m/s  (85.2 km/h)</description>
            <Point id="2894">
                <coordinates>35.16450725721783,32.106086737491324,564.1087790646072</coordinates>
                <altitudeMode>absolute</altitudeMode>
            </Point>
        </Placemark>
        <Placemark id="2897">
            <name>07:19:19</name>
            <description>UTC: 2026-03-22 07:19:19
Satellites used: 8
Speed: 17.8 m/s  (64.2 km/h)</description>
            <Point id="2896">
                <coordinates>35.164536554966126,32.10594328795978,553.8000333436244</coordinates>
                <altitudeMode>absolute</altitudeMode>
            </Point>
        </Placemark>
        <Placemark id="2899">
            <name>07:19:20</name>
            <description>UTC: 2026-03-22 07:19:20
Satellites used: 6
Speed: 17.7 m/s  (63.9 km/h)</description>
            <Point id="2898">
                <coordinates>35.16451800519977,32.105795408766994,560.6720478360114</coordinates>
                <altitudeMode>absolute</altitudeMode>
            </Point>
        </Placemark>
        <Placemark id="2901">
            <name>07:19:21</name>
            <description>UTC: 2026-03-22 07:19:21
Satellites used: 8
Speed: 12.6 m/s  (45.3 km/h)</description>
            <Point id="2900">
                <coordinates>35.16460141688538,32.10575048426566,561.9745968629388</coordinates>
                <altitudeMode>absolute</altitudeMode>
            </Point>
        </Placemark>
        <Placemark id="2903">
            <name>07:19:22</name>
            <description>UTC: 2026-03-22 07:19:22
Satellites used: 8
Speed: 21.6 m/s  (77.8 km/h)</description>
            <Point id="2902">
                <coordinates>35.16449061737905,32.10554769126332,521.9766132162022</coordinates>
                <altitudeMode>absolute</altitudeMode>
            </Point>
        </Placemark>
        <Placemark id="2905">
            <name>07:19:23</name>
            <description>UTC: 2026-03-22 07:19:23
Satellites used: 8
Speed: 14.2 m/s  (51.1 km/h)</description>
            <Point id="2904">
                <coordinates>35.16447064739337,32.105465270360845,552.3500633753563</coordinates>
                <altitudeMode>absolute</altitudeMode>
            </Point>
        </Placemark>
        <Placemark id="2907">
            <name>07:19:24</name>
            <description>UTC: 2026-03-22 07:19:24
Satellites used: 6
Speed: 19.7 m/s  (70.9 km/h)</description>
            <Point id="2906">
                <coordinates>35.16439961525096,32.1052786887253,521.2682341271634</coordinates>
                <altitudeMode>absolute</altitudeMode>
            </Point>
        </Placemark>
        <Placemark id="2909">
            <name>07:19:25</name>
            <description>UTC: 2026-03-22 07:19:25
Satellites used: 6
Speed: 19.3 m/s  (69.7 km/h)</description>
            <Point id="2908">
                <coordinates>35.16427722966777,32.10510826631425,524.9870199194648</coordinates>
                <altitudeMode>absolute</altitudeMode>
            </Point>
        </Placemark>
        <Placemark id="2911">
            <name>07:19:26</name>
            <description>UTC: 2026-03-22 07:19:26
Satellites used: 7
Speed: 15.3 m/s  (55.0 km/h)</description>
            <Point id="2910">
                <coordinates>35.16428272001313,32.105015061067114,537.2982148157804</coordinates>
                <altitudeMode>absolute</altitudeMode>
            </Point>
        </Placemark>
        <Placemark id="2913">
            <name>07:19:27</name>
            <description>UTC: 2026-03-22 07:19:27
Satellites used: 6
Speed: 19.1 m/s  (68.6 km/h)</description>
            <Point id="2912">
                <coordinates>35.16409807284209,32.10492035351181,559.8918985628694</coordinates>
                <altitudeMode>absolute</altitudeMode>
            </Point>
        </Placemark>
        <Placemark id="2915">
            <name>07:19:28</name>
            <description>UTC: 2026-03-22 07:19:28
Satellites used: 7
Speed: 15.2 m/s  (54.8 km/h)</description>
            <Point id="2914">
                <coordinates>35.164117606306476,32.10477508068569,538.3879141050751</coordinates>
                <altitudeMode>absolute</altitudeMode>
            </Point>
        </Placemark>
        <Placemark id="2917">
            <name>07:19:29</name>
            <description>UTC: 2026-03-22 07:19:29
Satellites used: 6
Speed: 17.4 m/s  (62.7 km/h)</description>
            <Point id="2916">
                <coordinates>35.16406828997699,32.104606601709705,529.6496710835796</coordinates>
                <altitudeMode>absolute</altitudeMode>
            </Point>
        </Placemark>
        <Placemark id="2919">
            <name>07:19:30</name>
            <description>UTC: 2026-03-22 07:19:30
Satellites used: 7
Speed: 15.5 m/s  (55.6 km/h)</description>
            <Point id="2918">
                <coordinates>35.16423924484908,32.10449030599094,529.7681697829049</coordinates>
                <altitudeMode>absolute</altitudeMode>
            </Point>
        </Placemark>
        <Placemark id="2921">
            <name>07:19:31</name>
            <description>UTC: 2026-03-22 07:19:31
Satellites used: 6
Speed: 17.8 m/s  (64.1 km/h)</description>
            <Point id="2920">
                <coordinates>35.16397071170038,32.10433533868459,528.177984841597</coordinates>
                <altitudeMode>absolute</altitudeMode>
            </Point>
        </Placemark>
        <Placemark id="2923">
            <name>07:19:32</name>
            <description>UTC: 2026-03-22 07:19:32
Satellites used: 6
Speed: 19.8 m/s  (71.4 km/h)</description>
            <Point id="2922">
                <coordinates>35.16385249193787,32.10419246978005,512.5345975705118</coordinates>
                <altitudeMode>absolute</altitudeMode>
            </Point>
        </Placemark>
        <Placemark id="2925">
            <name>07:19:33</name>
            <description>UTC: 2026-03-22 07:19:33
Satellites used: 7
Speed: 16.1 m/s  (58.0 km/h)</description>
            <Point id="2924">
                <coordinates>35.1638934654434,32.10406644124247,534.3629306190107</coordinates>
                <altitudeMode>absolute</altitudeMode>
            </Point>
        </Placemark>
        <Placemark id="2927">
            <name>07:19:34</name>
            <description>UTC: 2026-03-22 07:19:34
Satellites used: 8
Speed: 20.0 m/s  (72.0 km/h)</description>
            <Point id="2926">
                <coordinates>35.16389691846964,32.1039141494136,498.0016657951631</coordinates>
                <altitudeMode>absolute</altitudeMode>
            </Point>
        </Placemark>
        <Placemark id="2929">
            <name>07:19:35</name>
            <description>UTC: 2026-03-22 07:19:35
Satellites used: 7
Speed: 17.5 m/s  (63.1 km/h)</description>
            <Point id="2928">
                <coordinates>35.1637494024527,32.103765648068546,518.2832411648616</coordinates>
                <altitudeMode>absolute</altitudeMode>
            </Point>
        </Placemark>
        <Placemark id="2931">
            <name>07:19:36</name>
            <description>UTC: 2026-03-22 07:19:36
Satellites used: 7
Speed: 16.5 m/s  (59.4 km/h)</description>
            <Point id="2930">
                <coordinates>35.1638447184495,32.10363549154096,502.3226783541798</coordinates>
                <altitudeMode>absolute</altitudeMode>
            </Point>
        </Placemark>
        <Placemark id="2933">
            <name>07:19:37</name>
            <description>UTC: 2026-03-22 07:19:37
Satellites used: 6
Speed: 17.9 m/s  (64.5 km/h)</description>
            <Point id="2932">
                <coordinates>35.16360040979709,32.10363540813179,541.1408703088865</coordinates>
                <altitudeMode>absolute</altitudeMode>
            </Point>
        </Placemark>
        <Placemark id="2935">
            <name>07:19:38</name>
            <description>UTC: 2026-03-22 07:19:38
Satellites used: 6
Speed: 11.5 m/s  (41.3 km/h)</description>
            <Point id="2934">
                <coordinates>35.163736327277704,32.10350750176902,517.3880215102714</coordinates>
                <altitudeMode>absolute</altitudeMode>
            </Point>
        </Placemark>
        <Placemark id="2937">
            <name>07:19:39</name>
            <description>UTC: 2026-03-22 07:19:39
Satellites used: 7
Speed: 16.2 m/s  (58.2 km/h)</description>
            <Point id="2936">
                <coordinates>35.16371216099056,32.10332746333964,504.46859523810804</coordinates>
                <altitudeMode>absolute</altitudeMode>
            </Point>
        </Placemark>
        <Placemark id="2939">
            <name>07:19:40</name>
            <description>UTC: 2026-03-22 07:19:40
Satellites used: 7
Speed: 10.9 m/s  (39.4 km/h)</description>
            <Point id="2938">
                <coordinates>35.16365362225681,32.103300191780086,522.266052836291</coordinates>
                <altitudeMode>absolute</altitudeMode>
            </Point>
        </Placemark>
        <Placemark id="2941">
            <name>07:19:41</name>
            <description>UTC: 2026-03-22 07:19:41
Satellites used: 7
Speed: 14.5 m/s  (52.3 km/h)</description>
            <Point id="2940">
                <coordinates>35.16382905615195,32.103187282436835,497.17263455503183</coordinates>
                <altitudeMode>absolute</altitudeMode>
            </Point>
        </Placemark>
        <Placemark id="2943">
            <name>07:19:42</name>
            <description>UTC: 2026-03-22 07:19:42
Satellites used: 7
Speed: 11.1 m/s  (39.8 km/h)</description>
            <Point id="2942">
                <coordinates>35.163670236533164,32.10312906912629,522.6090361336561</coordinates>
                <altitudeMode>absolute</altitudeMode>
            </Point>
        </Placemark>
        <Placemark id="2945">
            <name>07:19:43</name>
            <description>UTC: 2026-03-22 07:19:43
Satellites used: 7
Speed: 13.1 m/s  (47.0 km/h)</description>
            <Point id="2944">
                <coordinates>35.163717449739856,32.10301511871659,495.52968043699457</coordinates>
                <altitudeMode>absolute</altitudeMode>
            </Point>
        </Placemark>
        <Placemark id="2947">
            <name>07:19:44</name>
            <description>UTC: 2026-03-22 07:19:44
Satellites used: 6
Speed: 9.7 m/s  (35.1 km/h)</description>
            <Point id="2946">
                <coordinates>35.16363615446639,32.102951790645804,503.930915238482</coordinates>
                <altitudeMode>absolute</altitudeMode>
            </Point>
        </Placemark>
        <Placemark id="2949">
            <name>07:19:45</name>
            <description>UTC: 2026-03-22 07:19:45
Satellites used: 6
Speed: 8.3 m/s  (29.9 km/h)</description>
            <Point id="2948">
                <coordinates>35.16361698417621,32.10301217598679,524.2255450724256</coordinates>
                <altitudeMode>absolute</altitudeMode>
            </Point>
        </Placemark>
        <Placemark id="2951">
            <name>07:19:46</name>
            <description>UTC: 2026-03-22 07:19:46
Satellites used: 7
Speed: 18.1 m/s  (65.2 km/h)</description>
            <Point id="2950">
                <coordinates>35.163600712129515,32.10294186107369,556.4374045164329</coordinates>
                <altitudeMode>absolute</altitudeMode>
            </Point>
        </Placemark>
        <Placemark id="2953">
            <name>07:19:47</name>
            <description>UTC: 2026-03-22 07:19:47
Satellites used: 6
Speed: 5.5 m/s  (19.7 km/h)</description>
            <Point id="2952">
                <coordinates>35.16361730718585,32.102905636179315,538.0601068844654</coordinates>
                <altitudeMode>absolute</altitudeMode>
            </Point>
        </Placemark>
        <Placemark id="2955">
            <name>07:19:48</name>
            <description>UTC: 2026-03-22 07:19:48
Satellites used: 6
Speed: 8.3 m/s  (30.0 km/h)</description>
            <Point id="2954">
                <coordinates>35.16376109117128,32.10281750855695,535.6088800020478</coordinates>
                <altitudeMode>absolute</altitudeMode>
            </Point>
        </Placemark>
        <Placemark id="2957">
            <name>07:19:49</name>
            <description>UTC: 2026-03-22 07:19:49
Satellites used: 7
Speed: 8.0 m/s  (28.8 km/h)</description>
            <Point id="2956">
                <coordinates>35.16361672927617,32.10278950708327,548.2621852420561</coordinates>
                <altitudeMode>absolute</altitudeMode>
            </Point>
        </Placemark>
        <Placemark id="2959">
            <name>07:19:50</name>
            <description>UTC: 2026-03-22 07:19:50
Satellites used: 7
Speed: 12.4 m/s  (44.7 km/h)</description>
            <Point id="2958">
                <coordinates>35.1637409058741,32.10272009684437,514.2457425676317</coordinates>
                <altitudeMode>absolute</altitudeMode>
            </Point>
        </Placemark>
        <Placemark id="2961">
            <name>07:19:51</name>
            <description>UTC: 2026-03-22 07:19:51
Satellites used: 7
Speed: 6.1 m/s  (21.9 km/h)</description>
            <Point id="2960">
                <coordinates>35.1638052308328,32.10271816489888,534.2734958963714</coordinates>
                <altitudeMode>absolute</altitudeMode>
            </Point>
        </Placemark>
        <Placemark id="2963">
            <name>07:19:52</name>
            <description>UTC: 2026-03-22 07:19:52
Satellites used: 7
Speed: 7.7 m/s  (27.6 km/h)</description>
            <Point id="2962">
                <coordinates>35.163857816351154,32.10263991792563,526.3110566183815</coordinates>
                <altitudeMode>absolute</altitudeMode>
            </Point>
        </Placemark>
        <Placemark id="2965">
            <name>07:19:53</name>
            <description>UTC: 2026-03-22 07:19:53
Satellites used: 7
Speed: 10.4 m/s  (37.5 km/h)</description>
            <Point id="2964">
                <coordinates>35.16385623729618,32.102568641378944,548.3914719056653</coordinates>
                <altitudeMode>absolute</altitudeMode>
            </Point>
        </Placemark>
        <Placemark id="2967">
            <name>07:19:54</name>
            <description>UTC: 2026-03-22 07:19:54
Satellites used: 7
Speed: 8.2 m/s  (29.6 km/h)</description>
            <Point id="2966">
                <coordinates>35.16387542183693,32.10249971407192,545.9864742107646</coordinates>
                <altitudeMode>absolute</altitudeMode>
            </Point>
        </Placemark>
        <Placemark id="2969">
            <name>07:19:55</name>
            <description>UTC: 2026-03-22 07:19:55
Satellites used: 7
Speed: 8.5 m/s  (30.6 km/h)</description>
            <Point id="2968">
                <coordinates>35.163783114845465,32.102410718696014,543.364992094555</coordinates>
                <altitudeMode>absolute</altitudeMode>
            </Point>
        </Placemark>
        <Placemark id="2971">
            <name>07:19:56</name>
            <description>UTC: 2026-03-22 07:19:56
Satellites used: 7
Speed: 13.3 m/s  (47.8 km/h)</description>
            <Point id="2970">
                <coordinates>35.16392145029039,32.10226974188216,526.6376023435347</coordinates>
                <altitudeMode>absolute</altitudeMode>
            </Point>
        </Placemark>
        <Placemark id="2973">
            <name>07:19:57</name>
            <description>UTC: 2026-03-22 07:19:57
Satellites used: 6
Speed: 12.3 m/s  (44.3 km/h)</description>
            <Point id="2972">
                <coordinates>35.16394004498188,32.10217569204702,547.9309106517912</coordinates>
                <altitudeMode>absolute</altitudeMode>
            </Point>
        </Placemark>
        <Placemark id="2975">
            <name>07:19:58</name>
            <description>UTC: 2026-03-22 07:19:58
Satellites used: 7
Speed: 17.0 m/s  (61.1 km/h)</description>
            <Point id="2974">
                <coordinates>35.164083599362655,32.10212680600268,509.0053901144195</coordinates>
                <altitudeMode>absolute</altitudeMode>
            </Point>
        </Placemark>
        <Placemark id="2977">
            <name>07:19:59</name>
            <description>UTC: 2026-03-22 07:19:59
Satellites used: 7
Speed: 18.5 m/s  (66.6 km/h)</description>
            <Point id="2976">
                <coordinates>35.16420243238375,32.101975481341455,500.37732352898547</coordinates>
                <altitudeMode>absolute</altitudeMode>
            </Point>
        </Placemark>
        <Placemark id="2979">
            <name>07:20:00</name>
            <description>UTC: 2026-03-22 07:20:00
Satellites used: 7
Speed: 18.5 m/s  (66.7 km/h)</description>
            <Point id="2978">
                <coordinates>35.164097447130445,32.10177136124793,494.79227012598375</coordinates>
                <altitudeMode>absolute</altitudeMode>
            </Point>
        </Placemark>
        <Placemark id="2981">
            <name>07:20:01</name>
            <description>UTC: 2026-03-22 07:20:01
Satellites used: 6
Speed: 16.0 m/s  (57.5 km/h)</description>
            <Point id="2980">
                <coordinates>35.16419474856308,32.101646906946186,511.9574516604282</coordinates>
                <altitudeMode>absolute</altitudeMode>
            </Point>
        </Placemark>
        <Placemark id="2983">
            <name>07:20:02</name>
            <description>UTC: 2026-03-22 07:20:02
Satellites used: 6
Speed: 15.3 m/s  (55.0 km/h)</description>
            <Point id="2982">
                <coordinates>35.16430265848698,32.10157658153893,524.9288333142023</coordinates>
                <altitudeMode>absolute</altitudeMode>
            </Point>
        </Placemark>
        <Placemark id="2985">
            <name>07:20:03</name>
            <description>UTC: 2026-03-22 07:20:03
Satellites used: 6
Speed: 14.4 m/s  (51.7 km/h)</description>
            <Point id="2984">
                <coordinates>35.1644279811374,32.101486878616306,514.084917828061</coordinates>
                <altitudeMode>absolute</altitudeMode>
            </Point>
        </Placemark>
        <Placemark id="2987">
            <name>07:20:04</name>
            <description>UTC: 2026-03-22 07:20:04
Satellites used: 7
Speed: 16.3 m/s  (58.5 km/h)</description>
            <Point id="2986">
                <coordinates>35.16455232283178,32.101351390819886,513.2814926522066</coordinates>
                <altitudeMode>absolute</altitudeMode>
            </Point>
        </Placemark>
        <Placemark id="2989">
            <name>07:20:05</name>
            <description>UTC: 2026-03-22 07:20:05
Satellites used: 7
Speed: 19.0 m/s  (68.3 km/h)</description>
            <Point id="2988">
                <coordinates>35.16472529883978,32.10122411613074,501.65288293689684</coordinates>
                <altitudeMode>absolute</altitudeMode>
            </Point>
        </Placemark>
        <Placemark id="2991">
            <name>07:20:06</name>
            <description>UTC: 2026-03-22 07:20:06
Satellites used: 7
Speed: 17.5 m/s  (63.0 km/h)</description>
            <Point id="2990">
                <coordinates>35.1648774404648,32.10115055430096,513.8586582140377</coordinates>
                <altitudeMode>absolute</altitudeMode>
            </Point>
        </Placemark>
        <Placemark id="2993">
            <name>07:20:07</name>
            <description>UTC: 2026-03-22 07:20:07
Satellites used: 6
Speed: 17.1 m/s  (61.5 km/h)</description>
            <Point id="2992">
                <coordinates>35.1649598495041,32.10104869312987,527.362469650086</coordinates>
                <altitudeMode>absolute</altitudeMode>
            </Point>
        </Placemark>
        <Placemark id="2995">
            <name>07:20:08</name>
            <description>UTC: 2026-03-22 07:20:08
Satellites used: 7
Speed: 18.5 m/s  (66.7 km/h)</description>
            <Point id="2994">
                <coordinates>35.1651093652432,32.100891020405385,521.6895554566131</coordinates>
                <altitudeMode>absolute</altitudeMode>
            </Point>
        </Placemark>
        <Placemark id="2997">
            <name>07:20:09</name>
            <description>UTC: 2026-03-22 07:20:09
Satellites used: 7
Speed: 17.0 m/s  (61.4 km/h)</description>
            <Point id="2996">
                <coordinates>35.1652304617466,32.10081908571653,529.5407920960106</coordinates>
                <altitudeMode>absolute</altitudeMode>
            </Point>
        </Placemark>
        <Placemark id="2999">
            <name>07:20:10</name>
            <description>UTC: 2026-03-22 07:20:10
Satellites used: 7
Speed: 17.3 m/s  (62.4 km/h)</description>
            <Point id="2998">
                <coordinates>35.16540212857844,32.100734769568525,520.3053231262046</coordinates>
                <altitudeMode>absolute</altitudeMode>
            </Point>
        </Placemark>
        <Placemark id="3001">
            <name>07:20:11</name>
            <description>UTC: 2026-03-22 07:20:11
Satellites used: 7
Speed: 23.8 m/s  (85.5 km/h)</description>
            <Point id="3000">
                <coordinates>35.16571429549144,32.10061376626312,508.95003762920305</coordinates>
                <altitudeMode>absolute</altitudeMode>
            </Point>
        </Placemark>
        <Placemark id="3003">
            <name>07:20:12</name>
            <description>UTC: 2026-03-22 07:20:12
Satellites used: 7
Speed: 17.7 m/s  (63.9 km/h)</description>
            <Point id="3002">
                <coordinates>35.165738245984905,32.10054483790219,533.9659822995316</coordinates>
                <altitudeMode>absolute</altitudeMode>
            </Point>
        </Placemark>
        <Placemark id="3005">
            <name>07:20:13</name>
            <description>UTC: 2026-03-22 07:20:13
Satellites used: 7
Speed: 21.0 m/s  (75.7 km/h)</description>
            <Point id="3004">
                <coordinates>35.165995388296196,32.100440869554184,511.5723464004804</coordinates>
                <altitudeMode>absolute</altitudeMode>
            </Point>
        </Placemark>
        <Placemark id="3007">
            <name>07:20:14</name>
            <description>UTC: 2026-03-22 07:20:14
Satellites used: 7
Speed: 20.3 m/s  (73.1 km/h)</description>
            <Point id="3006">
                <coordinates>35.166192515080645,32.10037107864916,516.2488014263588</coordinates>
                <altitudeMode>absolute</altitudeMode>
            </Point>
        </Placemark>
        <Placemark id="3009">
            <name>07:20:15</name>
            <description>UTC: 2026-03-22 07:20:15
Satellites used: 7
Speed: 19.5 m/s  (70.4 km/h)</description>
            <Point id="3008">
                <coordinates>35.16635863918207,32.10028301663638,516.7362097574327</coordinates>
                <altitudeMode>absolute</altitudeMode>
            </Point>
        </Placemark>
        <Placemark id="3011">
            <name>07:20:16</name>
            <description>UTC: 2026-03-22 07:20:16
Satellites used: 7
Speed: 22.0 m/s  (79.2 km/h)</description>
            <Point id="3010">
                <coordinates>35.16658205323058,32.100153223763506,521.7054228504612</coordinates>
                <altitudeMode>absolute</altitudeMode>
            </Point>
        </Placemark>
        <Placemark id="3013">
            <name>07:20:17</name>
            <description>UTC: 2026-03-22 07:20:17
Satellites used: 6
Speed: 19.0 m/s  (68.4 km/h)</description>
            <Point id="3012">
                <coordinates>35.1667481202582,32.100156907465234,527.3658007685731</coordinates>
                <altitudeMode>absolute</altitudeMode>
            </Point>
        </Placemark>
        <Placemark id="3015">
            <name>07:20:18</name>
            <description>UTC: 2026-03-22 07:20:18
Satellites used: 6
Speed: 21.2 m/s  (76.4 km/h)</description>
            <Point id="3014">
                <coordinates>35.16699328173123,32.10007395038142,525.5849064508859</coordinates>
                <altitudeMode>absolute</altitudeMode>
            </Point>
        </Placemark>
        <Placemark id="3017">
            <name>07:20:19</name>
            <description>UTC: 2026-03-22 07:20:19
Satellites used: 6
Speed: 23.2 m/s  (83.4 km/h)</description>
            <Point id="3016">
                <coordinates>35.16722024372065,32.09995185701806,512.6763810272869</coordinates>
                <altitudeMode>absolute</altitudeMode>
            </Point>
        </Placemark>
        <Placemark id="3019">
            <name>07:20:20</name>
            <description>UTC: 2026-03-22 07:20:20
Satellites used: 6
Speed: 21.5 m/s  (77.6 km/h)</description>
            <Point id="3018">
                <coordinates>35.16739263695894,32.09993612754536,498.7738740377539</coordinates>
                <altitudeMode>absolute</altitudeMode>
            </Point>
        </Placemark>
        <Placemark id="3021">
            <name>07:20:21</name>
            <description>UTC: 2026-03-22 07:20:21
Satellites used: 7
Speed: 22.9 m/s  (82.4 km/h)</description>
            <Point id="3020">
                <coordinates>35.167625660367634,32.09993885975565,536.9177387556282</coordinates>
                <altitudeMode>absolute</altitudeMode>
            </Point>
        </Placemark>
        <Placemark id="3023">
            <name>07:20:22</name>
            <description>UTC: 2026-03-22 07:20:22
Satellites used: 7
Speed: 19.7 m/s  (70.9 km/h)</description>
            <Point id="3022">
                <coordinates>35.167803447595254,32.099858987160616,524.2728558675757</coordinates>
                <altitudeMode>absolute</altitudeMode>
            </Point>
        </Placemark>
        <Placemark id="3025">
            <name>07:20:23</name>
            <description>UTC: 2026-03-22 07:20:23
Satellites used: 7
Speed: 20.5 m/s  (73.9 km/h)</description>
            <Point id="3024">
                <coordinates>35.168022309567334,32.099823611586274,531.9586784931882</coordinates>
                <altitudeMode>absolute</altitudeMode>
            </Point>
        </Placemark>
        <Placemark id="3027">
            <name>07:20:24</name>
            <description>UTC: 2026-03-22 07:20:24
Satellites used: 7
Speed: 16.1 m/s  (58.0 km/h)</description>
            <Point id="3026">
                <coordinates>35.168103743084245,32.0998742152157,542.1933054362361</coordinates>
                <altitudeMode>absolute</altitudeMode>
            </Point>
        </Placemark>
        <Placemark id="3029">
            <name>07:20:25</name>
            <description>UTC: 2026-03-22 07:20:25
Satellites used: 7
Speed: 23.8 m/s  (85.5 km/h)</description>
            <Point id="3028">
                <coordinates>35.16849041104297,32.09988613310015,523.4224168955903</coordinates>
                <altitudeMode>absolute</altitudeMode>
            </Point>
        </Placemark>
        <Placemark id="3031">
            <name>07:20:26</name>
            <description>UTC: 2026-03-22 07:20:26
Satellites used: 7
Speed: 30.2 m/s  (108.6 km/h)</description>
            <Point id="3030">
                <coordinates>35.168847517170015,32.09984089971548,498.7559911103084</coordinates>
                <altitudeMode>absolute</altitudeMode>
            </Point>
        </Placemark>
        <Placemark id="3033">
            <name>07:20:27</name>
            <description>UTC: 2026-03-22 07:20:27
Satellites used: 6
Speed: 25.7 m/s  (92.6 km/h)</description>
            <Point id="3032">
                <coordinates>35.16907896305325,32.09983752586019,505.4066787939685</coordinates>
                <altitudeMode>absolute</altitudeMode>
            </Point>
        </Placemark>
        <Placemark id="3035">
            <name>07:20:28</name>
            <description>UTC: 2026-03-22 07:20:28
Satellites used: 7
Speed: 23.8 m/s  (85.6 km/h)</description>
            <Point id="3034">
                <coordinates>35.16930427186753,32.0998896590563,508.39289607533675</coordinates>
                <altitudeMode>absolute</altitudeMode>
            </Point>
        </Placemark>
        <Placemark id="3037">
            <name>07:20:29</name>
            <description>UTC: 2026-03-22 07:20:29
Satellites used: 7
Speed: 18.8 m/s  (67.8 km/h)</description>
            <Point id="3036">
                <coordinates>35.16941147056991,32.09982169722,521.0360400716929</coordinates>
                <altitudeMode>absolute</altitudeMode>
            </Point>
        </Placemark>
        <Placemark id="3039">
            <name>07:20:30</name>
            <description>UTC: 2026-03-22 07:20:30
Satellites used: 6
Speed: 21.7 m/s  (78.1 km/h)</description>
            <Point id="3038">
                <coordinates>35.1696652297288,32.09989390280966,531.6621644905503</coordinates>
                <altitudeMode>absolute</altitudeMode>
            </Point>
        </Placemark>
        <Placemark id="3041">
            <name>07:20:31</name>
            <description>UTC: 2026-03-22 07:20:31
Satellites used: 7
Speed: 22.3 m/s  (80.2 km/h)</description>
            <Point id="3040">
                <coordinates>35.169740027666556,32.099890843752235,562.3437214624411</coordinates>
                <altitudeMode>absolute</altitudeMode>
            </Point>
        </Placemark>
        <Placemark id="3043">
            <name>07:20:32</name>
            <description>UTC: 2026-03-22 07:20:32
Satellites used: 7
Speed: 31.7 m/s  (114.2 km/h)</description>
            <Point id="3042">
                <coordinates>35.170211738343134,32.09993015474752,496.2939883304243</coordinates>
                <altitudeMode>absolute</altitudeMode>
            </Point>
        </Placemark>
        <Placemark id="3045">
            <name>07:20:33</name>
            <description>UTC: 2026-03-22 07:20:33
Satellites used: 6
Speed: 25.8 m/s  (93.0 km/h)</description>
            <Point id="3044">
                <coordinates>35.17031721000218,32.100058546471885,557.6799380794337</coordinates>
                <altitudeMode>absolute</altitudeMode>
            </Point>
        </Placemark>
        <Placemark id="3047">
            <name>07:20:34</name>
            <description>UTC: 2026-03-22 07:20:34
Satellites used: 5
Speed: 22.1 m/s  (79.4 km/h)</description>
            <Point id="3046">
                <coordinates>35.17056166819859,32.100092050306095,535.3711440661116</coordinates>
                <altitudeMode>absolute</altitudeMode>
            </Point>
        </Placemark>
        <Placemark id="3049">
            <name>07:20:35</name>
            <description>UTC: 2026-03-22 07:20:35
Satellites used: 6
Speed: 25.2 m/s  (90.6 km/h)</description>
            <Point id="3048">
                <coordinates>35.170861183726004,32.1001236224035,521.9315052182034</coordinates>
                <altitudeMode>absolute</altitudeMode>
            </Point>
        </Placemark>
        <Placemark id="3051">
            <name>07:20:36</name>
            <description>UTC: 2026-03-22 07:20:36
Satellites used: 6
Speed: 23.5 m/s  (84.6 km/h)</description>
            <Point id="3050">
                <coordinates>35.17105737770111,32.10010226405235,551.1856071195164</coordinates>
                <altitudeMode>absolute</altitudeMode>
            </Point>
        </Placemark>
        <Placemark id="3053">
            <name>07:20:37</name>
            <description>UTC: 2026-03-22 07:20:37
Satellites used: 6
Speed: 21.4 m/s  (77.1 km/h)</description>
            <Point id="3052">
                <coordinates>35.17118069628291,32.10024035595604,562.1893401984714</coordinates>
                <altitudeMode>absolute</altitudeMode>
            </Point>
        </Placemark>
        <Placemark id="3055">
            <name>07:20:38</name>
            <description>UTC: 2026-03-22 07:20:38
Satellites used: 7
Speed: 30.6 m/s  (110.2 km/h)</description>
            <Point id="3054">
                <coordinates>35.17154603123827,32.10033947120919,507.62297065868563</coordinates>
                <altitudeMode>absolute</altitudeMode>
            </Point>
        </Placemark>
        <Placemark id="3057">
            <name>07:20:39</name>
            <description>UTC: 2026-03-22 07:20:39
Satellites used: 7
Speed: 23.3 m/s  (84.0 km/h)</description>
            <Point id="3056">
                <coordinates>35.17172258169094,32.100422701694725,539.3232699378234</coordinates>
                <altitudeMode>absolute</altitudeMode>
            </Point>
        </Placemark>
        <Placemark id="3059">
            <name>07:20:40</name>
            <description>UTC: 2026-03-22 07:20:40
Satellites used: 7
Speed: 24.4 m/s  (87.8 km/h)</description>
            <Point id="3058">
                <coordinates>35.1719347918369,32.100480125175494,559.6578948559786</coordinates>
                <altitudeMode>absolute</altitudeMode>
            </Point>
        </Placemark>
        <Placemark id="3061">
            <name>07:20:41</name>
            <description>UTC: 2026-03-22 07:20:41
Satellites used: 7
Speed: 21.6 m/s  (77.7 km/h)</description>
            <Point id="3060">
                <coordinates>35.172084609332586,32.10057020768184,564.1240413246197</coordinates>
                <altitudeMode>absolute</altitudeMode>
            </Point>
        </Placemark>
        <Placemark id="3063">
            <name>07:20:42</name>
            <description>UTC: 2026-03-22 07:20:42
Satellites used: 7
Speed: 19.9 m/s  (71.8 km/h)</description>
            <Point id="3062">
                <coordinates>35.17223883976407,32.1005540884026,577.2364004341861</coordinates>
                <altitudeMode>absolute</altitudeMode>
            </Point>
        </Placemark>
        <Placemark id="3065">
            <name>07:20:43</name>
            <description>UTC: 2026-03-22 07:20:43
Satellites used: 6
Speed: 21.1 m/s  (75.9 km/h)</description>
            <Point id="3064">
                <coordinates>35.17243159772037,32.100764613398525,562.0245553082827</coordinates>
                <altitudeMode>absolute</altitudeMode>
            </Point>
        </Placemark>
        <Placemark id="3067">
            <name>07:20:44</name>
            <description>UTC: 2026-03-22 07:20:44
Satellites used: 6
Speed: 25.6 m/s  (92.1 km/h)</description>
            <Point id="3066">
                <coordinates>35.17273049505871,32.10086414898361,544.7151903372289</coordinates>
                <altitudeMode>absolute</altitudeMode>
            </Point>
        </Placemark>
        <Placemark id="3069">
            <name>07:20:45</name>
            <description>UTC: 2026-03-22 07:20:45
Satellites used: 6
Speed: 18.9 m/s  (68.2 km/h)</description>
            <Point id="3068">
                <coordinates>35.17283548302729,32.100888686275844,561.0206513099263</coordinates>
                <altitudeMode>absolute</altitudeMode>
            </Point>
        </Placemark>
        <Placemark id="3071">
            <name>07:20:46</name>
            <description>UTC: 2026-03-22 07:20:46
Satellites used: 6
Speed: 21.6 m/s  (77.7 km/h)</description>
            <Point id="3070">
                <coordinates>35.173061187280005,32.10098103410574,542.4467749634997</coordinates>
                <altitudeMode>absolute</altitudeMode>
            </Point>
        </Placemark>
        <Placemark id="3073">
            <name>07:20:47</name>
            <description>UTC: 2026-03-22 07:20:47
Satellites used: 6
Speed: 19.7 m/s  (70.9 km/h)</description>
            <Point id="3072">
                <coordinates>35.173189836467444,32.10108695261191,538.330271516599</coordinates>
                <altitudeMode>absolute</altitudeMode>
            </Point>
        </Placemark>
        <Placemark id="3075">
            <name>07:20:48</name>
            <description>UTC: 2026-03-22 07:20:48
Satellites used: 6
Speed: 18.6 m/s  (66.9 km/h)</description>
            <Point id="3074">
                <coordinates>35.17332847054961,32.10119274079169,553.8210120313977</coordinates>
                <altitudeMode>absolute</altitudeMode>
            </Point>
        </Placemark>
        <Placemark id="3077">
            <name>07:20:49</name>
            <description>UTC: 2026-03-22 07:20:49
Satellites used: 6
Speed: 14.5 m/s  (52.1 km/h)</description>
            <Point id="3076">
                <coordinates>35.17343421076831,32.10119272557697,547.1129934777437</coordinates>
                <altitudeMode>absolute</altitudeMode>
            </Point>
        </Placemark>
        <Placemark id="3079">
            <name>07:20:50</name>
            <description>UTC: 2026-03-22 07:20:50
Satellites used: 6
Speed: 13.1 m/s  (47.3 km/h)</description>
            <Point id="3078">
                <coordinates>35.173472335389285,32.10124443619986,566.1720619191923</coordinates>
                <altitudeMode>absolute</altitudeMode>
            </Point>
        </Placemark>
        <Placemark id="3081">
            <name>07:20:51</name>
            <description>UTC: 2026-03-22 07:20:51
Satellites used: 7
Speed: 11.3 m/s  (40.7 km/h)</description>
            <Point id="3080">
                <coordinates>35.17361497433414,32.10122849455138,556.6173172602809</coordinates>
                <altitudeMode>absolute</altitudeMode>
            </Point>
        </Placemark>
        <Placemark id="3083">
            <name>07:20:52</name>
            <description>UTC: 2026-03-22 07:20:52
Satellites used: 8
Speed: 9.8 m/s  (35.1 km/h)</description>
            <Point id="3082">
                <coordinates>35.17366898310284,32.10128272422415,560.8712016075655</coordinates>
                <altitudeMode>absolute</altitudeMode>
            </Point>
        </Placemark>
        <Placemark id="3085">
            <name>07:20:53</name>
            <description>UTC: 2026-03-22 07:20:53
Satellites used: 7
Speed: 7.7 m/s  (27.6 km/h)</description>
            <Point id="3084">
                <coordinates>35.1736550846122,32.1012579343981,572.8264985183496</coordinates>
                <altitudeMode>absolute</altitudeMode>
            </Point>
        </Placemark>
        <Placemark id="3087">
            <name>07:20:54</name>
            <description>UTC: 2026-03-22 07:20:54
Satellites used: 7
Speed: 18.2 m/s  (65.7 km/h)</description>
            <Point id="3086">
                <coordinates>35.17397200602735,32.101281653065655,537.4568574272208</coordinates>
                <altitudeMode>absolute</altitudeMode>
            </Point>
        </Placemark>
        <Placemark id="3089">
            <name>07:20:55</name>
            <description>UTC: 2026-03-22 07:20:55
Satellites used: 8
Speed: 9.9 m/s  (35.5 km/h)</description>
            <Point id="3088">
                <coordinates>35.173963122449955,32.10136002333287,548.7749932280674</coordinates>
                <altitudeMode>absolute</altitudeMode>
            </Point>
        </Placemark>
        <Placemark id="3091">
            <name>07:20:56</name>
            <description>UTC: 2026-03-22 07:20:56
Satellites used: 8
Speed: 14.6 m/s  (52.6 km/h)</description>
            <Point id="3090">
                <coordinates>35.17415024657373,32.10147045247993,558.0151946676682</coordinates>
                <altitudeMode>absolute</altitudeMode>
            </Point>
        </Placemark>
        <Placemark id="3093">
            <name>07:20:57</name>
            <description>UTC: 2026-03-22 07:20:57
Satellites used: 8
Speed: 8.5 m/s  (30.7 km/h)</description>
            <Point id="3092">
                <coordinates>35.17409131330281,32.10151103388541,547.9044384508554</coordinates>
                <altitudeMode>absolute</altitudeMode>
            </Point>
        </Placemark>
        <Placemark id="3095">
            <name>07:20:58</name>
            <description>UTC: 2026-03-22 07:20:58
Satellites used: 7
Speed: 10.8 m/s  (39.0 km/h)</description>
            <Point id="3094">
                <coordinates>35.17407289961907,32.101468821111744,577.6260252310931</coordinates>
                <altitudeMode>absolute</altitudeMode>
            </Point>
        </Placemark>
        <Placemark id="3097">
            <name>07:20:59</name>
            <description>UTC: 2026-03-22 07:20:59
Satellites used: 6
Speed: 15.9 m/s  (57.3 km/h)</description>
            <Point id="3096">
                <coordinates>35.17428632929234,32.10157924537079,533.8842111369495</coordinates>
                <altitudeMode>absolute</altitudeMode>
            </Point>
        </Placemark>
        <Placemark id="3099">
            <name>07:21:00</name>
            <description>UTC: 2026-03-22 07:21:00
Satellites used: 6
Speed: 20.3 m/s  (73.2 km/h)</description>
            <Point id="3098">
                <coordinates>35.17437366253849,32.10158197908299,595.4321084811772</coordinates>
                <altitudeMode>absolute</altitudeMode>
            </Point>
        </Placemark>
        <Placemark id="3101">
            <name>07:21:01</name>
            <description>UTC: 2026-03-22 07:21:01
Satellites used: 6
Speed: 14.1 m/s  (50.7 km/h)</description>
            <Point id="3100">
                <coordinates>35.17447202238413,32.10155062321395,541.8166951491556</coordinates>
                <altitudeMode>absolute</altitudeMode>
            </Point>
        </Placemark>
        <Placemark id="3103">
            <name>07:21:02</name>
            <description>UTC: 2026-03-22 07:21:02
Satellites used: 6
Speed: 12.6 m/s  (45.4 km/h)</description>
            <Point id="3102">
                <coordinates>35.174529403548675,32.10175413360818,550.1332285322856</coordinates>
                <altitudeMode>absolute</altitudeMode>
            </Point>
        </Placemark>
        <Placemark id="3105">
            <name>07:21:03</name>
            <description>UTC: 2026-03-22 07:21:03
Satellites used: 6
Speed: 14.2 m/s  (51.0 km/h)</description>
            <Point id="3104">
                <coordinates>35.17473947989818,32.10177445782233,555.1585781452821</coordinates>
                <altitudeMode>absolute</altitudeMode>
            </Point>
        </Placemark>
        <Placemark id="3107">
            <name>07:21:04</name>
            <description>UTC: 2026-03-22 07:21:04
Satellites used: 6
Speed: 12.7 m/s  (45.8 km/h)</description>
            <Point id="3106">
                <coordinates>35.174804165963536,32.10176385272414,572.6946348034021</coordinates>
                <altitudeMode>absolute</altitudeMode>
            </Point>
        </Placemark>
        <Placemark id="3109">
            <name>07:21:05</name>
            <description>UTC: 2026-03-22 07:21:05
Satellites used: 6
Speed: 26.7 m/s  (96.1 km/h)</description>
            <Point id="3108">
                <coordinates>35.17496830371774,32.101773864440965,502.966787864641</coordinates>
                <altitudeMode>absolute</altitudeMode>
            </Point>
        </Placemark>
        <Placemark id="3111">
            <name>07:21:06</name>
            <description>UTC: 2026-03-22 07:21:06
Satellites used: 6
Speed: 16.3 m/s  (58.6 km/h)</description>
            <Point id="3110">
                <coordinates>35.17497211865131,32.10198366949822,562.3758028335549</coordinates>
                <altitudeMode>absolute</altitudeMode>
            </Point>
        </Placemark>
        <Placemark id="3113">
            <name>07:21:07</name>
            <description>UTC: 2026-03-22 07:21:07
Satellites used: 6
Speed: 12.3 m/s  (44.2 km/h)</description>
            <Point id="3112">
                <coordinates>35.1751741607953,32.10185723527386,543.097328575307</coordinates>
                <altitudeMode>absolute</altitudeMode>
            </Point>
        </Placemark>
        <Placemark id="3115">
            <name>07:21:08</name>
            <description>UTC: 2026-03-22 07:21:08
Satellites used: 6
Speed: 22.9 m/s  (82.5 km/h)</description>
            <Point id="3114">
                <coordinates>35.175495983387464,32.102005354701596,570.8275894068424</coordinates>
                <altitudeMode>absolute</altitudeMode>
            </Point>
        </Placemark>
        <Placemark id="3117">
            <name>07:21:09</name>
            <description>UTC: 2026-03-22 07:21:09
Satellites used: 7
Speed: 23.1 m/s  (83.2 km/h)</description>
            <Point id="3116">
                <coordinates>35.17575233936158,32.102047784191335,572.1283587703205</coordinates>
                <altitudeMode>absolute</altitudeMode>
            </Point>
        </Placemark>
        <Placemark id="3119">
            <name>07:21:10</name>
            <description>UTC: 2026-03-22 07:21:10
Satellites used: 7
Speed: 17.2 m/s  (61.7 km/h)</description>
            <Point id="3118">
                <coordinates>35.17563166143652,32.1021521957832,593.7540304685417</coordinates>
                <altitudeMode>absolute</altitudeMode>
            </Point>
        </Placemark>
        <Placemark id="3121">
            <name>07:21:11</name>
            <description>UTC: 2026-03-22 07:21:11
Satellites used: 7
Speed: 10.8 m/s  (38.8 km/h)</description>
            <Point id="3120">
                <coordinates>35.17563796874397,32.10224216524475,582.3122029067532</coordinates>
                <altitudeMode>absolute</altitudeMode>
            </Point>
        </Placemark>
        <Placemark id="3123">
            <name>07:21:12</name>
            <description>UTC: 2026-03-22 07:21:12
Satellites used: 7
Speed: 17.3 m/s  (62.2 km/h)</description>
            <Point id="3122">
                <coordinates>35.17588027318282,32.10228981734435,553.9415151761137</coordinates>
                <altitudeMode>absolute</altitudeMode>
            </Point>
        </Placemark>
        <Placemark id="3125">
            <name>07:21:13</name>
            <description>UTC: 2026-03-22 07:21:13
Satellites used: 7
Speed: 12.4 m/s  (44.7 km/h)</description>
            <Point id="3124">
                <coordinates>35.17592221269664,32.1023712689428,575.5678173176033</coordinates>
                <altitudeMode>absolute</altitudeMode>
            </Point>
        </Placemark>
        <Placemark id="3127">
            <name>07:21:14</name>
            <description>UTC: 2026-03-22 07:21:14
Satellites used: 6
Speed: 21.2 m/s  (76.4 km/h)</description>
            <Point id="3126">
                <coordinates>35.17628710636798,32.10241866666195,556.4228389578611</coordinates>
                <altitudeMode>absolute</altitudeMode>
            </Point>
        </Placemark>
        <Placemark id="3129">
            <name>07:21:15</name>
            <description>UTC: 2026-03-22 07:21:15
Satellites used: 6
Speed: 18.3 m/s  (65.8 km/h)</description>
            <Point id="3128">
                <coordinates>35.17640883718333,32.102502936219004,556.314147426787</coordinates>
                <altitudeMode>absolute</altitudeMode>
            </Point>
        </Placemark>
        <Placemark id="3131">
            <name>07:21:16</name>
            <description>UTC: 2026-03-22 07:21:16
Satellites used: 6
Speed: 15.8 m/s  (56.9 km/h)</description>
            <Point id="3130">
                <coordinates>35.176470555904025,32.10253276388352,582.4821468110362</coordinates>
                <altitudeMode>absolute</altitudeMode>
            </Point>
        </Placemark>
        <Placemark id="3133">
            <name>07:21:17</name>
            <description>UTC: 2026-03-22 07:21:17
Satellites used: 6
Speed: 18.3 m/s  (65.9 km/h)</description>
            <Point id="3132">
                <coordinates>35.176601263135595,32.102556429616044,602.2261903027004</coordinates>
                <altitudeMode>absolute</altitudeMode>
            </Point>
        </Placemark>
        <Placemark id="3135">
            <name>07:21:18</name>
            <description>UTC: 2026-03-22 07:21:18
Satellites used: 7
Speed: 23.1 m/s  (83.1 km/h)</description>
            <Point id="3134">
                <coordinates>35.176866924156386,32.10258851182277,546.1939018069471</coordinates>
                <altitudeMode>absolute</altitudeMode>
            </Point>
        </Placemark>
        <Placemark id="3137">
            <name>07:21:19</name>
            <description>UTC: 2026-03-22 07:21:19
Satellites used: 7
Speed: 13.3 m/s  (48.0 km/h)</description>
            <Point id="3136">
                <coordinates>35.17683207104407,32.102603109233044,591.3474404408549</coordinates>
                <altitudeMode>absolute</altitudeMode>
            </Point>
        </Placemark>
        <Placemark id="3139">
            <name>07:21:20</name>
            <description>UTC: 2026-03-22 07:21:20
Satellites used: 6
Speed: 16.6 m/s  (59.6 km/h)</description>
            <Point id="3138">
                <coordinates>35.17710616894791,32.10264585982901,569.4569919067332</coordinates>
                <altitudeMode>absolute</altitudeMode>
            </Point>
        </Placemark>
        <Placemark id="3141">
            <name>07:21:21</name>
            <description>UTC: 2026-03-22 07:21:21
Satellites used: 7
Speed: 12.9 m/s  (46.4 km/h)</description>
            <Point id="3140">
                <coordinates>35.177186327307346,32.102631802890436,580.8208877531066</coordinates>
                <altitudeMode>absolute</altitudeMode>
            </Point>
        </Placemark>
        <Placemark id="3143">
            <name>07:21:22</name>
            <description>UTC: 2026-03-22 07:21:22
Satellites used: 7
Speed: 12.8 m/s  (46.2 km/h)</description>
            <Point id="3142">
                <coordinates>35.17732260736951,32.10265900274854,578.0870908430319</coordinates>
                <altitudeMode>absolute</altitudeMode>
            </Point>
        </Placemark>
        <Placemark id="3145">
            <name>07:21:23</name>
            <description>UTC: 2026-03-22 07:21:23
Satellites used: 7
Speed: 12.8 m/s  (46.2 km/h)</description>
            <Point id="3144">
                <coordinates>35.17731963963355,32.10262077026012,603.4520362802124</coordinates>
                <altitudeMode>absolute</altitudeMode>
            </Point>
        </Placemark>
        <Placemark id="3147">
            <name>07:21:24</name>
            <description>UTC: 2026-03-22 07:21:24
Satellites used: 7
Speed: 10.9 m/s  (39.1 km/h)</description>
            <Point id="3146">
                <coordinates>35.17746420645351,32.10266868563039,597.6093397848733</coordinates>
                <altitudeMode>absolute</altitudeMode>
            </Point>
        </Placemark>
        <Placemark id="3149">
            <name>07:21:25</name>
            <description>UTC: 2026-03-22 07:21:25
Satellites used: 7
Speed: 10.9 m/s  (39.2 km/h)</description>
            <Point id="3148">
                <coordinates>35.17756999439749,32.102668028621544,602.4526279181986</coordinates>
                <altitudeMode>absolute</altitudeMode>
            </Point>
        </Placemark>
        <Placemark id="3151">
            <name>07:21:26</name>
            <description>UTC: 2026-03-22 07:21:26
Satellites used: 7
Speed: 18.5 m/s  (66.7 km/h)</description>
            <Point id="3150">
                <coordinates>35.177588802511146,32.10267726574618,639.1507806176133</coordinates>
                <altitudeMode>absolute</altitudeMode>
            </Point>
        </Placemark>
        <Placemark id="3153">
            <name>07:21:27</name>
            <description>UTC: 2026-03-22 07:21:27
Satellites used: 8
Speed: 14.7 m/s  (52.8 km/h)</description>
            <Point id="3152">
                <coordinates>35.17783094570151,32.102618930123505,597.7216689953186</coordinates>
                <altitudeMode>absolute</altitudeMode>
            </Point>
        </Placemark>
        <Placemark id="3155">
            <name>07:21:28</name>
            <description>UTC: 2026-03-22 07:21:28
Satellites used: 8
Speed: 10.8 m/s  (39.0 km/h)</description>
            <Point id="3154">
                <coordinates>35.177907287680796,32.10266030836568,604.8886656660767</coordinates>
                <altitudeMode>absolute</altitudeMode>
            </Point>
        </Placemark>
        <Placemark id="3157">
            <name>07:21:29</name>
            <description>UTC: 2026-03-22 07:21:29
Satellites used: 7
Speed: 18.2 m/s  (65.5 km/h)</description>
            <Point id="3156">
                <coordinates>35.1778550680437,32.10262440430381,650.146775957233</coordinates>
                <altitudeMode>absolute</altitudeMode>
            </Point>
        </Placemark>
        <Placemark id="3159">
            <name>07:21:30</name>
            <description>UTC: 2026-03-22 07:21:30
Satellites used: 8
Speed: 13.8 m/s  (49.8 km/h)</description>
            <Point id="3158">
                <coordinates>35.1781383675903,32.102563701778834,624.4964040969654</coordinates>
                <altitudeMode>absolute</altitudeMode>
            </Point>
        </Placemark>
        <Placemark id="3161">
            <name>07:21:31</name>
            <description>UTC: 2026-03-22 07:21:31
Satellites used: 8
Speed: 15.1 m/s  (54.3 km/h)</description>
            <Point id="3160">
                <coordinates>35.17831928881021,32.102566999302425,628.1810280938502</coordinates>
                <altitudeMode>absolute</altitudeMode>
            </Point>
        </Placemark>
        <Placemark id="3163">
            <name>07:21:32</name>
            <description>UTC: 2026-03-22 07:21:32
Satellites used: 8
Speed: 19.7 m/s  (70.8 km/h)</description>
            <Point id="3162">
                <coordinates>35.17845428265629,32.10252402044468,592.1186664085941</coordinates>
                <altitudeMode>absolute</altitudeMode>
            </Point>
        </Placemark>
        <Placemark id="3165">
            <name>07:21:33</name>
            <description>UTC: 2026-03-22 07:21:33
Satellites used: 8
Speed: 11.4 m/s  (40.9 km/h)</description>
            <Point id="3164">
                <coordinates>35.178484965332004,32.10249919581113,598.8071459919378</coordinates>
                <altitudeMode>absolute</altitudeMode>
            </Point>
        </Placemark>
        <Placemark id="3167">
            <name>07:21:34</name>
            <description>UTC: 2026-03-22 07:21:34
Satellites used: 8
Speed: 7.6 m/s  (27.4 km/h)</description>
            <Point id="3166">
                <coordinates>35.17853314592314,32.1025273224619,605.2218309837194</coordinates>
                <altitudeMode>absolute</altitudeMode>
            </Point>
        </Placemark>
        <Placemark id="3169">
            <name>07:21:35</name>
            <description>UTC: 2026-03-22 07:21:35
Satellites used: 8
Speed: 8.9 m/s  (31.9 km/h)</description>
            <Point id="3168">
                <coordinates>35.178625087074,32.10256831458542,597.5716762854323</coordinates>
                <altitudeMode>absolute</altitudeMode>
            </Point>
        </Placemark>
        <Placemark id="3171">
            <name>07:21:36</name>
            <description>UTC: 2026-03-22 07:21:36
Satellites used: 8
Speed: 10.0 m/s  (36.1 km/h)</description>
            <Point id="3170">
                <coordinates>35.17872830648399,32.10246146738467,594.8972022513836</coordinates>
                <altitudeMode>absolute</altitudeMode>
            </Point>
        </Placemark>
        <Placemark id="3173">
            <name>07:21:37</name>
            <description>UTC: 2026-03-22 07:21:37
Satellites used: 8
Speed: 12.7 m/s  (45.7 km/h)</description>
            <Point id="3172">
                <coordinates>35.17882197423339,32.102357984969906,584.3728387242606</coordinates>
                <altitudeMode>absolute</altitudeMode>
            </Point>
        </Placemark>
        <Placemark id="3175">
            <name>07:21:38</name>
            <description>UTC: 2026-03-22 07:21:38
Satellites used: 7
Speed: 5.7 m/s  (20.5 km/h)</description>
            <Point id="3174">
                <coordinates>35.1788091326705,32.1024156558964,586.7918489756566</coordinates>
                <altitudeMode>absolute</altitudeMode>
            </Point>
        </Placemark>
        <Placemark id="3177">
            <name>07:21:39</name>
            <description>UTC: 2026-03-22 07:21:39
Satellites used: 7
Speed: 11.5 m/s  (41.4 km/h)</description>
            <Point id="3176">
                <coordinates>35.17891645684353,32.10239946428193,613.3891732102857</coordinates>
                <altitudeMode>absolute</altitudeMode>
            </Point>
        </Placemark>
        <Placemark id="3179">
            <name>07:21:40</name>
            <description>UTC: 2026-03-22 07:21:40
Satellites used: 6
Speed: 16.3 m/s  (58.6 km/h)</description>
            <Point id="3178">
                <coordinates>35.1789373687053,32.10234526056628,637.6673769597634</coordinates>
                <altitudeMode>absolute</altitudeMode>
            </Point>
        </Placemark>
        <Placemark id="3181">
            <name>07:21:41</name>
            <description>UTC: 2026-03-22 07:21:41
Satellites used: 7
Speed: 7.2 m/s  (26.1 km/h)</description>
            <Point id="3180">
                <coordinates>35.17903526566759,32.102447184437196,618.4738074529718</coordinates>
                <altitudeMode>absolute</altitudeMode>
            </Point>
        </Placemark>
        <Placemark id="3183">
            <name>07:21:42</name>
            <description>UTC: 2026-03-22 07:21:42
Satellites used: 7
Speed: 5.8 m/s  (21.0 km/h)</description>
            <Point id="3182">
                <coordinates>35.17907343631821,32.102450210282896,619.7965493752712</coordinates>
                <altitudeMode>absolute</altitudeMode>
            </Point>
        </Placemark>
        <Placemark id="3185">
            <name>07:21:43</name>
            <description>UTC: 2026-03-22 07:21:43
Satellites used: 7
Speed: 5.9 m/s  (21.1 km/h)</description>
            <Point id="3184">
                <coordinates>35.17905410914782,32.10248902828359,606.3652351104146</coordinates>
                <altitudeMode>absolute</altitudeMode>
            </Point>
        </Placemark>
        <Placemark id="3187">
            <name>07:21:44</name>
            <description>UTC: 2026-03-22 07:21:44
Satellites used: 7
Speed: 8.2 m/s  (29.6 km/h)</description>
            <Point id="3186">
                <coordinates>35.179219462847186,32.102447342820405,606.4666710896561</coordinates>
                <altitudeMode>absolute</altitudeMode>
            </Point>
        </Placemark>
        <Placemark id="3189">
            <name>07:21:45</name>
            <description>UTC: 2026-03-22 07:21:45
Satellites used: 7
Speed: 16.0 m/s  (57.6 km/h)</description>
            <Point id="3188">
                <coordinates>35.17929152136155,32.10242566473799,575.0994978371536</coordinates>
                <altitudeMode>absolute</altitudeMode>
            </Point>
        </Placemark>
        <Placemark id="3191">
            <name>07:21:46</name>
            <description>UTC: 2026-03-22 07:21:46
Satellites used: 7
Speed: 12.7 m/s  (45.8 km/h)</description>
            <Point id="3190">
                <coordinates>35.179508211877796,32.102402187734,597.4601550838344</coordinates>
                <altitudeMode>absolute</altitudeMode>
            </Point>
        </Placemark>
        <Placemark id="3193">
            <name>07:21:47</name>
            <description>UTC: 2026-03-22 07:21:47
Satellites used: 7
Speed: 13.7 m/s  (49.2 km/h)</description>
            <Point id="3192">
                <coordinates>35.17957156297912,32.10241277919466,620.1804449144673</coordinates>
                <altitudeMode>absolute</altitudeMode>
            </Point>
        </Placemark>
        <Placemark id="3195">
            <name>07:21:48</name>
            <description>UTC: 2026-03-22 07:21:48
Satellites used: 7
Speed: 8.9 m/s  (31.9 km/h)</description>
            <Point id="3194">
                <coordinates>35.17960947921595,32.10232389772473,612.0210846448592</coordinates>
                <altitudeMode>absolute</altitudeMode>
            </Point>
        </Placemark>
        <Placemark id="3197">
            <name>07:21:49</name>
            <description>UTC: 2026-03-22 07:21:49
Satellites used: 5
Speed: 5.4 m/s  (19.6 km/h)</description>
            <Point id="3196">
                <coordinates>35.17960043548967,32.10241749973654,600.4695129743872</coordinates>
                <altitudeMode>absolute</altitudeMode>
            </Point>
        </Placemark>
        <Placemark id="3199">
            <name>07:21:50</name>
            <description>UTC: 2026-03-22 07:21:50
Satellites used: 7
Speed: 7.0 m/s  (25.0 km/h)</description>
            <Point id="3198">
                <coordinates>35.17970470210492,32.10234415743671,601.6837640878844</coordinates>
                <altitudeMode>absolute</altitudeMode>
            </Point>
        </Placemark>
        <Placemark id="3201">
            <name>07:21:51</name>
            <description>UTC: 2026-03-22 07:21:51
Satellites used: 7
Speed: 13.6 m/s  (49.0 km/h)</description>
            <Point id="3200">
                <coordinates>35.17989942431315,32.10236760573349,584.4574100733893</coordinates>
                <altitudeMode>absolute</altitudeMode>
            </Point>
        </Placemark>
        <Placemark id="3203">
            <name>07:21:52</name>
            <description>UTC: 2026-03-22 07:21:52
Satellites used: 7
Speed: 11.8 m/s  (42.4 km/h)</description>
            <Point id="3202">
                <coordinates>35.17966579104363,32.102516800160046,620.1915118471107</coordinates>
                <altitudeMode>absolute</altitudeMode>
            </Point>
        </Placemark>
        <Placemark id="3205">
            <name>07:21:53</name>
            <description>UTC: 2026-03-22 07:21:53
Satellites used: 7
Speed: 9.6 m/s  (34.6 km/h)</description>
            <Point id="3204">
                <coordinates>35.1799362295568,32.10237724543244,599.2127079564624</coordinates>
                <altitudeMode>absolute</altitudeMode>
            </Point>
        </Placemark>
        <Placemark id="3207">
            <name>07:21:54</name>
            <description>UTC: 2026-03-22 07:21:54
Satellites used: 7
Speed: 9.3 m/s  (33.4 km/h)</description>
            <Point id="3206">
                <coordinates>35.18003244744521,32.102359432039314,604.2906354272006</coordinates>
                <altitudeMode>absolute</altitudeMode>
            </Point>
        </Placemark>
        <Placemark id="3209">
            <name>07:21:55</name>
            <description>UTC: 2026-03-22 07:21:55
Satellites used: 7
Speed: 10.5 m/s  (38.0 km/h)</description>
            <Point id="3208">
                <coordinates>35.180121678640184,32.10251968753132,605.8734860642805</coordinates>
                <altitudeMode>absolute</altitudeMode>
            </Point>
        </Placemark>
        <Placemark id="3211">
            <name>07:21:56</name>
            <description>UTC: 2026-03-22 07:21:56
Satellites used: 7
Speed: 12.1 m/s  (43.4 km/h)</description>
            <Point id="3210">
                <coordinates>35.18029768351763,32.10240349268328,602.341772834659</coordinates>
                <altitudeMode>absolute</altitudeMode>
            </Point>
        </Placemark>
        <Placemark id="3213">
            <name>07:21:57</name>
            <description>UTC: 2026-03-22 07:21:57
Satellites used: 7
Speed: 16.2 m/s  (58.4 km/h)</description>
            <Point id="3212">
                <coordinates>35.18023063342604,32.10239344649414,642.3466780928348</coordinates>
                <altitudeMode>absolute</altitudeMode>
            </Point>
        </Placemark>
        <Placemark id="3215">
            <name>07:21:58</name>
            <description>UTC: 2026-03-22 07:21:58
Satellites used: 7
Speed: 16.1 m/s  (58.0 km/h)</description>
            <Point id="3214">
                <coordinates>35.18033552443222,32.10243989371066,655.5970859277654</coordinates>
                <altitudeMode>absolute</altitudeMode>
            </Point>
        </Placemark>
        <Placemark id="3217">
            <name>07:21:59</name>
            <description>UTC: 2026-03-22 07:21:59
Satellites used: 7
Speed: 11.5 m/s  (41.5 km/h)</description>
            <Point id="3216">
                <coordinates>35.18053333534374,32.10241179783331,634.3428964186868</coordinates>
                <altitudeMode>absolute</altitudeMode>
            </Point>
        </Placemark>
        <Placemark id="3219">
            <name>07:22:00</name>
            <description>UTC: 2026-03-22 07:22:00
Satellites used: 7
Speed: 12.3 m/s  (44.1 km/h)</description>
            <Point id="3218">
                <coordinates>35.180628342669884,32.102413097013006,649.8024964921</coordinates>
                <altitudeMode>absolute</altitudeMode>
            </Point>
        </Placemark>
        <Placemark id="3221">
            <name>07:22:01</name>
            <description>UTC: 2026-03-22 07:22:01
Satellites used: 6
Speed: 39.3 m/s  (141.6 km/h)</description>
            <Point id="3220">
                <coordinates>35.1811074243613,32.10241740266958,563.1346241324484</coordinates>
                <altitudeMode>absolute</altitudeMode>
            </Point>
        </Placemark>
        <Placemark id="3223">
            <name>07:22:02</name>
            <description>UTC: 2026-03-22 07:22:02
Satellites used: 7
Speed: 13.0 m/s  (46.9 km/h)</description>
            <Point id="3222">
                <coordinates>35.18097246370823,32.102484784890436,630.3493077282332</coordinates>
                <altitudeMode>absolute</altitudeMode>
            </Point>
        </Placemark>
        <Placemark id="3225">
            <name>07:22:03</name>
            <description>UTC: 2026-03-22 07:22:03
Satellites used: 7
Speed: 22.0 m/s  (79.1 km/h)</description>
            <Point id="3224">
                <coordinates>35.18130381691984,32.10247699314482,587.3368971158599</coordinates>
                <altitudeMode>absolute</altitudeMode>
            </Point>
        </Placemark>
        <Placemark id="3227">
            <name>07:22:04</name>
            <description>UTC: 2026-03-22 07:22:04
Satellites used: 7
Speed: 14.5 m/s  (52.3 km/h)</description>
            <Point id="3226">
                <coordinates>35.181383934868,32.102546879025944,607.1522105309465</coordinates>
                <altitudeMode>absolute</altitudeMode>
            </Point>
        </Placemark>
        <Placemark id="3229">
            <name>07:22:05</name>
            <description>UTC: 2026-03-22 07:22:05
Satellites used: 7
Speed: 14.7 m/s  (52.9 km/h)</description>
            <Point id="3228">
                <coordinates>35.181443830453674,32.10249635928061,631.535856408116</coordinates>
                <altitudeMode>absolute</altitudeMode>
            </Point>
        </Placemark>
        <Placemark id="3231">
            <name>07:22:06</name>
            <description>UTC: 2026-03-22 07:22:06
Satellites used: 7
Speed: 14.5 m/s  (52.1 km/h)</description>
            <Point id="3230">
                <coordinates>35.18154916560203,32.102568816609526,640.2471542670758</coordinates>
                <altitudeMode>absolute</altitudeMode>
            </Point>
        </Placemark>
        <Placemark id="3233">
            <name>07:22:07</name>
            <description>UTC: 2026-03-22 07:22:07
Satellites used: 6
Speed: 14.4 m/s  (51.7 km/h)</description>
            <Point id="3232">
                <coordinates>35.18174676175858,32.10261890386145,629.174528357649</coordinates>
                <altitudeMode>absolute</altitudeMode>
            </Point>
        </Placemark>
        <Placemark id="3235">
            <name>07:22:08</name>
            <description>UTC: 2026-03-22 07:22:08
Satellites used: 6
Speed: 22.5 m/s  (81.0 km/h)</description>
            <Point id="3234">
                <coordinates>35.1817249590896,32.102667114734494,679.0461762755235</coordinates>
                <altitudeMode>absolute</altitudeMode>
            </Point>
        </Placemark>
        <Placemark id="3237">
            <name>07:22:09</name>
            <description>UTC: 2026-03-22 07:22:09
Satellites used: 6
Speed: 22.7 m/s  (81.8 km/h)</description>
            <Point id="3236">
                <coordinates>35.18219383189327,32.10262099446246,635.2988206043867</coordinates>
                <altitudeMode>absolute</altitudeMode>
            </Point>
        </Placemark>
        <Placemark id="3239">
            <name>07:22:10</name>
            <description>UTC: 2026-03-22 07:22:10
Satellites used: 6
Speed: 34.5 m/s  (124.3 km/h)</description>
            <Point id="3238">
                <coordinates>35.182470336671685,32.10271849268737,581.2822526818314</coordinates>
                <altitudeMode>absolute</altitudeMode>
            </Point>
        </Placemark>
        <Placemark id="3241">
            <name>07:22:11</name>
            <description>UTC: 2026-03-22 07:22:11
Satellites used: 6
Speed: 17.8 m/s  (64.2 km/h)</description>
            <Point id="3240">
                <coordinates>35.18251448152849,32.10273994031568,636.1214831558189</coordinates>
                <altitudeMode>absolute</altitudeMode>
            </Point>
        </Placemark>
        <Placemark id="3243">
            <name>07:22:12</name>
            <description>UTC: 2026-03-22 07:22:12
Satellites used: 7
Speed: 17.9 m/s  (64.3 km/h)</description>
            <Point id="3242">
                <coordinates>35.182656515114935,32.102867528322406,610.8464785242869</coordinates>
                <altitudeMode>absolute</altitudeMode>
            </Point>
        </Placemark>
        <Placemark id="3245">
            <name>07:22:13</name>
            <description>UTC: 2026-03-22 07:22:13
Satellites used: 7
Speed: 17.7 m/s  (63.8 km/h)</description>
            <Point id="3244">
                <coordinates>35.18273219561435,32.10298849052676,640.8622544289825</coordinates>
                <altitudeMode>absolute</altitudeMode>
            </Point>
        </Placemark>
        <Placemark id="3247">
            <name>07:22:14</name>
            <description>UTC: 2026-03-22 07:22:14
Satellites used: 7
Speed: 35.0 m/s  (125.9 km/h)</description>
            <Point id="3246">
                <coordinates>35.182697458438135,32.102977267543594,713.166929000216</coordinates>
                <altitudeMode>absolute</altitudeMode>
            </Point>
        </Placemark>
        <Placemark id="3249">
            <name>07:22:15</name>
            <description>UTC: 2026-03-22 07:22:15
Satellites used: 6
Speed: 28.6 m/s  (102.9 km/h)</description>
            <Point id="3248">
                <coordinates>35.183267948190476,32.10305655635206,632.0841111003111</coordinates>
                <altitudeMode>absolute</altitudeMode>
            </Point>
        </Placemark>
        <Placemark id="3251">
            <name>07:22:16</name>
            <description>UTC: 2026-03-22 07:22:16
Satellites used: 5
Speed: 30.6 m/s  (110.0 km/h)</description>
            <Point id="3250">
                <coordinates>35.18350269399307,32.10310452822715,605.0473593570565</coordinates>
                <altitudeMode>absolute</altitudeMode>
            </Point>
        </Placemark>
        <Placemark id="3253">
            <name>07:22:17</name>
            <description>UTC: 2026-03-22 07:22:17
Satellites used: 6
Speed: 19.2 m/s  (69.2 km/h)</description>
            <Point id="3252">
                <coordinates>35.18354465347863,32.103126108054475,607.8056629412182</coordinates>
                <altitudeMode>absolute</altitudeMode>
            </Point>
        </Placemark>
        <Placemark id="3255">
            <name>07:22:18</name>
            <description>UTC: 2026-03-22 07:22:18
Satellites used: 6
Speed: 22.4 m/s  (80.6 km/h)</description>
            <Point id="3254">
                <coordinates>35.18386114298983,32.103179151466435,613.3199077220703</coordinates>
                <altitudeMode>absolute</altitudeMode>
            </Point>
        </Placemark>
        <Placemark id="3257">
            <name>07:22:19</name>
            <description>UTC: 2026-03-22 07:22:19
Satellites used: 6
Speed: 21.2 m/s  (76.2 km/h)</description>
            <Point id="3256">
                <coordinates>35.18404692977025,32.10326724777467,614.8319333629802</coordinates>
                <altitudeMode>absolute</altitudeMode>
            </Point>
        </Placemark>
        <Placemark id="3259">
            <name>07:22:20</name>
            <description>UTC: 2026-03-22 07:22:20
Satellites used: 6
Speed: 20.4 m/s  (73.5 km/h)</description>
            <Point id="3258">
                <coordinates>35.184228636038654,32.10331568294683,605.1486974872325</coordinates>
                <altitudeMode>absolute</altitudeMode>
            </Point>
        </Placemark>
        <Placemark id="3261">
            <name>07:22:21</name>
            <description>UTC: 2026-03-22 07:22:21
Satellites used: 6
Speed: 19.5 m/s  (70.3 km/h)</description>
            <Point id="3260">
                <coordinates>35.18440959154605,32.10330740249578,628.5154345681908</coordinates>
                <altitudeMode>absolute</altitudeMode>
            </Point>
        </Placemark>
        <Placemark id="3263">
            <name>07:22:22</name>
            <description>UTC: 2026-03-22 07:22:22
Satellites used: 6
Speed: 20.7 m/s  (74.5 km/h)</description>
            <Point id="3262">
                <coordinates>35.18460503450512,32.10336215848014,597.1992038820127</coordinates>
                <altitudeMode>absolute</altitudeMode>
            </Point>
        </Placemark>
        <Placemark id="3265">
            <name>07:22:23</name>
            <description>UTC: 2026-03-22 07:22:23
Satellites used: 7
Speed: 17.7 m/s  (63.7 km/h)</description>
            <Point id="3264">
                <coordinates>35.18476913955144,32.10334816460051,619.7106141367307</coordinates>
                <altitudeMode>absolute</altitudeMode>
            </Point>
        </Placemark>
        <Placemark id="3267">
            <name>07:22:24</name>
            <description>UTC: 2026-03-22 07:22:24
Satellites used: 7
Speed: 17.8 m/s  (64.1 km/h)</description>
            <Point id="3266">
                <coordinates>35.18494916335738,32.10342120735222,608.5717294080968</coordinates>
                <altitudeMode>absolute</altitudeMode>
            </Point>
        </Placemark>
        <Placemark id="3269">
            <name>07:22:25</name>
            <description>UTC: 2026-03-22 07:22:25
Satellites used: 7
Speed: 27.0 m/s  (97.2 km/h)</description>
            <Point id="3268">
                <coordinates>35.18488246963126,32.10348824213156,674.911462494544</coordinates>
                <altitudeMode>absolute</altitudeMode>
            </Point>
        </Placemark>
        <Placemark id="3271">
            <name>07:22:26</name>
            <description>UTC: 2026-03-22 07:22:26
Satellites used: 6
Speed: 22.0 m/s  (79.1 km/h)</description>
            <Point id="3270">
                <coordinates>35.18526433554371,32.103585491090435,656.4409305044901</coordinates>
                <altitudeMode>absolute</altitudeMode>
            </Point>
        </Placemark>
        <Placemark id="3273">
            <name>07:22:27</name>
            <description>UTC: 2026-03-22 07:22:27
Satellites used: 6
Speed: 31.2 m/s  (112.3 km/h)</description>
            <Point id="3272">
                <coordinates>35.18562386760918,32.103489714882606,598.2291944988431</coordinates>
                <altitudeMode>absolute</altitudeMode>
            </Point>
        </Placemark>
        <Placemark id="3275">
            <name>07:22:28</name>
            <description>UTC: 2026-03-22 07:22:28
Satellites used: 6
Speed: 22.5 m/s  (81.1 km/h)</description>
            <Point id="3274">
                <coordinates>35.18581166546018,32.10353196714939,616.5981466867922</coordinates>
                <altitudeMode>absolute</altitudeMode>
            </Point>
        </Placemark>
        <Placemark id="3277">
            <name>07:22:29</name>
            <description>UTC: 2026-03-22 07:22:29
Satellites used: 7
Speed: 13.5 m/s  (48.4 km/h)</description>
            <Point id="3276">
                <coordinates>35.18579441391111,32.10352808476944,633.7744472532462</coordinates>
                <altitudeMode>absolute</altitudeMode>
            </Point>
        </Placemark>
        <Placemark id="3279">
            <name>07:22:30</name>
            <description>UTC: 2026-03-22 07:22:30
Satellites used: 8
Speed: 17.5 m/s  (63.1 km/h)</description>
            <Point id="3278">
                <coordinates>35.18605281917815,32.10356470157019,630.4213604816235</coordinates>
                <altitudeMode>absolute</altitudeMode>
            </Point>
        </Placemark>
        <Placemark id="3281">
            <name>07:22:31</name>
            <description>UTC: 2026-03-22 07:22:31
Satellites used: 8
Speed: 18.9 m/s  (68.2 km/h)</description>
            <Point id="3280">
                <coordinates>35.186199607527044,32.10358316839689,653.3516842194362</coordinates>
                <altitudeMode>absolute</altitudeMode>
            </Point>
        </Placemark>
        <Placemark id="3283">
            <name>07:22:32</name>
            <description>UTC: 2026-03-22 07:22:32
Satellites used: 7
Speed: 19.6 m/s  (70.6 km/h)</description>
            <Point id="3282">
                <coordinates>35.18631995049723,32.10355774116283,672.3492397963347</coordinates>
                <altitudeMode>absolute</altitudeMode>
            </Point>
        </Placemark>
        <Placemark id="3285">
            <name>07:22:33</name>
            <description>UTC: 2026-03-22 07:22:33
Satellites used: 6
Speed: 26.2 m/s  (94.4 km/h)</description>
            <Point id="3284">
                <coordinates>35.186685956721554,32.103621927927335,618.1893572348098</coordinates>
                <altitudeMode>absolute</altitudeMode>
            </Point>
        </Placemark>
        <Placemark id="3287">
            <name>07:22:34</name>
            <description>UTC: 2026-03-22 07:22:34
Satellites used: 7
Speed: 17.3 m/s  (62.4 km/h)</description>
            <Point id="3286">
                <coordinates>35.18678568054731,32.103562041875946,644.644288323537</coordinates>
                <altitudeMode>absolute</altitudeMode>
            </Point>
        </Placemark>
        <Placemark id="3289">
            <name>07:22:35</name>
            <description>UTC: 2026-03-22 07:22:35
Satellites used: 7
Speed: 14.7 m/s  (52.9 km/h)</description>
            <Point id="3288">
                <coordinates>35.18689714863279,32.10355776011381,635.2899771449951</coordinates>
                <altitudeMode>absolute</altitudeMode>
            </Point>
        </Placemark>
        <Placemark id="3291">
            <name>07:22:36</name>
            <description>UTC: 2026-03-22 07:22:36
Satellites used: 6
Speed: 17.5 m/s  (63.1 km/h)</description>
            <Point id="3290">
                <coordinates>35.18702948381367,32.1034229639895,660.7945657453527</coordinates>
                <altitudeMode>absolute</altitudeMode>
            </Point>
        </Placemark>
        <Placemark id="3293">
            <name>07:22:37</name>
            <description>UTC: 2026-03-22 07:22:37
Satellites used: 7
Speed: 17.9 m/s  (64.5 km/h)</description>
            <Point id="3292">
                <coordinates>35.187272686580364,32.103489759106175,637.0775328344791</coordinates>
                <altitudeMode>absolute</altitudeMode>
            </Point>
        </Placemark>
        <Placemark id="3295">
            <name>07:22:38</name>
            <description>UTC: 2026-03-22 07:22:38
Satellites used: 6
Speed: 17.0 m/s  (61.1 km/h)</description>
            <Point id="3294">
                <coordinates>35.18735270993282,32.103390556289064,620.596006789511</coordinates>
                <altitudeMode>absolute</altitudeMode>
            </Point>
        </Placemark>
        <Placemark id="3297">
            <name>07:22:39</name>
            <description>UTC: 2026-03-22 07:22:39
Satellites used: 7
Speed: 9.3 m/s  (33.5 km/h)</description>
            <Point id="3296">
                <coordinates>35.187356767632714,32.10340949590516,643.782514124595</coordinates>
                <altitudeMode>absolute</altitudeMode>
            </Point>
        </Placemark>
        <Placemark id="3299">
            <name>07:22:40</name>
            <description>UTC: 2026-03-22 07:22:40
Satellites used: 7
Speed: 7.3 m/s  (26.5 km/h)</description>
            <Point id="3298">
                <coordinates>35.18741063567034,32.103450111214016,632.4133059475251</coordinates>
                <altitudeMode>absolute</altitudeMode>
            </Point>
        </Placemark>
        <Placemark id="3301">
            <name>07:22:41</name>
            <description>UTC: 2026-03-22 07:22:41
Satellites used: 7
Speed: 7.7 m/s  (27.6 km/h)</description>
            <Point id="3300">
                <coordinates>35.18744015989631,32.10348872094048,648.6765363693271</coordinates>
                <altitudeMode>absolute</altitudeMode>
            </Point>
        </Placemark>
        <Placemark id="3303">
            <name>07:22:42</name>
            <description>UTC: 2026-03-22 07:22:42
Satellites used: 6
Speed: 14.6 m/s  (52.5 km/h)</description>
            <Point id="3302">
                <coordinates>35.18763502934505,32.10355192572236,617.8212794514646</coordinates>
                <altitudeMode>absolute</altitudeMode>
            </Point>
        </Placemark>
        <Placemark id="3305">
            <name>07:22:43</name>
            <description>UTC: 2026-03-22 07:22:43
Satellites used: 7
Speed: 15.5 m/s  (55.8 km/h)</description>
            <Point id="3304">
                <coordinates>35.18759040985258,32.103576135155,667.6596680458807</coordinates>
                <altitudeMode>absolute</altitudeMode>
            </Point>
        </Placemark>
        <Placemark id="3307">
            <name>07:22:44</name>
            <description>UTC: 2026-03-22 07:22:44
Satellites used: 7
Speed: 15.4 m/s  (55.4 km/h)</description>
            <Point id="3306">
                <coordinates>35.18785151844606,32.10352793921961,624.1055783280401</coordinates>
                <altitudeMode>absolute</altitudeMode>
            </Point>
        </Placemark>
        <Placemark id="3309">
            <name>07:22:45</name>
            <description>UTC: 2026-03-22 07:22:45
Satellites used: 5
Speed: 12.2 m/s  (44.0 km/h)</description>
            <Point id="3308">
                <coordinates>35.18796906003849,32.10352302359721,631.7381261255467</coordinates>
                <altitudeMode>absolute</altitudeMode>
            </Point>
        </Placemark>
        <Placemark id="3311">
            <name>07:22:46</name>
            <description>UTC: 2026-03-22 07:22:46
Satellites used: 5
Speed: 21.4 m/s  (77.0 km/h)</description>
            <Point id="3310">
                <coordinates>35.18806010845432,32.103401764264525,679.3219912441932</coordinates>
                <altitudeMode>absolute</altitudeMode>
            </Point>
        </Placemark>
        <Placemark id="3313">
            <name>07:22:47</name>
            <description>UTC: 2026-03-22 07:22:47
Satellites used: 6
Speed: 18.4 m/s  (66.1 km/h)</description>
            <Point id="3312">
                <coordinates>35.18812907862921,32.103438953914456,692.5800794406447</coordinates>
                <altitudeMode>absolute</altitudeMode>
            </Point>
        </Placemark>
        <Placemark id="3315">
            <name>07:22:48</name>
            <description>UTC: 2026-03-22 07:22:48
Satellites used: 7
Speed: 21.9 m/s  (78.9 km/h)</description>
            <Point id="3314">
                <coordinates>35.18846616159983,32.10343280549166,638.0268436519533</coordinates>
                <altitudeMode>absolute</altitudeMode>
            </Point>
        </Placemark>
        <Placemark id="3317">
            <name>07:22:49</name>
            <description>UTC: 2026-03-22 07:22:49
Satellites used: 6
Speed: 20.8 m/s  (75.0 km/h)</description>
            <Point id="3316">
                <coordinates>35.188674185618225,32.103374542076914,635.1777229368206</coordinates>
                <altitudeMode>absolute</altitudeMode>
            </Point>
        </Placemark>
        <Placemark id="3319">
            <name>07:22:50</name>
            <description>UTC: 2026-03-22 07:22:50
Satellites used: 7
Speed: 41.3 m/s  (148.5 km/h)</description>
            <Point id="3318">
                <coordinates>35.18909142858156,32.10326784874809,571.7683085146897</coordinates>
                <altitudeMode>absolute</altitudeMode>
            </Point>
        </Placemark>
        <Placemark id="3321">
            <name>07:22:51</name>
            <description>UTC: 2026-03-22 07:22:51
Satellites used: 6
Speed: 16.3 m/s  (58.8 km/h)</description>
            <Point id="3320">
                <coordinates>35.18898524052096,32.10330393945879,643.9914367631111</coordinates>
                <altitudeMode>absolute</altitudeMode>
            </Point>
        </Placemark>
        <Placemark id="3323">
            <name>07:22:52</name>
            <description>UTC: 2026-03-22 07:22:52
Satellites used: 6
Speed: 22.1 m/s  (79.5 km/h)</description>
            <Point id="3322">
                <coordinates>35.18932346107945,32.10330405505814,605.3729349707806</coordinates>
                <altitudeMode>absolute</altitudeMode>
            </Point>
        </Placemark>
        <Placemark id="3325">
            <name>07:22:53</name>
            <description>UTC: 2026-03-22 07:22:53
Satellites used: 6
Speed: 17.1 m/s  (61.7 km/h)</description>
            <Point id="3324">
                <coordinates>35.189359103908004,32.10327129778666,645.024675047636</coordinates>
                <altitudeMode>absolute</altitudeMode>
            </Point>
        </Placemark>
        <Placemark id="3327">
            <name>07:22:54</name>
            <description>UTC: 2026-03-22 07:22:54
Satellites used: 7
Speed: 21.2 m/s  (76.2 km/h)</description>
            <Point id="3326">
                <coordinates>35.18963265295376,32.10316244786126,650.6669929725316</coordinates>
                <altitudeMode>absolute</altitudeMode>
            </Point>
        </Placemark>
        <Placemark id="3329">
            <name>07:22:55</name>
            <description>UTC: 2026-03-22 07:22:55
Satellites used: 6
Speed: 17.9 m/s  (64.3 km/h)</description>
            <Point id="3328">
                <coordinates>35.18979384739713,32.10322667290046,650.4861434680341</coordinates>
                <altitudeMode>absolute</altitudeMode>
            </Point>
        </Placemark>
        <Placemark id="3331">
            <name>07:22:56</name>
            <description>UTC: 2026-03-22 07:22:56
Satellites used: 7
Speed: 17.2 m/s  (61.9 km/h)</description>
            <Point id="3330">
                <coordinates>35.18996328072168,32.10316694885801,635.864506303138</coordinates>
                <altitudeMode>absolute</altitudeMode>
            </Point>
        </Placemark>
        <Placemark id="3333">
            <name>07:22:57</name>
            <description>UTC: 2026-03-22 07:22:57
Satellites used: 7
Speed: 18.8 m/s  (67.7 km/h)</description>
            <Point id="3332">
                <coordinates>35.190170335864565,32.103078274976475,636.1515070910427</coordinates>
                <altitudeMode>absolute</altitudeMode>
            </Point>
        </Placemark>
        <Placemark id="3335">
            <name>07:22:58</name>
            <description>UTC: 2026-03-22 07:22:58
Satellites used: 5
Speed: 22.0 m/s  (79.3 km/h)</description>
            <Point id="3334">
                <coordinates>35.190456643232594,32.10305485876815,642.2331913142903</coordinates>
                <altitudeMode>absolute</altitudeMode>
            </Point>
        </Placemark>
        <Placemark id="3337">
            <name>07:22:59</name>
            <description>UTC: 2026-03-22 07:22:59
Satellites used: 5
Speed: 21.3 m/s  (76.7 km/h)</description>
            <Point id="3336">
                <coordinates>35.19064492921826,32.103009959737214,653.9858649173215</coordinates>
                <altitudeMode>absolute</altitudeMode>
            </Point>
        </Placemark>
        <Placemark id="3339">
            <name>07:23:00</name>
            <description>UTC: 2026-03-22 07:23:00
Satellites used: 5
Speed: 25.0 m/s  (89.9 km/h)</description>
            <Point id="3338">
                <coordinates>35.190940173620056,32.10301571292546,623.1774824297462</coordinates>
                <altitudeMode>absolute</altitudeMode>
            </Point>
        </Placemark>
        <Placemark id="3341">
            <name>07:23:01</name>
            <description>UTC: 2026-03-22 07:23:01
Satellites used: 5
Speed: 21.6 m/s  (77.9 km/h)</description>
            <Point id="3340">
                <coordinates>35.191129077452445,32.10294161387751,640.5749918874955</coordinates>
                <altitudeMode>absolute</altitudeMode>
            </Point>
        </Placemark>
        <Placemark id="3343">
            <name>07:23:02</name>
            <description>UTC: 2026-03-22 07:23:02
Satellites used: 6
Speed: 26.0 m/s  (93.7 km/h)</description>
            <Point id="3342">
                <coordinates>35.19137586509845,32.10286533448748,606.9342069754117</coordinates>
                <altitudeMode>absolute</altitudeMode>
            </Point>
        </Placemark>
        <Placemark id="3345">
            <name>07:23:03</name>
            <description>UTC: 2026-03-22 07:23:03
Satellites used: 6
Speed: 18.8 m/s  (67.7 km/h)</description>
            <Point id="3344">
                <coordinates>35.19152145797914,32.102900743407,628.2116651976922</coordinates>
                <altitudeMode>absolute</altitudeMode>
            </Point>
        </Placemark>
        <Placemark id="3347">
            <name>07:23:04</name>
            <description>UTC: 2026-03-22 07:23:04
Satellites used: 7
Speed: 19.5 m/s  (70.0 km/h)</description>
            <Point id="3346">
                <coordinates>35.191732278207844,32.102855792270724,624.667242693635</coordinates>
                <altitudeMode>absolute</altitudeMode>
            </Point>
        </Placemark>
        <Placemark id="3349">
            <name>07:23:05</name>
            <description>UTC: 2026-03-22 07:23:05
Satellites used: 7
Speed: 19.5 m/s  (70.1 km/h)</description>
            <Point id="3348">
                <coordinates>35.19192138225988,32.10277860954096,622.2232468648457</coordinates>
                <altitudeMode>absolute</altitudeMode>
            </Point>
        </Placemark>
        <Placemark id="3351">
            <name>07:23:06</name>
            <description>UTC: 2026-03-22 07:23:06
Satellites used: 6
Speed: 21.2 m/s  (76.2 km/h)</description>
            <Point id="3350">
                <coordinates>35.192079116537535,32.1027774763185,654.3714062829741</coordinates>
                <altitudeMode>absolute</altitudeMode>
            </Point>
        </Placemark>
        <Placemark id="3353">
            <name>07:23:07</name>
            <description>UTC: 2026-03-22 07:23:07
Satellites used: 7
Speed: 18.8 m/s  (67.6 km/h)</description>
            <Point id="3352">
                <coordinates>35.19226833401177,32.10266689978608,633.1083542960822</coordinates>
                <altitudeMode>absolute</altitudeMode>
            </Point>
        </Placemark>
        <Placemark id="3355">
            <name>07:23:08</name>
            <description>UTC: 2026-03-22 07:23:08
Satellites used: 6
Speed: 20.7 m/s  (74.5 km/h)</description>
            <Point id="3354">
                <coordinates>35.19249774606049,32.102677469072034,617.467053347377</coordinates>
                <altitudeMode>absolute</altitudeMode>
            </Point>
        </Placemark>
        <Placemark id="3357">
            <name>07:23:09</name>
            <description>UTC: 2026-03-22 07:23:09
Satellites used: 7
Speed: 20.4 m/s  (73.4 km/h)</description>
            <Point id="3356">
                <coordinates>35.19269393693021,32.102591690973114,615.9930000027223</coordinates>
                <altitudeMode>absolute</altitudeMode>
            </Point>
        </Placemark>
        <Placemark id="3359">
            <name>07:23:10</name>
            <description>UTC: 2026-03-22 07:23:10
Satellites used: 6
Speed: 22.5 m/s  (80.9 km/h)</description>
            <Point id="3358">
                <coordinates>35.19296314936635,32.10252734643235,625.4362678933078</coordinates>
                <altitudeMode>absolute</altitudeMode>
            </Point>
        </Placemark>
        <Placemark id="3361">
            <name>07:23:11</name>
            <description>UTC: 2026-03-22 07:23:11
Satellites used: 7
Speed: 20.2 m/s  (72.9 km/h)</description>
            <Point id="3360">
                <coordinates>35.19311985425435,32.10244822211498,626.7442665375394</coordinates>
                <altitudeMode>absolute</altitudeMode>
            </Point>
        </Placemark>
        <Placemark id="3363">
            <name>07:23:12</name>
            <description>UTC: 2026-03-22 07:23:12
Satellites used: 7
Speed: 23.9 m/s  (86.1 km/h)</description>
            <Point id="3362">
                <coordinates>35.19340191365843,32.102334052401524,624.5624227302312</coordinates>
                <altitudeMode>absolute</altitudeMode>
            </Point>
        </Placemark>
        <Placemark id="3365">
            <name>07:23:13</name>
            <description>UTC: 2026-03-22 07:23:13
Satellites used: 7
Speed: 18.1 m/s  (65.3 km/h)</description>
            <Point id="3364">
                <coordinates>35.193512583083795,32.10234344309721,625.3151434460005</coordinates>
                <altitudeMode>absolute</altitudeMode>
            </Point>
        </Placemark>
        <Placemark id="3367">
            <name>07:23:14</name>
            <description>UTC: 2026-03-22 07:23:14
Satellites used: 7
Speed: 18.9 m/s  (67.9 km/h)</description>
            <Point id="3366">
                <coordinates>35.19363930643141,32.10227994915205,648.7127167765312</coordinates>
                <altitudeMode>absolute</altitudeMode>
            </Point>
        </Placemark>
        <Placemark id="3369">
            <name>07:23:15</name>
            <description>UTC: 2026-03-22 07:23:15
Satellites used: 7
Speed: 23.2 m/s  (83.5 km/h)</description>
            <Point id="3368">
                <coordinates>35.19390119354463,32.102067875629736,627.3402488824313</coordinates>
                <altitudeMode>absolute</altitudeMode>
            </Point>
        </Placemark>
        <Placemark id="3371">
            <name>07:23:16</name>
            <description>UTC: 2026-03-22 07:23:16
Satellites used: 5
Speed: 20.7 m/s  (74.5 km/h)</description>
            <Point id="3370">
                <coordinates>35.19405410543471,32.10208250753375,609.0453074627452</coordinates>
                <altitudeMode>absolute</altitudeMode>
            </Point>
        </Placemark>
        <Placemark id="3373">
            <name>07:23:21</name>
            <description>UTC: 2026-03-22 07:23:21
Satellites used: 4
Speed: 0.0 m/s  (0.0 km/h)</description>
            <Point id="3372">
                <coordinates>35.195532782164406,32.1018288552667,452.80696754280257</coordinates>
                <altitudeMode>absolute</altitudeMode>
            </Point>
        </Placemark>
        <Placemark id="3375">
            <name>07:23:27</name>
            <description>UTC: 2026-03-22 07:23:27
Satellites used: 6
Speed: 0.0 m/s  (0.0 km/h)</description>
            <Point id="3374">
                <coordinates>35.19579038479524,32.10136439526837,611.5737605687033</coordinates>
                <altitudeMode>absolute</altitudeMode>
            </Point>
        </Placemark>
        <Placemark id="3377">
            <name>07:23:28</name>
            <description>UTC: 2026-03-22 07:23:28
Satellites used: 6
Speed: 16.1 m/s  (58.0 km/h)</description>
            <Point id="3376">
                <coordinates>35.19558006594724,32.101245606410096,644.028019505403</coordinates>
                <altitudeMode>absolute</altitudeMode>
            </Point>
        </Placemark>
        <Placemark id="3379">
            <name>07:23:29</name>
            <description>UTC: 2026-03-22 07:23:29
Satellites used: 7
Speed: 16.1 m/s  (58.0 km/h)</description>
            <Point id="3378">
                <coordinates>35.19558375879643,32.101251600602254,662.449330285573</coordinates>
                <altitudeMode>absolute</altitudeMode>
            </Point>
        </Placemark>
        <Placemark id="3381">
            <name>07:23:30</name>
            <description>UTC: 2026-03-22 07:23:30
Satellites used: 5
Speed: 9.6 m/s  (34.5 km/h)</description>
            <Point id="3380">
                <coordinates>35.19584288440595,32.10117373607397,629.7875223294569</coordinates>
                <altitudeMode>absolute</altitudeMode>
            </Point>
        </Placemark>
        <Placemark id="3383">
            <name>07:23:31</name>
            <description>UTC: 2026-03-22 07:23:31
Satellites used: 6
Speed: 12.6 m/s  (45.3 km/h)</description>
            <Point id="3382">
                <coordinates>35.19583374801112,32.1012654599304,665.5816909552653</coordinates>
                <altitudeMode>absolute</altitudeMode>
            </Point>
        </Placemark>
        <Placemark id="3385">
            <name>07:23:32</name>
            <description>UTC: 2026-03-22 07:23:32
Satellites used: 6
Speed: 13.4 m/s  (48.1 km/h)</description>
            <Point id="3384">
                <coordinates>35.1960857324498,32.101309515948174,633.4319143993064</coordinates>
                <altitudeMode>absolute</altitudeMode>
            </Point>
        </Placemark>
        <Placemark id="3387">
            <name>07:23:33</name>
            <description>UTC: 2026-03-22 07:23:33
Satellites used: 6
Speed: 7.6 m/s  (27.5 km/h)</description>
            <Point id="3386">
                <coordinates>35.19594934294041,32.10116728724389,656.0598265493982</coordinates>
                <altitudeMode>absolute</altitudeMode>
            </Point>
        </Placemark>
        <Placemark id="3389">
            <name>07:23:34</name>
            <description>UTC: 2026-03-22 07:23:34
Satellites used: 6
Speed: 12.7 m/s  (45.8 km/h)</description>
            <Point id="3388">
                <coordinates>35.196233978245296,32.10113319517532,645.7936136745378</coordinates>
                <altitudeMode>absolute</altitudeMode>
            </Point>
        </Placemark>
        <Placemark id="3391">
            <name>07:23:35</name>
            <description>UTC: 2026-03-22 07:23:35
Satellites used: 6
Speed: 12.2 m/s  (43.8 km/h)</description>
            <Point id="3390">
                <coordinates>35.19623122761371,32.10116731920633,671.5338317502899</coordinates>
                <altitudeMode>absolute</altitudeMode>
            </Point>
        </Placemark>
        <Placemark id="3393">
            <name>07:23:36</name>
            <description>UTC: 2026-03-22 07:23:36
Satellites used: 6
Speed: 15.4 m/s  (55.6 km/h)</description>
            <Point id="3392">
                <coordinates>35.196485912916586,32.101222675015926,640.2222310071053</coordinates>
                <altitudeMode>absolute</altitudeMode>
            </Point>
        </Placemark>
        <Placemark id="3395">
            <name>07:23:37</name>
            <description>UTC: 2026-03-22 07:23:37
Satellites used: 7
Speed: 16.4 m/s  (59.1 km/h)</description>
            <Point id="3394">
                <coordinates>35.19643207624914,32.1011690237896,687.9401106719935</coordinates>
                <altitudeMode>absolute</altitudeMode>
            </Point>
        </Placemark>
        <Placemark id="3397">
            <name>07:23:38</name>
            <description>UTC: 2026-03-22 07:23:38
Satellites used: 7
Speed: 15.0 m/s  (54.1 km/h)</description>
            <Point id="3396">
                <coordinates>35.196727507720865,32.101193182770515,669.541075018208</coordinates>
                <altitudeMode>absolute</altitudeMode>
            </Point>
        </Placemark>
        <Placemark id="3399">
            <name>07:23:39</name>
            <description>UTC: 2026-03-22 07:23:39
Satellites used: 6
Speed: 21.1 m/s  (76.1 km/h)</description>
            <Point id="3398">
                <coordinates>35.19697012729037,32.10112777343054,640.6093287325045</coordinates>
                <altitudeMode>absolute</altitudeMode>
            </Point>
        </Placemark>
        <Placemark id="3401">
            <name>07:23:40</name>
            <description>UTC: 2026-03-22 07:23:40
Satellites used: 6
Speed: 15.4 m/s  (55.6 km/h)</description>
            <Point id="3400">
                <coordinates>35.19708716366869,32.101206893151335,659.3595448449823</coordinates>
                <altitudeMode>absolute</altitudeMode>
            </Point>
        </Placemark>
        <Placemark id="3403">
            <name>07:23:41</name>
            <description>UTC: 2026-03-22 07:23:41
Satellites used: 7
Speed: 14.7 m/s  (52.8 km/h)</description>
            <Point id="3402">
                <coordinates>35.19720401302792,32.10118047267336,643.724020441626</coordinates>
                <altitudeMode>absolute</altitudeMode>
            </Point>
        </Placemark>
        <Placemark id="3405">
            <name>07:23:42</name>
            <description>UTC: 2026-03-22 07:23:42
Satellites used: 7
Speed: 14.6 m/s  (52.7 km/h)</description>
            <Point id="3404">
                <coordinates>35.19735812919569,32.10123235814534,661.4377589588854</coordinates>
                <altitudeMode>absolute</altitudeMode>
            </Point>
        </Placemark>
        <Placemark id="3407">
            <name>07:23:43</name>
            <description>UTC: 2026-03-22 07:23:43
Satellites used: 5
Speed: 20.3 m/s  (73.0 km/h)</description>
            <Point id="3406">
                <coordinates>35.197642868044895,32.10128190247359,641.5432420178661</coordinates>
                <altitudeMode>absolute</altitudeMode>
            </Point>
        </Placemark>
        <Placemark id="3409">
            <name>07:23:44</name>
            <description>UTC: 2026-03-22 07:23:44
Satellites used: 6
Speed: 16.3 m/s  (58.7 km/h)</description>
            <Point id="3408">
                <coordinates>35.197642892236146,32.101379945985165,674.1338703170106</coordinates>
                <altitudeMode>absolute</altitudeMode>
            </Point>
        </Placemark>
        <Placemark id="3411">
            <name>07:23:45</name>
            <description>UTC: 2026-03-22 07:23:45
Satellites used: 6
Speed: 28.7 m/s  (103.2 km/h)</description>
            <Point id="3410">
                <coordinates>35.19805243232292,32.101363240724446,615.5957510346157</coordinates>
                <altitudeMode>absolute</altitudeMode>
            </Point>
        </Placemark>
        <Placemark id="3413">
            <name>07:23:46</name>
            <description>UTC: 2026-03-22 07:23:46
Satellites used: 5
Speed: 21.2 m/s  (76.4 km/h)</description>
            <Point id="3412">
                <coordinates>35.19815892757149,32.10144650178688,615.1734266484477</coordinates>
                <altitudeMode>absolute</altitudeMode>
            </Point>
        </Placemark>
        <Placemark id="3415">
            <name>07:23:47</name>
            <description>UTC: 2026-03-22 07:23:47
Satellites used: 6
Speed: 16.3 m/s  (58.8 km/h)</description>
            <Point id="3414">
                <coordinates>35.19826462368085,32.10150530909194,643.1778286005601</coordinates>
                <altitudeMode>absolute</altitudeMode>
            </Point>
        </Placemark>
        <Placemark id="3417">
            <name>07:23:48</name>
            <description>UTC: 2026-03-22 07:23:48
Satellites used: 5
Speed: 17.7 m/s  (63.7 km/h)</description>
            <Point id="3416">
                <coordinates>35.19847274352527,32.10154859636517,643.658095863516</coordinates>
                <altitudeMode>absolute</altitudeMode>
            </Point>
        </Placemark>
        <Placemark id="3419">
            <name>07:23:49</name>
            <description>UTC: 2026-03-22 07:23:49
Satellites used: 6
Speed: 16.6 m/s  (59.7 km/h)</description>
            <Point id="3418">
                <coordinates>35.198606813040705,32.1016334807416,641.1775599166306</coordinates>
                <altitudeMode>absolute</altitudeMode>
            </Point>
        </Placemark>
        <Placemark id="3421">
            <name>07:23:50</name>
            <description>UTC: 2026-03-22 07:23:50
Satellites used: 6
Speed: 24.6 m/s  (88.6 km/h)</description>
            <Point id="3420">
                <coordinates>35.1989074738535,32.101734556394966,613.0309972538942</coordinates>
                <altitudeMode>absolute</altitudeMode>
            </Point>
        </Placemark>
        <Placemark id="3423">
            <name>07:23:51</name>
            <description>UTC: 2026-03-22 07:23:51
Satellites used: 6
Speed: 17.9 m/s  (64.3 km/h)</description>
            <Point id="3422">
                <coordinates>35.19894280451635,32.10170805859081,656.4707751733092</coordinates>
                <altitudeMode>absolute</altitudeMode>
            </Point>
        </Placemark>
        <Placemark id="3425">
            <name>07:23:52</name>
            <description>UTC: 2026-03-22 07:23:52
Satellites used: 5
Speed: 20.5 m/s  (73.7 km/h)</description>
            <Point id="3424">
                <coordinates>35.199172944510096,32.10189305375347,628.1193716518364</coordinates>
                <altitudeMode>absolute</altitudeMode>
            </Point>
        </Placemark>
        <Placemark id="3427">
            <name>07:23:53</name>
            <description>UTC: 2026-03-22 07:23:53
Satellites used: 5
Speed: 18.4 m/s  (66.2 km/h)</description>
            <Point id="3426">
                <coordinates>35.19934791308156,32.10182996292067,652.3651631418666</coordinates>
                <altitudeMode>absolute</altitudeMode>
            </Point>
        </Placemark>
        <Placemark id="3429">
            <name>07:23:54</name>
            <description>UTC: 2026-03-22 07:23:54
Satellites used: 6
Speed: 16.7 m/s  (60.3 km/h)</description>
            <Point id="3428">
                <coordinates>35.1994007420039,32.101956274000834,663.8922604739294</coordinates>
                <altitudeMode>absolute</altitudeMode>
            </Point>
        </Placemark>
        <Placemark id="3431">
            <name>07:24:24</name>
            <description>UTC: 2026-03-22 07:24:24
Satellites used: 7
Speed: 15.0 m/s  (54.2 km/h)</description>
            <Point id="3430">
                <coordinates>35.203692634753274,32.10297098421671,680.3776330689874</coordinates>
                <altitudeMode>absolute</altitudeMode>
            </Point>
        </Placemark>
        <Placemark id="3433">
            <name>07:24:25</name>
            <description>UTC: 2026-03-22 07:24:25
Satellites used: 7
Speed: 15.9 m/s  (57.3 km/h)</description>
            <Point id="3432">
                <coordinates>35.20382522417517,32.102932952066325,696.1445644738681</coordinates>
                <altitudeMode>absolute</altitudeMode>
            </Point>
        </Placemark>
        <Placemark id="3435">
            <name>07:24:26</name>
            <description>UTC: 2026-03-22 07:24:26
Satellites used: 7
Speed: 19.1 m/s  (68.7 km/h)</description>
            <Point id="3434">
                <coordinates>35.203927669197526,32.10298462676603,718.9976232296386</coordinates>
                <altitudeMode>absolute</altitudeMode>
            </Point>
        </Placemark>
        <Placemark id="3437">
            <name>07:24:27</name>
            <description>UTC: 2026-03-22 07:24:27
Satellites used: 7
Speed: 18.9 m/s  (67.9 km/h)</description>
            <Point id="3436">
                <coordinates>35.204184930117215,32.10290747062064,719.0242267013103</coordinates>
                <altitudeMode>absolute</altitudeMode>
            </Point>
        </Placemark>
        <Placemark id="3439">
            <name>07:24:28</name>
            <description>UTC: 2026-03-22 07:24:28
Satellites used: 7
Speed: 14.8 m/s  (53.2 km/h)</description>
            <Point id="3438">
                <coordinates>35.20429672375451,32.102976343558176,714.510656906336</coordinates>
                <altitudeMode>absolute</altitudeMode>
            </Point>
        </Placemark>
        <Placemark id="3441">
            <name>07:24:29</name>
            <description>UTC: 2026-03-22 07:24:29
Satellites used: 7
Speed: 20.2 m/s  (72.6 km/h)</description>
            <Point id="3440">
                <coordinates>35.20453498302915,32.10279414988264,727.7475473215836</coordinates>
                <altitudeMode>absolute</altitudeMode>
            </Point>
        </Placemark>
        <Placemark id="3443">
            <name>07:24:30</name>
            <description>UTC: 2026-03-22 07:24:30
Satellites used: 7
Speed: 20.1 m/s  (72.2 km/h)</description>
            <Point id="3442">
                <coordinates>35.20474515239052,32.10270707337338,718.1772839607452</coordinates>
                <altitudeMode>absolute</altitudeMode>
            </Point>
        </Placemark>
        <Placemark id="3445">
            <name>07:24:31</name>
            <description>UTC: 2026-03-22 07:24:31
Satellites used: 7
Speed: 20.1 m/s  (72.2 km/h)</description>
            <Point id="3444">
                <coordinates>35.204955263881814,32.10272046503446,729.6612072083472</coordinates>
                <altitudeMode>absolute</altitudeMode>
            </Point>
        </Placemark>
        <Placemark id="3447">
            <name>07:24:32</name>
            <description>UTC: 2026-03-22 07:24:32
Satellites used: 7
Speed: 17.5 m/s  (62.9 km/h)</description>
            <Point id="3446">
                <coordinates>35.20511458082826,32.1028008298485,724.5606123773853</coordinates>
                <altitudeMode>absolute</altitudeMode>
            </Point>
        </Placemark>
        <Placemark id="3449">
            <name>07:24:33</name>
            <description>UTC: 2026-03-22 07:24:33
Satellites used: 6
Speed: 13.4 m/s  (48.2 km/h)</description>
            <Point id="3448">
                <coordinates>35.205173304085605,32.1028085284454,712.6479368606532</coordinates>
                <altitudeMode>absolute</altitudeMode>
            </Point>
        </Placemark>
        <Placemark id="3451">
            <name>07:24:34</name>
            <description>UTC: 2026-03-22 07:24:34
Satellites used: 6
Speed: 13.7 m/s  (49.3 km/h)</description>
            <Point id="3450">
                <coordinates>35.205310534631984,32.102707917542205,726.5461380413292</coordinates>
                <altitudeMode>absolute</altitudeMode>
            </Point>
        </Placemark>
        <Placemark id="3453">
            <name>07:24:35</name>
            <description>UTC: 2026-03-22 07:24:35
Satellites used: 5
Speed: 23.2 m/s  (83.6 km/h)</description>
            <Point id="3452">
                <coordinates>35.20565693975784,32.1026090002975,742.0276596924027</coordinates>
                <altitudeMode>absolute</altitudeMode>
            </Point>
        </Placemark>
        <Placemark id="3455">
            <name>07:24:36</name>
            <description>UTC: 2026-03-22 07:24:36
Satellites used: 6
Speed: 22.0 m/s  (79.2 km/h)</description>
            <Point id="3454">
                <coordinates>35.20585670766124,32.102541066618365,715.2715243135256</coordinates>
                <altitudeMode>absolute</altitudeMode>
            </Point>
        </Placemark>
        <Placemark id="3457">
            <name>07:24:37</name>
            <description>UTC: 2026-03-22 07:24:37
Satellites used: 7
Speed: 23.9 m/s  (85.9 km/h)</description>
            <Point id="3456">
                <coordinates>35.20613009714356,32.10250788448962,708.4525961876227</coordinates>
                <altitudeMode>absolute</altitudeMode>
            </Point>
        </Placemark>
        <Placemark id="3459">
            <name>07:24:38</name>
            <description>UTC: 2026-03-22 07:24:38
Satellites used: 7
Speed: 16.1 m/s  (57.8 km/h)</description>
            <Point id="3458">
                <coordinates>35.20619622870323,32.102615448895726,722.7003624900615</coordinates>
                <altitudeMode>absolute</altitudeMode>
            </Point>
        </Placemark>
        <Placemark id="3461">
            <name>07:24:39</name>
            <description>UTC: 2026-03-22 07:24:39
Satellites used: 5
Speed: 20.1 m/s  (72.2 km/h)</description>
            <Point id="3460">
                <coordinates>35.20645005067209,32.10249142205137,729.4096541180801</coordinates>
                <altitudeMode>absolute</altitudeMode>
            </Point>
        </Placemark>
        <Placemark id="3463">
            <name>07:24:40</name>
            <description>UTC: 2026-03-22 07:24:40
Satellites used: 5
Speed: 19.3 m/s  (69.6 km/h)</description>
            <Point id="3462">
                <coordinates>35.20647041136712,32.10251011913274,760.7158665633209</coordinates>
                <altitudeMode>absolute</altitudeMode>
            </Point>
        </Placemark>
        <Placemark id="3465">
            <name>07:24:41</name>
            <description>UTC: 2026-03-22 07:24:41
Satellites used: 4
Speed: 17.9 m/s  (64.3 km/h)</description>
            <Point id="3464">
                <coordinates>35.20663066492587,32.10246510351605,766.8703588241192</coordinates>
                <altitudeMode>absolute</altitudeMode>
            </Point>
        </Placemark>
        <Placemark id="3467">
            <name>07:24:42</name>
            <description>UTC: 2026-03-22 07:24:42
Satellites used: 4
Speed: 33.3 m/s  (119.8 km/h)</description>
            <Point id="3466">
                <coordinates>35.20693404647598,32.10240073534839,683.4832540195608</coordinates>
                <altitudeMode>absolute</altitudeMode>
            </Point>
        </Placemark>
        <Placemark id="3469">
            <name>07:24:43</name>
            <description>UTC: 2026-03-22 07:24:43
Satellites used: 4
Speed: 50.7 m/s  (182.7 km/h)</description>
            <Point id="3468">
                <coordinates>35.20733383692241,32.102379761387766,615.9674789193746</coordinates>
                <altitudeMode>absolute</altitudeMode>
            </Point>
        </Placemark>
        <Placemark id="3471">
            <name>07:24:44</name>
            <description>UTC: 2026-03-22 07:24:44
Satellites used: 5
Speed: 13.3 m/s  (47.9 km/h)</description>
            <Point id="3470">
                <coordinates>35.207208054829835,32.102397581316055,697.4823516831839</coordinates>
                <altitudeMode>absolute</altitudeMode>
            </Point>
        </Placemark>
        <Placemark id="3473">
            <name>07:24:45</name>
            <description>UTC: 2026-03-22 07:24:45
Satellites used: 6
Speed: 10.7 m/s  (38.4 km/h)</description>
            <Point id="3472">
                <coordinates>35.207188125508324,32.10252912587728,705.3596373416473</coordinates>
                <altitudeMode>absolute</altitudeMode>
            </Point>
        </Placemark>
        <Placemark id="3475">
            <name>07:24:46</name>
            <description>UTC: 2026-03-22 07:24:46
Satellites used: 6
Speed: 12.6 m/s  (45.2 km/h)</description>
            <Point id="3474">
                <coordinates>35.207334561950724,32.10226866482083,695.166753918737</coordinates>
                <altitudeMode>absolute</altitudeMode>
            </Point>
        </Placemark>
        <Placemark id="3477">
            <name>07:24:47</name>
            <description>UTC: 2026-03-22 07:24:47
Satellites used: 7
Speed: 33.9 m/s  (121.9 km/h)</description>
            <Point id="3476">
                <coordinates>35.20752341829692,32.10211296535411,622.2057697193444</coordinates>
                <altitudeMode>absolute</altitudeMode>
            </Point>
        </Placemark>
        <Placemark id="3479">
            <name>07:24:48</name>
            <description>UTC: 2026-03-22 07:24:48
Satellites used: 6
Speed: 23.9 m/s  (86.0 km/h)</description>
            <Point id="3478">
                <coordinates>35.207559981482596,32.10225341260229,721.0073235354848</coordinates>
                <altitudeMode>absolute</altitudeMode>
            </Point>
        </Placemark>
        <Placemark id="3481">
            <name>07:24:49</name>
            <description>UTC: 2026-03-22 07:24:49
Satellites used: 7
Speed: 6.4 m/s  (23.0 km/h)</description>
            <Point id="3480">
                <coordinates>35.20757716558562,32.102315717590216,687.7951933454542</coordinates>
                <altitudeMode>absolute</altitudeMode>
            </Point>
        </Placemark>
        <Placemark id="3483">
            <name>07:24:50</name>
            <description>UTC: 2026-03-22 07:24:50
Satellites used: 7
Speed: 10.9 m/s  (39.2 km/h)</description>
            <Point id="3482">
                <coordinates>35.207597248786975,32.10230286165424,712.6784518842435</coordinates>
                <altitudeMode>absolute</altitudeMode>
            </Point>
        </Placemark>
        <Placemark id="3485">
            <name>07:24:51</name>
            <description>UTC: 2026-03-22 07:24:51
Satellites used: 7
Speed: 12.8 m/s  (46.2 km/h)</description>
            <Point id="3484">
                <coordinates>35.207663913314626,32.10217237577222,723.9352546617217</coordinates>
                <altitudeMode>absolute</altitudeMode>
            </Point>
        </Placemark>
        <Placemark id="3487">
            <name>07:24:52</name>
            <description>UTC: 2026-03-22 07:24:52
Satellites used: 5
Speed: 11.3 m/s  (40.6 km/h)</description>
            <Point id="3486">
                <coordinates>35.20787304343944,32.10219067815949,710.0845731026087</coordinates>
                <altitudeMode>absolute</altitudeMode>
            </Point>
        </Placemark>
        <Placemark id="3489">
            <name>07:24:53</name>
            <description>UTC: 2026-03-22 07:24:53
Satellites used: 6
Speed: 16.8 m/s  (60.5 km/h)</description>
            <Point id="3488">
                <coordinates>35.208046715392186,32.102180700946064,683.2288412431185</coordinates>
                <altitudeMode>absolute</altitudeMode>
            </Point>
        </Placemark>
        <Placemark id="3491">
            <name>07:24:54</name>
            <description>UTC: 2026-03-22 07:24:54
Satellites used: 7
Speed: 12.4 m/s  (44.5 km/h)</description>
            <Point id="3490">
                <coordinates>35.20809598915685,32.10207373992788,710.7194749024783</coordinates>
                <altitudeMode>absolute</altitudeMode>
            </Point>
        </Placemark>
        <Placemark id="3493">
            <name>07:24:55</name>
            <description>UTC: 2026-03-22 07:24:55
Satellites used: 6
Speed: 20.1 m/s  (72.4 km/h)</description>
            <Point id="3492">
                <coordinates>35.2083118659741,32.10206012333951,668.8707018732413</coordinates>
                <altitudeMode>absolute</altitudeMode>
            </Point>
        </Placemark>
        <Placemark id="3495">
            <name>07:24:56</name>
            <description>UTC: 2026-03-22 07:24:56
Satellites used: 7
Speed: 15.6 m/s  (56.3 km/h)</description>
            <Point id="3494">
                <coordinates>35.20844651565266,32.10203814684308,671.8364107425219</coordinates>
                <altitudeMode>absolute</altitudeMode>
            </Point>
        </Placemark>
        <Placemark id="3497">
            <name>07:24:57</name>
            <description>UTC: 2026-03-22 07:24:57
Satellites used: 8
Speed: 11.0 m/s  (39.7 km/h)</description>
            <Point id="3496">
                <coordinates>35.208340893238,32.10206345023881,708.0329760334307</coordinates>
                <altitudeMode>absolute</altitudeMode>
            </Point>
        </Placemark>
        <Placemark id="3499">
            <name>07:24:58</name>
            <description>UTC: 2026-03-22 07:24:58
Satellites used: 8
Speed: 12.0 m/s  (43.3 km/h)</description>
            <Point id="3498">
                <coordinates>35.20859340740939,32.10205324679777,692.7494997439097</coordinates>
                <altitudeMode>absolute</altitudeMode>
            </Point>
        </Placemark>
        <Placemark id="3501">
            <name>07:24:59</name>
            <description>UTC: 2026-03-22 07:24:59
Satellites used: 7
Speed: 15.1 m/s  (54.4 km/h)</description>
            <Point id="3500">
                <coordinates>35.20875288183337,32.101912511154595,699.0577896122228</coordinates>
                <altitudeMode>absolute</altitudeMode>
            </Point>
        </Placemark>
        <Placemark id="3503">
            <name>07:25:00</name>
            <description>UTC: 2026-03-22 07:25:00
Satellites used: 7
Speed: 13.5 m/s  (48.4 km/h)</description>
            <Point id="3502">
                <coordinates>35.208859215262336,32.101868855559914,691.950616568844</coordinates>
                <altitudeMode>absolute</altitudeMode>
            </Point>
        </Placemark>
        <Placemark id="3505">
            <name>07:25:01</name>
            <description>UTC: 2026-03-22 07:25:01
Satellites used: 6
Speed: 21.5 m/s  (77.5 km/h)</description>
            <Point id="3504">
                <coordinates>35.20912180621711,32.10178527882597,666.7461245482274</coordinates>
                <altitudeMode>absolute</altitudeMode>
            </Point>
        </Placemark>
        <Placemark id="3507">
            <name>07:25:02</name>
            <description>UTC: 2026-03-22 07:25:02
Satellites used: 7
Speed: 12.5 m/s  (45.0 km/h)</description>
            <Point id="3506">
                <coordinates>35.20908162459907,32.101692638960515,689.7944625220367</coordinates>
                <altitudeMode>absolute</altitudeMode>
            </Point>
        </Placemark>
        <Placemark id="3509">
            <name>07:25:03</name>
            <description>UTC: 2026-03-22 07:25:03
Satellites used: 7
Speed: 13.2 m/s  (47.4 km/h)</description>
            <Point id="3508">
                <coordinates>35.2091870280407,32.101632892569974,698.9474893215679</coordinates>
                <altitudeMode>absolute</altitudeMode>
            </Point>
        </Placemark>
        <Placemark id="3511">
            <name>07:25:04</name>
            <description>UTC: 2026-03-22 07:25:04
Satellites used: 7
Speed: 13.3 m/s  (47.9 km/h)</description>
            <Point id="3510">
                <coordinates>35.20925707182054,32.10155274839015,707.4038596413482</coordinates>
                <altitudeMode>absolute</altitudeMode>
            </Point>
        </Placemark>
        <Placemark id="3513">
            <name>07:25:05</name>
            <description>UTC: 2026-03-22 07:25:05
Satellites used: 7
Speed: 16.4 m/s  (58.9 km/h)</description>
            <Point id="3512">
                <coordinates>35.20934931459375,32.10134848503629,700.5742669323005</coordinates>
                <altitudeMode>absolute</altitudeMode>
            </Point>
        </Placemark>
        <Placemark id="3515">
            <name>07:25:06</name>
            <description>UTC: 2026-03-22 07:25:06
Satellites used: 6
Speed: 12.8 m/s  (46.2 km/h)</description>
            <Point id="3514">
                <coordinates>35.209449847851594,32.10132761197868,697.6224535011637</coordinates>
                <altitudeMode>absolute</altitudeMode>
            </Point>
        </Placemark>
        <Placemark id="3517">
            <name>07:25:07</name>
            <description>UTC: 2026-03-22 07:25:07
Satellites used: 6
Speed: 17.8 m/s  (63.9 km/h)</description>
            <Point id="3516">
                <coordinates>35.20956003279294,32.101190931823474,722.0120747698954</coordinates>
                <altitudeMode>absolute</altitudeMode>
            </Point>
        </Placemark>
        <Placemark id="3519">
            <name>07:25:08</name>
            <description>UTC: 2026-03-22 07:25:08
Satellites used: 7
Speed: 13.1 m/s  (47.3 km/h)</description>
            <Point id="3518">
                <coordinates>35.20961340090951,32.101115455804745,701.4866847106915</coordinates>
                <altitudeMode>absolute</altitudeMode>
            </Point>
        </Placemark>
        <Placemark id="3521">
            <name>07:25:09</name>
            <description>UTC: 2026-03-22 07:25:09
Satellites used: 7
Speed: 11.5 m/s  (41.6 km/h)</description>
            <Point id="3520">
                <coordinates>35.20972888990757,32.10109980956616,699.5439916501505</coordinates>
                <altitudeMode>absolute</altitudeMode>
            </Point>
        </Placemark>
        <Placemark id="3523">
            <name>07:25:10</name>
            <description>UTC: 2026-03-22 07:25:10
Satellites used: 7
Speed: 9.8 m/s  (35.4 km/h)</description>
            <Point id="3522">
                <coordinates>35.20971962144382,32.10103828663421,690.6776826639496</coordinates>
                <altitudeMode>absolute</altitudeMode>
            </Point>
        </Placemark>
        <Placemark id="3525">
            <name>07:25:11</name>
            <description>UTC: 2026-03-22 07:25:11
Satellites used: 8
Speed: 10.0 m/s  (36.1 km/h)</description>
            <Point id="3524">
                <coordinates>35.2097342049286,32.10100846552677,717.0880653516984</coordinates>
                <altitudeMode>absolute</altitudeMode>
            </Point>
        </Placemark>
        <Placemark id="3527">
            <name>07:25:12</name>
            <description>UTC: 2026-03-22 07:25:12
Satellites used: 7
Speed: 7.8 m/s  (28.0 km/h)</description>
            <Point id="3526">
                <coordinates>35.209756059295614,32.10095279281158,694.8735107429543</coordinates>
                <altitudeMode>absolute</altitudeMode>
            </Point>
        </Placemark>
        <Placemark id="3529">
            <name>07:25:13</name>
            <description>UTC: 2026-03-22 07:25:13
Satellites used: 7
Speed: 9.9 m/s  (35.5 km/h)</description>
            <Point id="3528">
                <coordinates>35.20989481985837,32.10088837770415,694.1039329538874</coordinates>
                <altitudeMode>absolute</altitudeMode>
            </Point>
        </Placemark>
        <Placemark id="3531">
            <name>07:25:14</name>
            <description>UTC: 2026-03-22 07:25:14
Satellites used: 7
Speed: 8.9 m/s  (32.0 km/h)</description>
            <Point id="3530">
                <coordinates>35.209968393908774,32.100940156243446,685.1950999846716</coordinates>
                <altitudeMode>absolute</altitudeMode>
            </Point>
        </Placemark>
        <Placemark id="3533">
            <name>07:25:15</name>
            <description>UTC: 2026-03-22 07:25:15
Satellites used: 8
Speed: 12.5 m/s  (45.1 km/h)</description>
            <Point id="3532">
                <coordinates>35.20985796853849,32.10096417510784,724.4849376400283</coordinates>
                <altitudeMode>absolute</altitudeMode>
            </Point>
        </Placemark>
        <Placemark id="3535">
            <name>07:25:16</name>
            <description>UTC: 2026-03-22 07:25:16
Satellites used: 7
Speed: 10.5 m/s  (37.9 km/h)</description>
            <Point id="3534">
                <coordinates>35.21009574160602,32.100980143448965,692.1198942792635</coordinates>
                <altitudeMode>absolute</altitudeMode>
            </Point>
        </Placemark>
        <Placemark id="3537">
            <name>07:25:17</name>
            <description>UTC: 2026-03-22 07:25:17
Satellites used: 7
Speed: 18.4 m/s  (66.3 km/h)</description>
            <Point id="3536">
                <coordinates>35.20988959908937,32.10098737389888,745.8599047502819</coordinates>
                <altitudeMode>absolute</altitudeMode>
            </Point>
        </Placemark>
        <Placemark id="3539">
            <name>07:25:18</name>
            <description>UTC: 2026-03-22 07:25:18
Satellites used: 8
Speed: 14.3 m/s  (51.4 km/h)</description>
            <Point id="3538">
                <coordinates>35.20995405554024,32.101152113632104,748.3101511657634</coordinates>
                <altitudeMode>absolute</altitudeMode>
            </Point>
        </Placemark>
        <Placemark id="3541">
            <name>07:25:19</name>
            <description>UTC: 2026-03-22 07:25:19
Satellites used: 8
Speed: 6.5 m/s  (23.6 km/h)</description>
            <Point id="3540">
                <coordinates>35.210014086859346,32.10108133499717,744.6304178997092</coordinates>
                <altitudeMode>absolute</altitudeMode>
            </Point>
        </Placemark>
        <Placemark id="3543">
            <name>07:25:20</name>
            <description>UTC: 2026-03-22 07:25:20
Satellites used: 8
Speed: 7.3 m/s  (26.3 km/h)</description>
            <Point id="3542">
                <coordinates>35.21013450527464,32.10112277077222,729.7915970676543</coordinates>
                <altitudeMode>absolute</altitudeMode>
            </Point>
        </Placemark>
        <Placemark id="3545">
            <name>07:25:21</name>
            <description>UTC: 2026-03-22 07:25:21
Satellites used: 9
Speed: 2.6 m/s  (9.4 km/h)</description>
            <Point id="3544">
                <coordinates>35.21006925271404,32.101046498366586,737.2584779018886</coordinates>
                <altitudeMode>absolute</altitudeMode>
            </Point>
        </Placemark>
        <Placemark id="3547">
            <name>07:25:22</name>
            <description>UTC: 2026-03-22 07:25:22
Satellites used: 9
Speed: 15.5 m/s  (55.7 km/h)</description>
            <Point id="3546">
                <coordinates>35.210206506860274,32.101225020851274,766.3603313229701</coordinates>
                <altitudeMode>absolute</altitudeMode>
            </Point>
        </Placemark>
        <Placemark id="3549">
            <name>07:25:23</name>
            <description>UTC: 2026-03-22 07:25:23
Satellites used: 9
Speed: 10.5 m/s  (37.7 km/h)</description>
            <Point id="3548">
                <coordinates>35.210249890562025,32.10129958549975,760.6357423836938</coordinates>
                <altitudeMode>absolute</altitudeMode>
            </Point>
        </Placemark>
        <Placemark id="3551">
            <name>07:25:24</name>
            <description>UTC: 2026-03-22 07:25:24
Satellites used: 9
Speed: 12.8 m/s  (46.1 km/h)</description>
            <Point id="3550">
                <coordinates>35.2103845507765,32.10142031717167,752.6642999513076</coordinates>
                <altitudeMode>absolute</altitudeMode>
            </Point>
        </Placemark>
        <Placemark id="3553">
            <name>07:25:25</name>
            <description>UTC: 2026-03-22 07:25:25
Satellites used: 9
Speed: 15.3 m/s  (55.2 km/h)</description>
            <Point id="3552">
                <coordinates>35.21047368837869,32.10139990684848,723.0349425642469</coordinates>
                <altitudeMode>absolute</altitudeMode>
            </Point>
        </Placemark>
        <Placemark id="3555">
            <name>07:25:26</name>
            <description>UTC: 2026-03-22 07:25:26
Satellites used: 8
Speed: 18.7 m/s  (67.2 km/h)</description>
            <Point id="3554">
                <coordinates>35.21040224051523,32.10153800348428,781.1961511514304</coordinates>
                <altitudeMode>absolute</altitudeMode>
            </Point>
        </Placemark>
        <Placemark id="3557">
            <name>07:25:27</name>
            <description>UTC: 2026-03-22 07:25:27
Satellites used: 7
Speed: 15.9 m/s  (57.1 km/h)</description>
            <Point id="3556">
                <coordinates>35.21045204196937,32.10172752361416,774.4231819057803</coordinates>
                <altitudeMode>absolute</altitudeMode>
            </Point>
        </Placemark>
        <Placemark id="3559">
            <name>07:25:28</name>
            <description>UTC: 2026-03-22 07:25:28
Satellites used: 7
Speed: 12.0 m/s  (43.3 km/h)</description>
            <Point id="3558">
                <coordinates>35.21046214618932,32.101800947446534,769.5824439840619</coordinates>
                <altitudeMode>absolute</altitudeMode>
            </Point>
        </Placemark>
        <Placemark id="3561">
            <name>07:25:29</name>
            <description>UTC: 2026-03-22 07:25:29
Satellites used: 8
Speed: 14.7 m/s  (52.8 km/h)</description>
            <Point id="3560">
                <coordinates>35.210505077346795,32.1019439877933,779.8032696903281</coordinates>
                <altitudeMode>absolute</altitudeMode>
            </Point>
        </Placemark>
        <Placemark id="3563">
            <name>07:25:30</name>
            <description>UTC: 2026-03-22 07:25:30
Satellites used: 9
Speed: 10.1 m/s  (36.3 km/h)</description>
            <Point id="3562">
                <coordinates>35.21060978256212,32.10192352853605,760.930202264364</coordinates>
                <altitudeMode>absolute</altitudeMode>
            </Point>
        </Placemark>
        <Placemark id="3565">
            <name>07:25:31</name>
            <description>UTC: 2026-03-22 07:25:31
Satellites used: 9
Speed: 13.9 m/s  (49.9 km/h)</description>
            <Point id="3564">
                <coordinates>35.2106701483829,32.101944101820585,738.5708872477719</coordinates>
                <altitudeMode>absolute</altitudeMode>
            </Point>
        </Placemark>
        <Placemark id="3567">
            <name>07:25:32</name>
            <description>UTC: 2026-03-22 07:25:32
Satellites used: 9
Speed: 11.2 m/s  (40.1 km/h)</description>
            <Point id="3566">
                <coordinates>35.210668920718945,32.10211125952652,751.9834009133002</coordinates>
                <altitudeMode>absolute</altitudeMode>
            </Point>
        </Placemark>
        <Placemark id="3569">
            <name>07:25:33</name>
            <description>UTC: 2026-03-22 07:25:33
Satellites used: 8
Speed: 16.5 m/s  (59.3 km/h)</description>
            <Point id="3568">
                <coordinates>35.21082629075851,32.10213863031165,785.0127534119562</coordinates>
                <altitudeMode>absolute</altitudeMode>
            </Point>
        </Placemark>
        <Placemark id="3571">
            <name>07:25:34</name>
            <description>UTC: 2026-03-22 07:25:34
Satellites used: 8
Speed: 11.7 m/s  (42.2 km/h)</description>
            <Point id="3570">
                <coordinates>35.210967986264336,32.10216089919595,771.9016602202997</coordinates>
                <altitudeMode>absolute</altitudeMode>
            </Point>
        </Placemark>
        <Placemark id="3573">
            <name>07:25:35</name>
            <description>UTC: 2026-03-22 07:25:35
Satellites used: 7
Speed: 14.4 m/s  (51.7 km/h)</description>
            <Point id="3572">
                <coordinates>35.21076797000475,32.10237103351035,751.9541974167938</coordinates>
                <altitudeMode>absolute</altitudeMode>
            </Point>
        </Placemark>
        <Placemark id="3575">
            <name>07:25:36</name>
            <description>UTC: 2026-03-22 07:25:36
Satellites used: 8
Speed: 15.5 m/s  (56.0 km/h)</description>
            <Point id="3574">
                <coordinates>35.211011741149065,32.10244833479888,779.9295996783392</coordinates>
                <altitudeMode>absolute</altitudeMode>
            </Point>
        </Placemark>
        <Placemark id="3577">
            <name>07:25:37</name>
            <description>UTC: 2026-03-22 07:25:37
Satellites used: 9
Speed: 14.0 m/s  (50.4 km/h)</description>
            <Point id="3576">
                <coordinates>35.210881206085396,32.10261251794852,773.7712978348147</coordinates>
                <altitudeMode>absolute</altitudeMode>
            </Point>
        </Placemark>
        <Placemark id="3579">
            <name>07:25:38</name>
            <description>UTC: 2026-03-22 07:25:38
Satellites used: 8
Speed: 13.9 m/s  (49.9 km/h)</description>
            <Point id="3578">
                <coordinates>35.21087534848454,32.10273704070169,770.0813797233257</coordinates>
                <altitudeMode>absolute</altitudeMode>
            </Point>
        </Placemark>
        <Placemark id="3581">
            <name>07:25:39</name>
            <description>UTC: 2026-03-22 07:25:39
Satellites used: 7
Speed: 19.0 m/s  (68.5 km/h)</description>
            <Point id="3580">
                <coordinates>35.21102394791927,32.10261360405473,725.6810337012229</coordinates>
                <altitudeMode>absolute</altitudeMode>
            </Point>
        </Placemark>
        <Placemark id="3583">
            <name>07:25:40</name>
            <description>UTC: 2026-03-22 07:25:40
Satellites used: 7
Speed: 14.2 m/s  (51.2 km/h)</description>
            <Point id="3582">
                <coordinates>35.211113711239,32.10270367072468,724.6732269662904</coordinates>
                <altitudeMode>absolute</altitudeMode>
            </Point>
        </Placemark>
        <Placemark id="3585">
            <name>07:25:41</name>
            <description>UTC: 2026-03-22 07:25:41
Satellites used: 8
Speed: 13.3 m/s  (47.8 km/h)</description>
            <Point id="3584">
                <coordinates>35.21115289743287,32.10272171990264,713.1134763197038</coordinates>
                <altitudeMode>absolute</altitudeMode>
            </Point>
        </Placemark>
        <Placemark id="3587">
            <name>07:25:42</name>
            <description>UTC: 2026-03-22 07:25:42
Satellites used: 8
Speed: 9.8 m/s  (35.3 km/h)</description>
            <Point id="3586">
                <coordinates>35.2112267006167,32.102826801011695,723.217751404248</coordinates>
                <altitudeMode>absolute</altitudeMode>
            </Point>
        </Placemark>
        <Placemark id="3589">
            <name>07:25:43</name>
            <description>UTC: 2026-03-22 07:25:43
Satellites used: 8
Speed: 14.3 m/s  (51.6 km/h)</description>
            <Point id="3588">
                <coordinates>35.211306351862795,32.102958819261694,746.3373360494741</coordinates>
                <altitudeMode>absolute</altitudeMode>
            </Point>
        </Placemark>
        <Placemark id="3591">
            <name>07:25:44</name>
            <description>UTC: 2026-03-22 07:25:44
Satellites used: 8
Speed: 14.1 m/s  (50.7 km/h)</description>
            <Point id="3590">
                <coordinates>35.21146771724105,32.10301255191348,747.4198052085861</coordinates>
                <altitudeMode>absolute</altitudeMode>
            </Point>
        </Placemark>
        <Placemark id="3593">
            <name>07:25:45</name>
            <description>UTC: 2026-03-22 07:25:45
Satellites used: 9
Speed: 22.3 m/s  (80.3 km/h)</description>
            <Point id="3592">
                <coordinates>35.21142501266219,32.103268004725656,775.9524095023588</coordinates>
                <altitudeMode>absolute</altitudeMode>
            </Point>
        </Placemark>
        <Placemark id="3595">
            <name>07:25:46</name>
            <description>UTC: 2026-03-22 07:25:46
Satellites used: 7
Speed: 17.7 m/s  (63.6 km/h)</description>
            <Point id="3594">
                <coordinates>35.21153592074081,32.10333682325796,779.1871578722554</coordinates>
                <altitudeMode>absolute</altitudeMode>
            </Point>
        </Placemark>
        <Placemark id="3597">
            <name>07:25:47</name>
            <description>UTC: 2026-03-22 07:25:47
Satellites used: 7
Speed: 14.1 m/s  (50.7 km/h)</description>
            <Point id="3596">
                <coordinates>35.21177282308038,32.103197614817965,776.8617111025346</coordinates>
                <altitudeMode>absolute</altitudeMode>
            </Point>
        </Placemark>
        <Placemark id="3599">
            <name>07:25:48</name>
            <description>UTC: 2026-03-22 07:25:48
Satellites used: 7
Speed: 14.0 m/s  (50.4 km/h)</description>
            <Point id="3598">
                <coordinates>35.21189884760811,32.103301656472226,775.5731892145808</coordinates>
                <altitudeMode>absolute</altitudeMode>
            </Point>
        </Placemark>
        <Placemark id="3601">
            <name>07:25:49</name>
            <description>UTC: 2026-03-22 07:25:49
Satellites used: 9
Speed: 11.1 m/s  (40.1 km/h)</description>
            <Point id="3600">
                <coordinates>35.21192322510196,32.103389461884355,772.9508192745704</coordinates>
                <altitudeMode>absolute</altitudeMode>
            </Point>
        </Placemark>
        <Placemark id="3603">
            <name>07:25:50</name>
            <description>UTC: 2026-03-22 07:25:50
Satellites used: 9
Speed: 13.6 m/s  (49.1 km/h)</description>
            <Point id="3602">
                <coordinates>35.211925424236085,32.10356687491002,764.3764587533037</coordinates>
                <altitudeMode>absolute</altitudeMode>
            </Point>
        </Placemark>
        <Placemark id="3605">
            <name>07:25:51</name>
            <description>UTC: 2026-03-22 07:25:51
Satellites used: 8
Speed: 12.3 m/s  (44.1 km/h)</description>
            <Point id="3604">
                <coordinates>35.212109044453385,32.10355862891543,766.6228801650172</coordinates>
                <altitudeMode>absolute</altitudeMode>
            </Point>
        </Placemark>
        <Placemark id="3607">
            <name>07:25:52</name>
            <description>UTC: 2026-03-22 07:25:52
Satellites used: 7
Speed: 24.9 m/s  (89.6 km/h)</description>
            <Point id="3606">
                <coordinates>35.21224881892078,32.103566564,713.8648007339293</coordinates>
                <altitudeMode>absolute</altitudeMode>
            </Point>
        </Placemark>
        <Placemark id="3609">
            <name>07:25:53</name>
            <description>UTC: 2026-03-22 07:25:53
Satellites used: 7
Speed: 16.0 m/s  (57.5 km/h)</description>
            <Point id="3608">
                <coordinates>35.212240830379116,32.103625854644314,712.4569413757907</coordinates>
                <altitudeMode>absolute</altitudeMode>
            </Point>
        </Placemark>
        <Placemark id="3611">
            <name>07:25:54</name>
            <description>UTC: 2026-03-22 07:25:54
Satellites used: 7
Speed: 15.4 m/s  (55.5 km/h)</description>
            <Point id="3610">
                <coordinates>35.21244635437495,32.10360187912243,708.1842501836338</coordinates>
                <altitudeMode>absolute</altitudeMode>
            </Point>
        </Placemark>
        <Placemark id="3613">
            <name>07:25:55</name>
            <description>UTC: 2026-03-22 07:25:55
Satellites used: 7
Speed: 10.2 m/s  (36.8 km/h)</description>
            <Point id="3612">
                <coordinates>35.21246636758345,32.103723031255846,721.8222138323773</coordinates>
                <altitudeMode>absolute</altitudeMode>
            </Point>
        </Placemark>
        <Placemark id="3615">
            <name>07:25:56</name>
            <description>UTC: 2026-03-22 07:25:56
Satellites used: 7
Speed: 10.8 m/s  (38.7 km/h)</description>
            <Point id="3614">
                <coordinates>35.21256797869555,32.10378219628014,722.5672713000343</coordinates>
                <altitudeMode>absolute</altitudeMode>
            </Point>
        </Placemark>
        <Placemark id="3617">
            <name>07:25:57</name>
            <description>UTC: 2026-03-22 07:25:57
Satellites used: 7
Speed: 15.8 m/s  (56.7 km/h)</description>
            <Point id="3616">
                <coordinates>35.21271320138535,32.10389973869786,704.4976111181609</coordinates>
                <altitudeMode>absolute</altitudeMode>
            </Point>
        </Placemark>
        <Placemark id="3619">
            <name>07:25:58</name>
            <description>UTC: 2026-03-22 07:25:58
Satellites used: 6
Speed: 10.4 m/s  (37.3 km/h)</description>
            <Point id="3618">
                <coordinates>35.212728936220245,32.10394406691105,710.8992437556067</coordinates>
                <altitudeMode>absolute</altitudeMode>
            </Point>
        </Placemark>
        <Placemark id="3621">
            <name>07:25:59</name>
            <description>UTC: 2026-03-22 07:25:59
Satellites used: 8
Speed: 19.3 m/s  (69.4 km/h)</description>
            <Point id="3620">
                <coordinates>35.212936908442416,32.104041194134496,682.9271988830901</coordinates>
                <altitudeMode>absolute</altitudeMode>
            </Point>
        </Placemark>
        <Placemark id="3623">
            <name>07:26:00</name>
            <description>UTC: 2026-03-22 07:26:00
Satellites used: 6
Speed: 17.9 m/s  (64.3 km/h)</description>
            <Point id="3622">
                <coordinates>35.21277676474154,32.104222122101845,730.9134731263293</coordinates>
                <altitudeMode>absolute</altitudeMode>
            </Point>
        </Placemark>
        <Placemark id="3625">
            <name>07:26:01</name>
            <description>UTC: 2026-03-22 07:26:01
Satellites used: 6
Speed: 33.8 m/s  (121.6 km/h)</description>
            <Point id="3624">
                <coordinates>35.213260033155,32.10443430665915,767.8432131742636</coordinates>
                <altitudeMode>absolute</altitudeMode>
            </Point>
        </Placemark>
        <Placemark id="3627">
            <name>07:26:02</name>
            <description>UTC: 2026-03-22 07:26:02
Satellites used: 5
Speed: 5.3 m/s  (19.2 km/h)</description>
            <Point id="3626">
                <coordinates>35.2129427071473,32.10427114950213,745.5817999010013</coordinates>
                <altitudeMode>absolute</altitudeMode>
            </Point>
        </Placemark>
        <Placemark id="3629">
            <name>07:26:03</name>
            <description>UTC: 2026-03-22 07:26:03
Satellites used: 6
Speed: 15.0 m/s  (54.1 km/h)</description>
            <Point id="3628">
                <coordinates>35.21309116694565,32.10427653249181,774.0785577962761</coordinates>
                <altitudeMode>absolute</altitudeMode>
            </Point>
        </Placemark>
        <Placemark id="3631">
            <name>07:26:04</name>
            <description>UTC: 2026-03-22 07:26:04
Satellites used: 6
Speed: 15.4 m/s  (55.4 km/h)</description>
            <Point id="3630">
                <coordinates>35.21312644774198,32.10434235705886,788.4482218150267</coordinates>
                <altitudeMode>absolute</altitudeMode>
            </Point>
        </Placemark>
        <Placemark id="3633">
            <name>07:26:05</name>
            <description>UTC: 2026-03-22 07:26:05
Satellites used: 5
Speed: 27.4 m/s  (98.6 km/h)</description>
            <Point id="3632">
                <coordinates>35.21370388538085,32.10447566117284,789.553216653137</coordinates>
                <altitudeMode>absolute</altitudeMode>
            </Point>
        </Placemark>
        <Placemark id="3635">
            <name>07:26:06</name>
            <description>UTC: 2026-03-22 07:26:06
Satellites used: 6
Speed: 24.6 m/s  (88.7 km/h)</description>
            <Point id="3634">
                <coordinates>35.213877975596866,32.104630877479444,784.7527953755249</coordinates>
                <altitudeMode>absolute</altitudeMode>
            </Point>
        </Placemark>
        <Placemark id="3637">
            <name>07:26:07</name>
            <description>UTC: 2026-03-22 07:26:07
Satellites used: 4
Speed: 18.1 m/s  (65.3 km/h)</description>
            <Point id="3636">
                <coordinates>35.21394265699328,32.104687270489194,784.8960218266046</coordinates>
                <altitudeMode>absolute</altitudeMode>
            </Point>
        </Placemark>
        <Placemark id="3639">
            <name>07:26:08</name>
            <description>UTC: 2026-03-22 07:26:08
Satellites used: 4
Speed: 4.5 m/s  (16.1 km/h)</description>
            <Point id="3638">
                <coordinates>35.2136777542758,32.10464579680813,786.3524389752273</coordinates>
                <altitudeMode>absolute</altitudeMode>
            </Point>
        </Placemark>
        <Placemark id="3641">
            <name>07:26:10</name>
            <description>UTC: 2026-03-22 07:26:10
Satellites used: 4
Speed: 8.0 m/s  (28.7 km/h)</description>
            <Point id="3640">
                <coordinates>35.21329060278817,32.10448874286587,775.7978116365596</coordinates>
                <altitudeMode>absolute</altitudeMode>
            </Point>
        </Placemark>
        <Placemark id="3643">
            <name>07:26:11</name>
            <description>UTC: 2026-03-22 07:26:11
Satellites used: 5
Speed: 11.9 m/s  (42.8 km/h)</description>
            <Point id="3642">
                <coordinates>35.21356676640872,32.104714590679684,788.8045742534774</coordinates>
                <altitudeMode>absolute</altitudeMode>
            </Point>
        </Placemark>
        <Placemark id="3645">
            <name>07:26:26</name>
            <description>UTC: 2026-03-22 07:26:26
Satellites used: 7
Speed: 7.8 m/s  (28.2 km/h)</description>
            <Point id="3644">
                <coordinates>35.211805671496165,32.10507814035926,834.4315642259556</coordinates>
                <altitudeMode>absolute</altitudeMode>
            </Point>
        </Placemark>
        <Placemark id="3647">
            <name>07:26:27</name>
            <description>UTC: 2026-03-22 07:26:27
Satellites used: 6
Speed: 45.0 m/s  (161.9 km/h)</description>
            <Point id="3646">
                <coordinates>35.21202066076562,32.104880855971565,718.2388391297343</coordinates>
                <altitudeMode>absolute</altitudeMode>
            </Point>
        </Placemark>
        <Placemark id="3649">
            <name>07:26:35</name>
            <description>UTC: 2026-03-22 07:26:35
Satellites used: 7
Speed: 0.0 m/s  (0.0 km/h)</description>
            <Point id="3648">
                <coordinates>35.21183388134638,32.10517337541626,714.4084313392416</coordinates>
                <altitudeMode>absolute</altitudeMode>
            </Point>
        </Placemark>
        <Placemark id="3651">
            <name>07:26:36</name>
            <description>UTC: 2026-03-22 07:26:36
Satellites used: 6
Speed: 5.6 m/s  (20.0 km/h)</description>
            <Point id="3650">
                <coordinates>35.21184673800663,32.1050797414197,705.2146441101713</coordinates>
                <altitudeMode>absolute</altitudeMode>
            </Point>
        </Placemark>
        <Placemark id="3653">
            <name>07:26:37</name>
            <description>UTC: 2026-03-22 07:26:37
Satellites used: 6
Speed: 3.5 m/s  (12.5 km/h)</description>
            <Point id="3652">
                <coordinates>35.21183996393341,32.10510195926011,718.5200251685383</coordinates>
                <altitudeMode>absolute</altitudeMode>
            </Point>
        </Placemark>
        <Placemark id="3655">
            <name>07:26:38</name>
            <description>UTC: 2026-03-22 07:26:38
Satellites used: 6
Speed: 6.5 m/s  (23.3 km/h)</description>
            <Point id="3654">
                <coordinates>35.211919761643436,32.10501995250745,722.5442779409294</coordinates>
                <altitudeMode>absolute</altitudeMode>
            </Point>
        </Placemark>
        <Placemark id="3657">
            <name>07:26:40</name>
            <description>UTC: 2026-03-22 07:26:40
Satellites used: 6
Speed: 5.2 m/s  (18.6 km/h)</description>
            <Point id="3656">
                <coordinates>35.211787323398866,32.104929047471074,702.3090235370456</coordinates>
                <altitudeMode>absolute</altitudeMode>
            </Point>
        </Placemark>
        <Placemark id="3659">
            <name>07:26:41</name>
            <description>UTC: 2026-03-22 07:26:41
Satellites used: 6
Speed: 8.1 m/s  (29.2 km/h)</description>
            <Point id="3658">
                <coordinates>35.21176241454314,32.10493448715287,724.1278344926047</coordinates>
                <altitudeMode>absolute</altitudeMode>
            </Point>
        </Placemark>
        <Placemark id="3661">
            <name>07:26:42</name>
            <description>UTC: 2026-03-22 07:26:42
Satellites used: 5
Speed: 5.4 m/s  (19.3 km/h)</description>
            <Point id="3660">
                <coordinates>35.2117065008446,32.104874167286674,716.572932044088</coordinates>
                <altitudeMode>absolute</altitudeMode>
            </Point>
        </Placemark>
        <Placemark id="3663">
            <name>07:26:43</name>
            <description>UTC: 2026-03-22 07:26:43
Satellites used: 5
Speed: 12.3 m/s  (44.4 km/h)</description>
            <Point id="3662">
                <coordinates>35.21161313879358,32.10483392862021,739.9896389587003</coordinates>
                <altitudeMode>absolute</altitudeMode>
            </Point>
        </Placemark>
        <Placemark id="3665">
            <name>07:26:44</name>
            <description>UTC: 2026-03-22 07:26:44
Satellites used: 5
Speed: 7.2 m/s  (25.9 km/h)</description>
            <Point id="3664">
                <coordinates>35.21163206082304,32.1048171921254,709.8590001093506</coordinates>
                <altitudeMode>absolute</altitudeMode>
            </Point>
        </Placemark>
        <Placemark id="3667">
            <name>07:26:45</name>
            <description>UTC: 2026-03-22 07:26:45
Satellites used: 5
Speed: 9.2 m/s  (33.3 km/h)</description>
            <Point id="3666">
                <coordinates>35.21154678890601,32.104800290314024,700.0060293812408</coordinates>
                <altitudeMode>absolute</altitudeMode>
            </Point>
        </Placemark>
        <Placemark id="3669">
            <name>07:26:46</name>
            <description>UTC: 2026-03-22 07:26:46
Satellites used: 5
Speed: 7.8 m/s  (28.1 km/h)</description>
            <Point id="3668">
                <coordinates>35.211747434034955,32.10472228611866,719.9566386150766</coordinates>
                <altitudeMode>absolute</altitudeMode>
            </Point>
        </Placemark>
        <Placemark id="3671">
            <name>07:26:47</name>
            <description>UTC: 2026-03-22 07:26:47
Satellites used: 5
Speed: 3.9 m/s  (14.1 km/h)</description>
            <Point id="3670">
                <coordinates>35.21166443101176,32.10471144627602,718.8224022555444</coordinates>
                <altitudeMode>absolute</altitudeMode>
            </Point>
        </Placemark>
        <Placemark id="3673">
            <name>07:26:48</name>
            <description>UTC: 2026-03-22 07:26:48
Satellites used: 5
Speed: 6.6 m/s  (23.8 km/h)</description>
            <Point id="3672">
                <coordinates>35.21156783163444,32.10472189067654,729.1582205308723</coordinates>
                <altitudeMode>absolute</altitudeMode>
            </Point>
        </Placemark>
        <Placemark id="3675">
            <name>07:26:50</name>
            <description>UTC: 2026-03-22 07:26:50
Satellites used: 5
Speed: 0.0 m/s  (0.0 km/h)</description>
            <Point id="3674">
                <coordinates>35.21150005054571,32.104659133142306,693.7114391298992</coordinates>
                <altitudeMode>absolute</altitudeMode>
            </Point>
        </Placemark>
        <Placemark id="3677">
            <name>07:26:57</name>
            <description>UTC: 2026-03-22 07:26:57
Satellites used: 5
Speed: 0.0 m/s  (0.0 km/h)</description>
            <Point id="3676">
                <coordinates>35.2115353615267,32.10422067969965,741.4717841777533</coordinates>
                <altitudeMode>absolute</altitudeMode>
            </Point>
        </Placemark>
        <Placemark id="3679">
            <name>07:27:05</name>
            <description>UTC: 2026-03-22 07:27:05
Satellites used: 5
Speed: 0.0 m/s  (0.0 km/h)</description>
            <Point id="3678">
                <coordinates>35.21071511332849,32.10394971860888,728.4265052622708</coordinates>
                <altitudeMode>absolute</altitudeMode>
            </Point>
        </Placemark>
        <Placemark id="3681">
            <name>07:27:24</name>
            <description>UTC: 2026-03-22 07:27:24
Satellites used: 5
Speed: 0.0 m/s  (0.0 km/h)</description>
            <Point id="3680">
                <coordinates>35.20977601061912,32.10283508588911,692.1544732077951</coordinates>
                <altitudeMode>absolute</altitudeMode>
            </Point>
        </Placemark>
        <Placemark id="3683">
            <name>07:27:26</name>
            <description>UTC: 2026-03-22 07:27:26
Satellites used: 5
Speed: 2.9 m/s  (10.5 km/h)</description>
            <Point id="3682">
                <coordinates>35.209674186972215,32.102742586495125,695.885865959539</coordinates>
                <altitudeMode>absolute</altitudeMode>
            </Point>
        </Placemark>
        <Placemark id="3685">
            <name>Offline GNSS Path</name>
            <styleUrl>#3686</styleUrl>
            <LineString id="3684">
                <extrude>0</extrude>
                <altitudeMode>absolute</altitudeMode>
                <coordinates>34.81181177072316,32.168352854230804,1466.706300833033 34.8129118165834,32.165207349766696,980.522825912232 34.81328143812452,32.16880989877176,59.07663952319261 34.81329341038266,32.16880158682008,53.76271933782914 34.8131482360758,32.16886511586227,65.88479866917687 34.81327498235905,32.16878706539762,60.51116844394625 34.813350520203585,32.16882780783569,58.713549685042324 34.81316581278325,32.168858334309164,66.46652404531973 34.81325664315192,32.16879130662163,53.125799152838496 34.8133094515707,32.16891650831433,41.11654122186851 34.81334333026141,32.16884475296696,46.7406685729199 34.81331838930559,32.16884655740987,61.67662921211899 34.81332387521614,32.168857476158045,34.877435543316764 34.81332496721248,32.16877970886406,74.35141999840243 34.81330781518535,32.16882862977845,48.351995367429836 34.813295589974835,32.16882351674276,54.49026682796495 34.813304070633485,32.16884911098042,49.36864725253379 34.813280912191175,32.16885266985771,48.42723654060942 34.813341368314674,32.1688489144225,71.51810574014324 34.81319399434179,32.1687892660664,33.104323528546566 34.81331003987961,32.16873675748882,68.8410175872897 34.81328060551027,32.16873721479903,57.40909815837087 34.813487394620076,32.16876425544783,80.83752166271574 34.81327160297985,32.16878186273627,45.4220043075846 34.81339254176733,32.168736472893094,93.48036089225387 34.81332118277762,32.16879376480631,69.50695918610859 34.81330599521513,32.16877372521814,56.48441485964501 34.81326933303471,32.16882361218361,65.98801294801564 34.81326033906962,32.16872751092344,72.50507140480029 34.813380120508306,32.168680455820166,48.78223339758927 34.813296791580825,32.168750845503666,53.898503887646896 34.81320176717769,32.168794772036726,37.34860183539945 34.81329020250628,32.16873189076078,58.39835466207583 34.81342406808833,32.16884535517659,103.18819333299201 34.81341864532105,32.16888821078322,60.95197174205963 34.8133839969985,32.16877974764561,50.0582951864016 34.81326232463496,32.16877710803796,66.11803869313398 34.81318584928294,32.16882502854987,45.23170818979491 34.813330164583,32.168616161409275,46.4520605658148 34.81325545042432,32.168741045670735,65.34295484690387 34.813280009456825,32.16873624771549,45.48683582204766 34.81319724008948,32.16872207416436,48.3118376646845 34.81320207757821,32.16878755820726,54.10091042883299 34.81320219335499,32.168849093177585,29.61338282807339 34.81314862834745,32.16873424632855,61.7519543576738 34.81312618937678,32.168708153327174,42.542356316967336 34.81308298879278,32.16873808207227,52.97661787393522 34.81298038595868,32.168777270987874,36.87383272153142 34.813009638009895,32.16881537724497,58.401650926020096 34.812920690292316,32.1687497929182,60.777893397104286 34.812843095004226,32.16876922841258,63.25113921962554 34.81280255684432,32.16879154140097,52.796999935922656 34.812862467513625,32.16880396832775,29.66409899763072 34.81276316555356,32.16878341307126,52.366600025149495 34.81274555815902,32.16878053633992,60.93017214971056 34.81267435788858,32.16881926404987,58.115653631935864 34.81259535669471,32.16880991667853,40.41174230987635 34.812562897172434,32.16876467575754,56.86364218230374 34.81250310775083,32.16878705079047,38.26105120972809 34.812314883730835,32.168848172596526,77.245756712107 34.812291575460584,32.16887736928368,52.8326958242673 34.812370797720234,32.16870837598555,36.317048065795674 34.81219845937861,32.16878588891877,45.43291568583977 34.81217572773672,32.168654201829476,15.980682436459928 34.81196039756576,32.16878268188882,82.88376673587503 34.81205456734583,32.16878942722421,52.38874660623036 34.81200203234908,32.16880402325261,57.159177180388546 34.81193309459518,32.168797994453854,47.32108919528081 34.811866632049075,32.16880615063036,47.201675339729405 34.8118122064161,32.16882546213882,41.15337879757495 34.81176365051911,32.16880310481975,42.88798438698174 34.81171142770356,32.1687888024138,38.589090734126906 34.81165019508949,32.16873953633,52.18415064093271 34.81154359019275,32.168702182642036,55.37498702687658 34.811526555479986,32.16865807470715,59.82908264866919 34.8113804353375,32.16869043600512,84.56840680591732 34.81127253875397,32.16877811028543,70.62768146970477 34.81125010633916,32.168715174344065,59.6184301174798 34.81129869702998,32.16860869919733,34.65581297267551 34.81118086482015,32.168737700388625,36.91419136192417 34.81110904488534,32.16871950464209,37.97832847735296 34.81101301691693,32.168722202042844,31.960518577895566 34.81091402952404,32.16866630848302,66.26958501762614 34.810913631870484,32.16868071982533,57.91619843224098 34.810844491815544,32.16871954103828,31.962481867453917 34.810717860583644,32.16863926612271,61.38151994339831 34.81068283089395,32.16864943281337,58.58517907637093 34.810640646810945,32.16864394852933,54.13608694147998 34.81056417214137,32.16873278837372,57.67285497889674 34.81049914078429,32.168782248462016,42.48110317857142 34.81030857106986,32.16866866248213,72.12135710360657 34.81039060865834,32.16858246499385,84.20990614652186 34.81051712776005,32.16868990483776,30.025157359332304 34.81053906206188,32.16861538259524,31.48953045799514 34.81052992826675,32.168663681361664,17.97025761363464 34.81045493694295,32.16859073837903,40.60062793965818 34.81037147134401,32.168363118191365,85.60697114886142 34.810373308653176,32.16837227673129,62.13995229298553 34.81038526539646,32.16839145606786,43.823946037510545 34.81043026839454,32.16830408008451,35.7151845490578 34.81046632038957,32.16812377181588,37.431547572059706 34.8103574650617,32.16820937691887,35.98617240441237 34.810349662117794,32.168203424227826,49.188243783115816 34.81026697425628,32.16806685192883,30.732979986843027 34.81023574703671,32.16806481375815,50.64735492678076 34.810197379468455,32.16796590814105,46.4889791181104 34.81015182928136,32.167841799726844,71.91368353563797 34.81023373032122,32.167860104120145,39.8355546818358 34.8100829102967,32.167898331169106,37.585142345882936 34.810191090301075,32.16787534262118,90.0952694992242 34.81003484270617,32.16765933125161,37.44522724104541 34.80990880109598,32.16774992789392,41.76497589688393 34.80992561551777,32.167713335551895,42.17532027533637 34.80974443012897,32.1675935569494,46.528689057963156 34.80974014984694,32.167514521221825,35.487371073801725 34.809761531815695,32.16756048680852,31.80741975573973 34.80971527183975,32.16749458992047,41.98690675388404 34.8095999556792,32.16747025179011,31.198275904173446 34.80958575258742,32.167275682576395,33.938560624189186 34.809429144245,32.1673405324084,48.62349365231656 34.80945230759318,32.167248845307356,47.52139146650981 34.809224530293,32.16724247654603,61.448845897940885 34.80927458138363,32.16722064339228,44.06385429253943 34.80919825132469,32.16717338540226,38.95149872327181 34.80914845905018,32.16711066411935,52.256901250718165 34.80895485053879,32.167099655628995,62.600759905018485 34.80901432901985,32.16706683270272,61.46867443685708 34.80898551737354,32.16703652065156,53.02794889099565 34.808965072916806,32.16700591959985,50.1831456589923 34.808999456703695,32.1669921818984,59.66646779236084 34.80900151336545,32.16689574242643,62.912475576495616 34.808963099144236,32.16684818776625,67.39996067383753 34.80880288386276,32.166857889860495,38.53070762214369 34.808817225769175,32.166909547710546,49.22150580560701 34.80878483341547,32.16701874832815,74.57183886845685 34.80879404006473,32.16685777978182,29.140237271038377 34.808677065853026,32.166861701826996,36.26054951512246 34.80854392402257,32.166927989584245,56.291851344936255 34.808472435901514,32.16684891760453,44.905048292257604 34.80837286277565,32.16697218631844,56.18809458768565 34.80838131122335,32.166961256913766,43.882795579008345 34.80832005734462,32.1669622790555,56.36481197177899 34.80826748650008,32.16703126273804,28.82047307205229 34.808146479201305,32.16702475338664,47.98811074628116 34.80807733987693,32.16710084389716,47.776615864859615 34.8079653887916,32.16717509361579,57.854149583112154 34.807926675092034,32.16714844281576,44.181199373040556 34.807871836605955,32.167266403354944,71.27015558369756 34.807641616790484,32.16733252165308,54.76589217002899 34.80760317709047,32.16733966556824,57.43500322461117 34.80761907261705,32.16730302683355,33.217821223209405 34.807591838702,32.16735474642014,69.68587400349219 34.80741223606568,32.16736185525834,45.5404979270405 34.8073678622241,32.16732227432176,56.121127555685746 34.80719971739724,32.16731287446778,65.19718185246509 34.80715419905883,32.16735433219086,68.60947006998623 34.80699180831866,32.16764013920776,67.2776680592187 34.80696722168442,32.167505891540465,49.808110187049365 34.806791033343195,32.16756999884717,54.94493310054044 34.8067565569951,32.167515966909086,41.893123058189914 34.806610208257375,32.16762272560903,31.249670560014806 34.80628981538105,32.16769412381073,65.16122863277634 34.806362683027324,32.167619923992774,66.25050596874135 34.8063215502148,32.16765905588942,52.97685869712391 34.806210196166205,32.167711186161604,53.84328716040952 34.80605545642539,32.16775438030389,68.36272157197888 34.806100196687005,32.16789314642327,68.7340758719634 34.806098335359444,32.16779031655218,39.278197383699336 34.80597783881833,32.167819429293935,44.23161674011325 34.80597638377074,32.1679572232937,58.52923257447197 34.80592094301411,32.16801548665465,68.29395068634571 34.80583818615434,32.168013505479195,69.93799896797469 34.80584389143263,32.167874263548896,45.36161740895247 34.80578364904454,32.16787523456565,63.572081821211775 34.80589466044531,32.16775371965201,38.85228073230731 34.805840763904605,32.16779478028754,38.72914474186255 34.80587412882114,32.16781273818552,57.46126708991769 34.80596654302532,32.16764678010359,23.556568737948695 34.80614923333667,32.16770283130078,49.68730413080747 34.805223756824596,32.1671521100272,-226.90382789429924 34.80647431935876,32.16775667146461,81.26868582056849 34.80648416063169,32.167601793825696,72.16199953805034 34.80655513751362,32.167461742540326,78.02015211426901 34.80670664418451,32.16745783932374,54.13289412612422 34.80670036239072,32.1676047741849,53.849023620391456 34.806871327412246,32.16756207700672,53.35536970650952 34.808653809373254,32.16822670023712,486.87941639531897 34.807444071273984,32.16737829636477,62.31523612947349 34.80770062382972,32.16736197269388,80.93832543200334 34.81133320457515,32.16483926177758,147.52995767489398 34.81033376833001,32.168089002371126,643.0693900923144 34.8146260818927,32.17022377748348,1779.816064917945 34.80851461696505,32.167053243526716,48.38653113804197 34.808469600748715,32.16690407079844,38.76054680293915 34.80866680118094,32.166987270178076,60.6072478125249 34.80858580443186,32.16677578988815,54.4138909607133 34.809041602788774,32.166365675508516,-22.850461506617766 34.81083175104419,32.16772176393842,619.1454936334328 34.81086568611498,32.16776188331877,616.2345069405628 34.81087138202469,32.167710152882485,620.9262018657122 34.81088848511178,32.16786456788839,604.2486986571632 34.810891543021086,32.16780200458025,618.2863369561376 34.81086745195017,32.1677536959036,604.5508262518222 34.81086051417076,32.16788185082044,608.4609054606436 34.8108481874866,32.167750403225305,619.414850233733 34.80901026056959,32.16667251598418,73.19815363177081 34.8089162603677,32.16667884751287,69.78849564982835 34.80882822501097,32.166600448285394,50.874369324030404 34.80883347640222,32.16655698474006,67.86905473819282 34.80880953020648,32.166386361492606,84.27818784577711 34.80880363715042,32.16629954980544,23.872640383863974 34.80876504731006,32.16623363349589,24.562579452879547 34.80856079600429,32.166369322631496,78.34187888233838 34.80842802943145,32.166371810606414,73.25267327031987 34.808548506790395,32.16609735411065,36.369939031527274 34.808443558729195,32.16612728786303,51.27738580392852 34.8083365940055,32.166082910983604,42.33858221864095 34.808340329417284,32.16598777649443,37.44800040166207 34.808235342921535,32.16589988429402,58.59479510661839 34.808216701200344,32.16589136946835,31.991244175979784 34.808218826042335,32.16578134667965,60.292746376078966 34.808045200387426,32.1657054171162,58.69691049362574 34.80807377853312,32.16575687326367,16.190677597019807 34.807965006252964,32.16554553187856,56.47097742857235 34.80779196506256,32.165492565295665,62.85577572494955 34.807879446710224,32.16566063298271,53.640801720742246 34.807751098634526,32.165430954640236,27.334292575235658 34.807536165798496,32.165287457458945,13.25865697199176 34.80768681462553,32.16569151646096,79.46683275360266 34.80747660621811,32.16524704921232,25.96230543512693 34.80776445023954,32.1652575768068,106.2051585237024 34.80742240115065,32.16506166262994,50.71780839329739 34.80705878871899,32.16511003070021,42.44638316841113 34.80742649388671,32.165114734022204,120.30873020455041 34.80693832318612,32.16489890058333,28.57020091935846 34.807030584422975,32.16475182376486,51.53113519557607 34.80688161060968,32.164844994005705,99.11206688023937 34.80690197501225,32.16464975272849,52.68592428383204 34.80682676378283,32.16454284073889,79.48517846601565 34.80680264777703,32.16447429391339,47.14705564777795 34.8067544779111,32.16442819937723,50.93623146182226 34.8066630097279,32.164322855361775,39.231846167356096 34.806716769728055,32.16430994315793,31.346603033925202 34.80670555400604,32.16437456393673,71.09727957343645 34.80647808885392,32.16420658579263,51.10009304523617 34.80662173127089,32.16410602683208,65.4750543928025 34.80656612805218,32.163952728997366,51.69680647126015 34.80678108810562,32.163716771913144,67.03161459066976 34.80680945305025,32.16380572302783,73.14512856093334 34.80674585306657,32.163675737145034,75.49896869077006 34.806358271129504,32.163904112726726,43.51927040151588 34.806390154372636,32.16373204629631,82.79343304797281 34.80644614393223,32.16370512098927,80.67861859150517 34.806304339241215,32.16356788838746,56.41614099740854 34.80641294648534,32.163653019852795,83.06310795473755 34.806415978137665,32.163641144041755,69.67753786757457 34.806502767141616,32.16328220750856,75.14577809234403 34.80636710155166,32.163352001470614,67.96951795228482 34.806298771752424,32.16333060332381,79.40131536615618 34.80621975873687,32.163446387013174,49.139094791409235 34.806359312116456,32.16341042620395,77.29600390018186 34.80624746759797,32.16320698538732,60.72915557536568 34.80633370511218,32.16349333259198,55.87660368495647 34.80621403774971,32.163506743953064,83.99936606947837 34.80638798712161,32.163528203004,86.49148713656591 34.80624438147452,32.163458795142624,62.43859179737303 34.80631627644291,32.16350666750629,81.65574807299863 34.80648611210062,32.16346206833378,102.17097240251316 34.80631545848457,32.163286523123915,55.1286326238523 34.80633363733608,32.16335230087295,60.17283740299881 34.80646871852133,32.163470975074745,72.73270097485842 34.80632398457047,32.16336064697981,50.06657068547609 34.80638067605403,32.1633239979378,68.23852647786428 34.80604947855358,32.16355204539778,49.963641572552866 34.80617960849402,32.16339361826063,42.29819894791335 34.80617848811335,32.16342594297408,55.48930932240457 34.80631782242026,32.16336692914593,56.89553330240349 34.80632891731677,32.16336151344625,64.53934562974783 34.80624335067252,32.163496624288726,50.69448813272373 34.806377773838975,32.16336906567915,50.692912363477554 34.80628579560423,32.16336260670639,72.92357873915131 34.806367599914374,32.16346454308932,74.90451866422453 34.806276168606054,32.16336827281112,48.30506268712629 34.806237594170675,32.16345974466589,72.00027530741615 34.80641116283885,32.16343570368412,68.49068154392145 34.806024239331265,32.16332494321954,56.104067912125636 34.806145081774815,32.16323141819236,57.830708124046424 34.80607893089729,32.16315248808781,67.32753552821704 34.80594632021117,32.1630863582598,71.80209261227257 34.80600711056283,32.16288728179766,30.864975173580774 34.80594979873806,32.16292195241162,79.51793031558066 34.80577686727089,32.162567131687446,70.26984054198363 34.80565523005315,32.16243208460938,49.13208646519387 34.80567882930316,32.162196797423015,68.89591910826013 34.80557340532579,32.16213266268633,42.41745916627964 34.805612571549496,32.16198584431717,64.53498368382157 34.80589678764395,32.16163187389541,83.28456420635517 34.80537986672514,32.1618068284203,73.08487904530465 34.805515966997156,32.161619031322516,67.65298605440162 34.80534947418996,32.161509529022574,65.22482662413752 34.805411593890575,32.16138413513829,71.51942976834601 34.80530284781592,32.16117331680878,70.7408122024696 34.80526557983466,32.16110591963514,59.980237461977644 34.805158377549276,32.16103213139897,72.00702126081686 34.80516163325228,32.16078209471414,84.79462171109257 34.80509809269455,32.16069426299686,60.59873376220706 34.80490571402955,32.16057201113103,62.760268873210876 34.80523143317953,32.16032423030467,76.8313672548413 34.80507203069402,32.16020830312513,92.79465970005062 34.80482461712229,32.16017416930716,60.6283336127143 34.80470881995938,32.16004841639434,70.41216200940396 34.80453863370364,32.15998589860693,69.13163360675345 34.80447854608431,32.159823159553355,73.2355483889114 34.80440764662609,32.15967659054406,73.80423366236921 34.804342298111145,32.15946388105233,75.6384219872482 34.8041055692059,32.15944596685209,85.81913508763654 34.80417637408777,32.15922593768236,76.3119748481315 34.80412547739585,32.158929328114475,20.61761887519492 34.80401390358325,32.158996402567396,69.07178727701884 34.8040025991638,32.15887719204845,74.39656124072467 34.8038992888598,32.15875540693818,65.28564317537946 34.80381581883789,32.158573532567615,65.94867576485738 34.8037217928095,32.15842069149626,51.733377487745265 34.803873808967616,32.15834631087299,36.96500582055505 34.803631003407055,32.15823826981019,65.33249723468843 34.803507709809885,32.1581611330337,85.69558317944625 34.803539567468825,32.15800352784535,77.41133218576248 34.803406807486795,32.15794827299279,98.49287847416079 34.803288018739266,32.157798125385064,80.85357502301105 34.80321239385964,32.157603155668205,48.86766635153059 34.8031367033835,32.15755552651506,74.92930096834823 34.80303884633408,32.15744739832673,70.63214170573204 34.802849601647026,32.157106726538174,93.32556068345305 34.80292392381827,32.15701899980479,78.6755236028748 34.802773880006626,32.15680412859327,86.07308613338485 34.802844395426,32.15671029682291,69.13515847921164 34.80269449499981,32.15642411462731,64.03523078208185 34.80226110441781,32.156429875684815,102.95879115920299 34.80255309476669,32.15620204144134,50.64661015345622 34.802411733204124,32.15617794104845,56.48956154818804 34.80239985216268,32.15601417459977,39.09900169197933 34.80225701826129,32.155942919443845,60.443121959585284 34.802247570232005,32.15580087053127,54.94178584814141 34.80214314622677,32.155712873841665,59.36763096569364 34.80217365964992,32.15562245320929,61.02613765959149 34.80206246572422,32.15558690895996,43.45916767641735 34.802056427720174,32.15556000333956,58.01703451938746 34.80202225644623,32.155484464716665,49.44669646267689 34.801938070146655,32.15550995934999,76.98577694783047 34.80199797952675,32.15542425670956,35.172005555206404 34.80195875788531,32.155480065911036,43.037757850483025 34.80201544346726,32.15554072827359,53.17435074611939 34.80199913860344,32.155478910403126,49.55042911113285 34.80200912813483,32.155488941826114,66.91463235618306 34.80200637451514,32.15549811805999,42.62623397643249 34.80199405110098,32.15550836966871,43.91698134166903 34.80195706623644,32.15544234298157,57.499351564246666 34.80196357125245,32.15550126229287,47.10716438098286 34.80199159476959,32.15550784142808,57.50283093701244 34.802032465734975,32.155512010719946,54.66382363517883 34.80200859241999,32.1555178733636,56.33733496666316 34.8020100289718,32.15540699156596,56.405312168687956 34.802029600831,32.155526306786825,83.07177643965184 34.80205767247096,32.1554521592527,63.02057637576373 34.80207508321422,32.155480374835086,66.70283300747074 34.80195108941824,32.15544834465009,35.175862343863365 34.802144906547056,32.15565122031878,57.01169443397155 34.802083879025474,32.15559834083908,67.89734879014496 34.80213302987676,32.15529761630253,95.26771269540234 34.80226198490435,32.15520977404259,63.83894912039812 34.802278673091074,32.155235799315996,88.901059631344 34.80241810846098,32.15497845618171,53.60044034663258 34.80253790292309,32.155035600448954,60.40327258226902 34.802705334828495,32.155030990577515,54.528193054957356 34.80283594287275,32.15491121852897,54.492142045880875 34.802940003707505,32.154846197831674,68.89729805585128 34.80328302368328,32.15456839449557,97.7667091528212 34.80385104646726,32.154515726166764,56.79340570605523 34.80510686392786,32.15421992231362,78.26995709970592 34.8052897080525,32.15426202378109,59.6808554323743 34.80535722532569,32.15424488052755,103.13307777493186 34.805523757470546,32.154035838149944,87.14848978438332 34.805566206240115,32.153945758803495,88.81651873971435 34.805737082073506,32.15389711126677,85.17693415637618 34.80590517713005,32.153764170118045,71.03440885501689 34.80594331882016,32.15375792195905,80.53917087505431 34.8060365232979,32.15368608158266,74.09472242074457 34.806187713405066,32.153518360723155,69.56447655202236 34.806219805880666,32.153447330380466,88.23562243216823 34.80624966345952,32.15338929633106,59.98031261949028 34.806191473840585,32.15323846152501,64.0525453444666 34.806284897211896,32.15307400540992,46.0119109034274 34.806028370831854,32.152878894735224,57.78802235841721 34.805985057970354,32.152772522139806,70.41683577525119 34.80598580344135,32.152637374385456,53.990443621633126 34.805983394899044,32.15268108408333,79.28695246296282 34.80587078544288,32.15244156315879,64.57547650333707 34.80569724614589,32.15232802835082,68.16649360509699 34.805677528670216,32.15217777217909,76.40671798364646 34.805634250823786,32.15197913357961,60.022616044532455 34.805628003182115,32.15181757798239,92.85940192869086 34.80547171342556,32.151603152436735,96.65922017768298 34.80525706419301,32.15156783470538,70.649561195488 34.805236625863984,32.1512616307487,92.89838996146109 34.80521259937616,32.15103540782007,115.54212497817053 34.804989228109555,32.150975887402474,97.62122683753327 34.80495754637617,32.15078247619614,85.82043369648287 34.804638877696135,32.150566255221285,84.87660374013379 34.80455343546227,32.150355648287004,98.41568268681503 34.804482737285234,32.15015247653358,72.31328601277646 34.80440027131915,32.15005246525033,78.6797368454923 34.804374027424245,32.150007385729715,92.20297780380993 34.804230419561634,32.14978358144874,80.90814073533389 34.80409141169076,32.149442626480145,66.37757813181686 34.80394608756233,32.149214499798504,120.99148355606731 34.80400733549747,32.149110404113614,60.90295334847968 34.80397225756806,32.14905672678774,80.09201630297024 34.80387104904096,32.14883475587581,52.53247033087666 34.80380591049168,32.14869706642185,34.26526211412778 34.803705518433546,32.14853424757706,70.08189118128821 34.80384279588112,32.148554711797836,31.274509733384583 34.80363173452284,32.148363888004496,52.473831608256035 34.8035671289028,32.14832028470715,57.01763725873819 34.80379171492036,32.14823361058911,29.848967777515984 34.80360061198331,32.14824519746623,91.24221169138391 34.80353502614599,32.14811165597162,59.76336557568359 34.803541125416466,32.14812366057488,71.821924557486 34.80374104335984,32.14802550565381,76.1261754787454 34.80343149007326,32.147865657269875,65.13019907456196 34.80360204007153,32.14794860238126,57.83255243923957 34.803786312153775,32.14805750300817,-2.698164045432379 34.80364166772862,32.14786674896768,14.741111222365992 34.8032442902794,32.14748038631674,65.66728508978196 34.80327809219206,32.14732832025401,80.28773711374457 34.80318838513043,32.14711086851898,55.3991255447391 34.8030687297973,32.14623689163683,12.61835370254079 34.802804656824165,32.14612564282623,66.11490329432482 34.80279863160791,32.14599685075511,66.14855878849102 34.80277024605796,32.1458603911309,65.8321897996366 34.80267087271305,32.14572810171512,62.09462202655845 34.80249756212826,32.145435169074666,89.36726199967578 34.80267332415442,32.145421835010175,59.25263324456728 34.80238104383298,32.145069512820314,87.5105090487754 34.80249022034265,32.14499929439196,62.633531635682814 34.80254273125197,32.144996655734715,40.32517941892923 34.80233983092376,32.1446529800084,55.747317774262406 34.80245042436069,32.14443473994407,44.90165060159512 34.80197517139473,32.14429692258568,84.02820827526513 34.802362142821735,32.14424641733945,40.5483023690905 34.80222563249172,32.143967695997176,41.97697356414457 34.80201725335609,32.143932949743856,66.28009955499456 34.802097550042866,32.14383558477763,47.71404388103705 34.80177987932919,32.143636931887144,67.45304731094184 34.80185279886298,32.143608405003015,58.41794640493056 34.80045420737221,32.14386210487586,-168.22690283733044 34.80484577748539,32.14022836846282,38.84942990555785 34.805000060706455,32.140273977956205,75.41192329794343 34.80531374241995,32.14034758026142,58.89001666540299 34.81583041834348,32.13844867716347,62.89151014764325 34.81610583612134,32.138521082860805,65.58879170181794 34.81632718423187,32.13848594879379,72.44801706194677 34.81656628329792,32.13849745590927,70.48787819060168 34.816890329815436,32.138533472477654,53.29701556477712 34.8177545152959,32.138477584701384,94.72179957002257 34.818075059822746,32.13853919682825,79.03614758872305 34.81835274391591,32.138520526598995,89.02316716316207 34.81861231629684,32.13851747543465,66.58849869659456 34.81891283033698,32.138553906207946,80.63438350581127 34.81917339376904,32.13849009096452,76.82296995261677 34.819399688343815,32.138510660893715,80.40442304140318 34.81979637992447,32.13849023494578,61.085479618861775 34.820054156101634,32.138381352091464,41.516014721345634 34.820527394127474,32.13837007374276,-24.057446329922758 34.8321855134513,32.13524447616681,93.34181306025947 34.83237201256812,32.13505905016131,91.05978560094371 34.83270767154293,32.13482482877754,72.57593646125437 34.83289021054365,32.134732523113136,83.81460231965487 34.833067429119346,32.134521738202544,92.48318900392223 34.833355909828725,32.13443325155512,96.67552163280986 34.83362499422913,32.13428313199335,86.024638376013 34.83384529680536,32.134123011349985,81.67561983881316 34.8340915356456,32.13386137743513,50.165332425882504 34.83419466509054,32.13398038232395,83.2328686769543 34.83447326380864,32.13373751567143,98.56203867327949 34.83471204442468,32.13354783927393,91.3869366514459 34.835140121712314,32.13324495902798,107.5096585429095 34.83539178462988,32.13324878443548,104.90719301133403 34.83563296699608,32.13302058391209,100.37186026678165 34.83587052577446,32.13297113085455,107.47833510858526 34.83605906591473,32.13283058421225,110.36864944743795 34.83629759822026,32.13274285831734,128.44559376052968 34.83653099317889,32.132583266901634,124.54387081656999 34.836776553828386,32.13245068043511,113.28562201605692 34.83709782561769,32.132291165613395,106.22385909441304 34.837363868167486,32.132141337564406,93.62544086305464 34.837558075206495,32.13210159258446,101.08676076497554 34.83788227374095,32.13194298550817,93.09309134039086 34.83809024110158,32.13185014696458,101.74310360578077 34.83825028267411,32.13177677506522,105.62535194653539 34.83869220906565,32.131702566757916,75.38781488599011 34.83878131285032,32.131580804339464,100.98574062261667 34.83904804359519,32.131497073005946,89.22938312664068 34.839340545978494,32.13124490318399,83.90956506553968 34.83961938221684,32.13125837205546,86.73423302219251 34.83988182995274,32.13114568207032,80.85982662707305 34.84002692043443,32.131071144522096,95.80204168058098 34.84025603120568,32.131021705272424,81.95583908041445 34.840556501320904,32.13088308103142,93.41782939706124 34.84083005793738,32.13084807505874,77.42513610184712 34.841036595818835,32.13062115809508,90.58908953564702 34.8464828703179,32.1283263466955,88.86961695139156 34.84658479909303,32.128270292091464,101.204904791765 34.84685880972281,32.12819147521953,80.77170465656637 34.847075280375336,32.12813716092555,77.04416595191145 34.84733615891612,32.12795493475743,78.87863436512788 34.84754280463707,32.12807803232,99.21841675352464 34.848727749581435,32.12763496257122,-17.360929546221104 34.84909668908503,32.12738182876403,119.68141344760998 34.84944680940499,32.127060091104305,81.23492885039148 34.849993879153025,32.12679541844023,67.03738030965535 34.850215497150856,32.12675949627913,45.13841322051008 34.850430663231116,32.126670749906275,67.01261451678869 34.85070132428857,32.12652704248932,71.47821263324167 34.85097409718173,32.12641770879391,67.57481556257405 34.85125184982822,32.12635109724831,43.784395583564866 34.85145053442864,32.1262236498808,59.25125769975801 34.85162252778685,32.12618650156764,100.33992534429171 34.8518957224032,32.126015259707806,67.19047998323217 34.85216198534346,32.125923422047194,62.854518558590144 34.851876004759916,32.1258936379314,126.33140485963537 34.852396270745814,32.12567092592625,98.75179133167092 34.85254693525079,32.1255553448474,149.79702131716357 34.85301198545912,32.12547184710049,108.56892096984451 34.854262234045855,32.124922284730914,120.66564059418909 34.85477317887432,32.12482138617678,104.43527094925743 34.85492273913055,32.12461340673404,134.91545915145775 34.85545068993551,32.12437829823195,151.1931059755179 34.85564390658009,32.124358941064386,131.40789815993858 34.8599927492017,32.12262367293228,52.99107554878391 34.860230974208875,32.12251512478312,67.62965180385046 34.86050954916925,32.12234680152719,72.59399992915131 34.86073350789699,32.122240528709845,44.39520203961522 34.86094829278785,32.12215209331447,45.818003719650434 34.86113417088073,32.12208742627908,65.27442189904328 34.8613753666846,32.12194989219471,53.91193652258131 34.86161577384611,32.12184869283086,56.91302139226783 34.86201023900393,32.12173940148644,39.346375687335765 34.86195289011412,32.1216755873563,84.76011267935704 34.862307995839124,32.121569445485854,73.84781722100509 34.86269340553816,32.121433474591605,54.944886156548996 34.86284126401928,32.121363207747635,58.99860055742107 34.863148126175865,32.12127670278494,70.3576068802793 34.86398510014764,32.12130880689748,-38.43559559937244 34.863643211098676,32.12120046906476,74.971617884451 34.863964272540386,32.12116064951399,54.10530905313474 34.86409393931639,32.12101667326723,78.96369704831973 34.86439305651594,32.12103472591989,66.1148808874726 34.86469799812044,32.12098486688309,56.328564752205004 34.86498547214535,32.12091473148967,67.70989599902983 34.86525125322414,32.1209132023387,66.8660554975127 34.86575193478089,32.12084812835987,18.110322780892133 34.86584967681221,32.12085759084772,19.00511480011549 34.86598536891847,32.12070593978352,82.74595625216591 34.866439462618764,32.120756659326666,47.86513411601717 34.86666628074031,32.12066997758414,26.38990177255619 34.86782705883933,32.12047190767677,7.11467192438593 34.87377717725733,32.11819868504706,52.05229415720364 34.87377904804718,32.11805765046636,100.87921802810733 34.8742701531083,32.11802304050231,47.77526617576292 34.87441415143172,32.117963155975225,62.606305331294244 34.87467577316868,32.11788814375632,60.79469276129746 34.87494824937723,32.11778391137999,64.52760700535568 34.875192036450755,32.11769842844934,76.0226980406514 34.87538409838377,32.11763197019737,78.83162279955732 34.875826859154515,32.11762009413586,53.04145741760006 34.875775384151225,32.11761531788415,99.2708045033523 34.87614641703149,32.11754253212501,70.31352286769605 34.87648498208651,32.11750667505525,55.599751475989095 34.876820459366456,32.11741205383874,37.48036428949062 34.87710876935738,32.11749280089408,47.33776263467879 34.87736629536307,32.117450860994566,57.89266884316371 34.87771599469682,32.11748323928643,57.40122682127919 34.877895004506684,32.11738637065029,45.79119344373099 34.87821814646206,32.117467152844924,42.7004654133903 34.87819274803811,32.11749474666123,86.76041716034396 34.8788435824023,32.1173981614769,23.028452828767033 34.87916459873632,32.117538093227665,96.27119908532784 34.87938009695492,32.11755184159006,57.82741059270721 34.87958754328627,32.11760075667948,39.88151091240271 34.87981721013252,32.11762522833323,49.06375806868674 34.880084678398006,32.117676820242885,54.54774848309996 34.88036464329359,32.11777712952252,39.94009398099513 34.88059940070526,32.117839648289255,40.38356010281817 34.8808147495515,32.11784317903756,71.79883990820896 34.88114394479454,32.117867383050736,64.51691229834049 34.88136870686817,32.1180439131872,46.00677196921542 34.881843934096246,32.11826594380993,51.99576769358604 34.8824456696725,32.118605902497436,51.942369447034984 34.88341767699233,32.119058908085115,73.08407032210042 34.88393812865156,32.11919621981201,47.80401299023303 34.88414057489161,32.119385750035335,42.0054475959196 34.88434084208668,32.11943599684318,61.798376988781605 34.88460237353437,32.11958277729715,49.363065779407854 34.88487043596945,32.11974550311228,70.4645205617024 34.885077631349404,32.11979647699144,60.467452997552876 34.8852972798376,32.119976563596175,66.35992014947607 34.8855460222543,32.12018887065507,67.90430032684526 34.8857372595909,32.120214415476845,54.992004504912224 34.88607355227703,32.12040027124673,41.54204166052333 34.886250798007126,32.12047383415713,60.40124710058866 34.886671418827284,32.12075400842447,60.441182442463685 34.886991175855464,32.12080574957221,33.419844050176515 34.88710707350898,32.12092779168018,63.2964737450983 34.88745185517813,32.120987485011895,43.70179008794703 34.88773876053661,32.12099949885131,36.17370951068779 34.88790854267101,32.12129602749839,123.83505727736718 34.88821506374305,32.121314061468404,39.40493553548838 34.888424947146554,32.12134618451731,54.199707329648696 34.888699866563115,32.121471470792585,51.2507720983619 34.889045028231145,32.12149734660445,29.19262946241372 34.88918315842207,32.1216432246501,66.0971871336502 34.88980529038397,32.12186752723741,31.30420571895686 34.89020564050708,32.12188409010949,85.97388629002673 34.89054558093301,32.12191345437825,87.7300214800054 34.89056117805064,32.121543183869655,205.6438376776187 34.89088542153509,32.12178563886133,184.7306849165687 34.89446111444757,32.122576522013624,21.3569435121085 34.89448995168389,32.12222401607041,55.499641317754346 34.89477632306146,32.12221655378605,52.1943035394086 34.895063572994125,32.122189100757275,65.08688612787641 34.895413352489,32.12218618604814,53.80129779138928 34.895713608270626,32.12207340608291,68.62277084883382 34.89605138998184,32.122161102440856,50.3209034009958 34.89631967249115,32.122326999755,101.2294554877722 34.896687505332636,32.122059945879535,61.60942684431264 34.89691721991966,32.12203024321541,67.90005537654363 34.89733001230936,32.122069227523035,42.81962777355033 34.89752296393267,32.12202104825627,52.048343618708365 34.89780231417115,32.12200507479581,79.35978093010874 34.8980615647588,32.12199261347393,72.15191426252376 34.898392853188035,32.12192495389575,48.36058014958409 34.89871729724763,32.12190536650708,38.25900014861625 34.89894117228361,32.12192236430468,105.45010765323158 34.916844378973074,32.118587742452384,57.91043357537884 34.91708474341035,32.11847495758816,70.02398196985446 34.917259805637585,32.118424618100356,81.61724374233088 34.91755379633667,32.11834030453313,66.010385623414 34.91785294697206,32.118268403645224,68.01479277523744 34.91803090929793,32.11819049539179,79.68709956317478 34.918349256656214,32.118137516397645,57.69638634774327 34.91877577180511,32.11802425534482,39.533086448491524 34.91887638139553,32.11791238049265,65.44525747202348 34.91912385679047,32.11788765481684,61.186269883963625 34.91932549498142,32.11779140618405,77.67388537437303 34.9195460337295,32.11768432870784,85.3602042554811 34.92000804049651,32.11767972887214,37.6135638905825 34.9201355257517,32.11754305127856,72.9496521835262 34.92045337546524,32.117461866499035,65.89216106172769 34.92065117655001,32.11740843087247,84.63019673951888 34.92095039968137,32.11730242270195,64.58086336082646 34.92086089344137,32.11720698028236,127.33508730996381 34.921550201221876,32.117144899489304,72.67262546871852 34.921803107574206,32.117093684632,70.06992456964709 34.92210816897159,32.11717133110209,104.31081479974608 34.922309598129026,32.11695702363334,65.55392929640546 34.92256718243264,32.11695109663079,84.76838734172338 34.92252555152289,32.11690437866232,144.86815058493073 34.92330147018697,32.11703166086951,116.71299524191575 34.92356121111974,32.116928629266155,98.06012470099306 34.923782654289724,32.11697524887483,135.94126443926598 34.92418599695143,32.11657262077459,64.10738137703311 34.924564259549975,32.116583888621285,55.89918672326933 34.92477415026491,32.1165241169663,65.91112941241947 34.92498781611014,32.116510010645236,74.48514089822308 34.925392667100716,32.11648737463005,47.45962939673354 34.925633210108685,32.11650405465624,66.90078735614942 34.92596996456919,32.11642657768106,50.51392815982886 34.926368309407195,32.11644239880741,45.132418901299765 34.92654355916507,32.11641838177294,66.76884427942633 34.92692087017723,32.11638629489536,53.76636148835925 34.927151633339854,32.11631964589539,54.53637011000203 34.927533925430325,32.11648991309038,34.879587544838834 34.94235939328826,32.11562145315865,-95.42551089014565 34.944844984799985,32.11487346477279,80.69231926848288 34.94532135179273,32.114691096514655,88.87322656304232 34.945539112731325,32.11458829880204,95.42124029627098 34.945829025378174,32.114563029387256,71.58777117429449 34.9461028316468,32.114450982129355,72.93165469570965 34.94630840113367,32.114385984252806,66.25196409907313 34.94650165414974,32.1142960118148,66.96825600303869 34.94676453895025,32.11421925978231,74.25902975662365 34.946931049056396,32.11420540749146,74.14089929530374 34.94740180659956,32.11406137323133,64.81279747350099 34.9475760752011,32.11404304378586,52.712438438398635 34.94773189698605,32.11396060545008,93.86101341638371 34.94795077872829,32.11383109176918,94.9778876317175 34.948115805444964,32.113851326873025,83.66039733488482 34.94837477288433,32.11371117412744,83.22593498857718 34.94852314999173,32.113673655873,90.25227192518291 34.94885475160678,32.11364021440228,70.73806638149959 34.94881621657263,32.11358806216604,110.98907790480834 34.94914264156649,32.11353458436828,76.63477904687278 34.9494499154482,32.113478735696845,72.41388370468552 34.94948975964303,32.11335719646489,98.9930704899946 34.94982156886503,32.11331079323612,73.4907345436609 34.95003386730492,32.11331533844746,64.75594059364242 34.95016571395455,32.113170472965386,91.79007501912767 34.95039474340407,32.113123985841256,85.37059119623572 34.95078732600741,32.113060566826526,60.873359591013575 34.950934587060395,32.112952062107595,64.32053452383298 34.95116673774695,32.112903620145644,82.38194612640007 34.951354446179955,32.11289176931464,89.1985479823224 34.95169352097238,32.112782220189246,78.14745716134162 34.95196576195084,32.11271082679864,57.47695864250338 34.95202465168421,32.11261417874729,77.28546875636728 34.952304964035484,32.11256425511141,76.66095440952029 34.952390519425265,32.11250920426418,95.36825884503043 34.95273047985461,32.1124000301748,87.45138828073448 34.9530044615623,32.112365080664254,97.15319870173542 34.95309730686848,32.11224793506536,93.4975229482991 34.953319701373005,32.112188494695644,98.89785494759862 34.95356177191407,32.112131440701376,90.93368305004952 34.95374882451069,32.11203312840108,95.4570663906269 34.953922431146644,32.11191909648704,123.23591601331432 34.954187815401355,32.11184867063233,109.34697677590943 34.95431378460186,32.11176639253056,118.50811163221509 34.954670002543665,32.111794405048556,67.03037360556188 34.95488506407239,32.11169192105632,60.331570016154274 34.95511895570972,32.11155373999183,78.47062284657268 34.95533457321995,32.11143218186934,81.17476224816184 34.95554931674449,32.111288044463485,85.22566947618208 34.95579151545603,32.111194158817604,84.60316459667614 34.95599436962741,32.11104914309864,87.40193922998787 34.956195930926576,32.11096031067823,89.55272060307387 34.95645442754453,32.11079896496612,85.205087163779 34.95662942519133,32.11067079965477,93.82979131454393 34.95689825213725,32.110490674746494,82.86479257962706 34.95711328535501,32.110355109002526,85.81795610238373 34.95732791612173,32.110204560379245,84.9199517281538 34.957514023783176,32.11010093330536,87.59829268486807 34.95775056526081,32.109946349568325,90.48840114127388 34.957960647784574,32.10983697640706,98.81005484071918 34.95822207544942,32.10964490287493,87.21190191878121 34.958414103391405,32.10953267852639,92.26482845419555 34.95864814445101,32.109428472633475,90.17193084494275 34.95882565343865,32.109309893427415,95.92343128661737 34.95903636811859,32.10920153889333,102.06421843756235 34.95920473682867,32.10910163830724,126.00524304613434 34.95951221624821,32.1089070681036,109.27057027948939 34.9597510367833,32.10870167861859,94.85070986258445 34.9599594006136,32.108576474040056,98.65550838779873 34.96013657315046,32.10847755164922,119.18471616780435 34.96049823875788,32.108248561899565,90.40920549682671 34.96063914011748,32.1080981455355,100.02492204883583 34.960824247882044,32.10801861043349,103.1711606632844 34.96108004526102,32.10781603398137,103.87673713995672 34.96125429224795,32.10771252745647,101.0477428049005 34.961540497786025,32.107574532937576,114.75874082890716 34.961687015122905,32.10744251959054,102.66427864340817 34.96200328855564,32.10727711654342,108.5728806554374 34.96221777512018,32.10711285308205,98.94785913381402 34.96243392953981,32.1069496199911,94.25172489360078 34.962583139730846,32.10697743593945,140.6301002627165 34.96280738551963,32.106745579011715,107.2823130639 34.96296751880142,32.10673385930445,134.66135428364672 34.96326125850275,32.10642755936896,107.84857052598291 34.96350100710227,32.106247476487766,94.482916885074 34.96364521305193,32.10619477741209,119.81152660436835 34.9639457572302,32.10596481533456,95.41530359402135 34.96410960541352,32.10590298052674,109.88549670924374 34.96435604106877,32.10576071178637,112.81966597379771 34.96460967990415,32.10559298118868,107.05377899615407 34.96480252169007,32.105462765815794,122.60753937979264 34.96498453416736,32.10536077690944,120.14912670478027 34.96520801417895,32.10516765994506,109.7602072402857 34.96549971196753,32.10505619411346,103.6121284805529 34.96558332925526,32.104970400945405,133.59695812342056 34.965884699767166,32.10479516003651,125.99221070004843 34.9661365392438,32.10459471023176,118.85952893155327 34.966326624976745,32.10454093782503,130.07558041050407 34.96657198240305,32.104365318932985,121.64465081693542 34.96676921175755,32.10423344966528,125.302010306595 34.96703084192549,32.104195447929456,138.18732098902413 34.967298102227566,32.10396293991843,126.05661201099653 34.96748947763175,32.10383365189348,123.18061373655479 34.96774952828355,32.103691570146104,110.3143782142955 34.96795823027397,32.103627591501755,126.63771907872875 34.96814187555834,32.10349305567429,136.08642868845487 34.96840212131743,32.103409031420746,130.46063373153748 34.968583551373115,32.10326946577206,138.90270750698406 34.9688775644647,32.103169494831235,139.48594659788682 34.969170925976485,32.10311161344224,112.48419266656455 34.96932676959022,32.102953346178744,137.48175597182566 34.96956937278611,32.102884562281176,141.7611362628239 34.96970022767454,32.10270813062831,178.94291935011753 34.9703199980221,32.10265052553923,131.31131541053463 34.9706041932094,32.102595799368444,132.3217973132459 34.97082267105204,32.10248542946967,130.70673528535102 34.97100171346417,32.10241951148964,147.4203642030653 34.97129951406934,32.102310276474,130.4623080491157 34.971612056257506,32.102337042551675,140.9280517998796 34.97186877501822,32.102267331564235,124.3639926194654 34.97215881476677,32.102160270306435,127.63168538346952 34.97243824827583,32.10213507270101,116.58679196474041 34.97267756255488,32.10210855134028,119.44524318172196 34.97285932857627,32.102061945157324,151.45894347806544 34.97328604806429,32.10198368094028,83.395035476716 34.973473562663585,32.10198166242551,130.1990694272548 34.973812942101254,32.10193983270401,105.44684595453688 34.97408638520577,32.101896068951305,123.98883399100545 34.9741274926348,32.10186073976372,105.20057539864968 34.9767814684686,32.101827514165166,125.19501445797803 34.97724565282668,32.10180364886381,95.95681884376657 34.97720440940554,32.101830392755446,111.81246774962933 34.9779259220777,32.10181196581398,122.45999901305348 34.97821718448566,32.10175919518508,84.52424019342469 34.978413924040595,32.1018244502353,83.79799059646706 34.97868806108127,32.10175927233318,82.36761148358148 34.97907256263018,32.10180300495343,91.69258113310826 34.979298373238066,32.101809611812286,92.61961907797465 34.979457547751444,32.10167284123394,107.66823656621892 34.979668717354656,32.101687007551135,126.68544579054013 34.980106524537305,32.10176354433178,103.16873925002534 34.98045154151147,32.10176354313562,93.03297000716412 34.98068782471066,32.10174998826662,91.69215470091075 34.98095076538807,32.10172982263759,93.05802035834691 34.981262481885366,32.10156829279968,94.75339608824481 34.98148769567239,32.101699273660266,95.15409338054913 34.98175503929891,32.10166266118718,104.4200568833749 34.981977999154964,32.101725104696506,102.03935514638681 34.982200877344575,32.10170146954458,110.5113057984957 34.98264141307056,32.101734314248446,120.1317956097211 34.98072487053871,32.09795427742954,748.6759631422348 34.986591201632976,32.101796579501375,123.15215851243222 34.986956369694354,32.101832839667075,112.05138671896492 34.98719648447402,32.10190907673528,120.56609975216233 34.9874407406497,32.10199833180708,115.9481523264794 34.98889545854661,32.10254886197895,121.74683508082616 34.98915467989639,32.102687206890536,101.82572760993266 34.989377420261334,32.1028301175049,115.98270353284566 34.98959916540619,32.10297203252884,138.9325486664658 34.98984711282426,32.10312611297694,119.15806824119365 34.990064019870466,32.10327006329424,128.0420741143064 34.990325693776526,32.10338177554421,110.43747839675945 34.99056231982736,32.10356743976487,120.38221019340597 34.99078446668348,32.103748448343666,117.7157172923541 34.991049214222414,32.10386437999625,121.53026396585686 34.99130539244334,32.103971468056656,106.61108154530898 34.9916297065705,32.104133081254595,116.03719335865182 34.99177654092809,32.10427747904165,110.75219918584442 34.99200312331367,32.104455905003675,132.5172692196317 34.992276069008724,32.10459212303482,131.54164131750287 34.99246902260651,32.10472266403616,132.1951488469426 34.992729786629305,32.10481542053158,112.12025004547718 34.992941356785856,32.104994081763245,128.6976566511878 34.993277994641105,32.10513869699663,125.18444427574003 34.99352524578405,32.105197200106986,114.60573417434523 34.99373737338995,32.105337874631886,133.462298271954 34.99396896145714,32.10546719062359,119.53879670582741 34.99423454437902,32.10563256888168,121.30904816169628 34.99446980861405,32.1056887773308,115.03601195035897 34.99470790577478,32.10579898835178,126.7343427243596 34.994930208570146,32.10594554879874,124.84826438043153 34.99524130536016,32.105978873428754,116.2223378386495 34.9954734015971,32.10604790008381,127.83117900715276 34.995748061020336,32.106135166956605,134.93434121621343 34.99596158946246,32.10620405962598,138.73385362870332 34.996289272561356,32.10620715451694,140.59051409258078 34.996535704711384,32.10633885202027,136.75662883473697 34.99681864206937,32.10630690307903,157.44527445972975 34.99713198756243,32.10641359260584,129.64427465711725 34.99744148786406,32.106465071251634,114.185198696641 34.997662152560494,32.10647835323353,136.0254489632383 34.99796484466363,32.10648731120999,135.6469277614772 34.998220686048015,32.106548438905264,139.62112086581402 34.99844165524605,32.10658899819253,140.58015792445337 34.998826771777104,32.10659775414033,133.85901850128823 34.99907476330695,32.10660900823716,144.82048785264254 34.9993170705737,32.10669537373951,137.83800064304728 34.9996386834933,32.10672464519082,146.6333001562679 34.99995695992906,32.106724940224595,132.42792470269734 35.00013704389445,32.10675448267704,154.99424167357904 35.00042102856985,32.106813281437965,136.79636335552124 35.00076514007034,32.10677864714991,138.473420344325 35.00097702271687,32.10682520710988,156.57236567175772 35.00124271684709,32.106874385021975,150.74569590322798 35.001579931384974,32.106909098401154,145.89775696475792 35.00173994019361,32.1069174831156,162.27829154497698 35.00212777683624,32.10696906935508,145.40391893689838 35.00238382673401,32.10697910049496,145.75798803614043 35.00267919877774,32.10701876304573,145.38603640171334 35.00290179326922,32.10703590615711,153.16431413994414 35.00313788300329,32.10712188786289,161.67588512760287 35.00346144696089,32.107086135198905,165.44351046086777 35.003757634542396,32.107143438963355,146.27663254158202 35.0039002528781,32.10711252641775,186.38449034759313 35.004271290125274,32.107236836915234,150.90891649612982 35.00450892459466,32.10720466991215,159.0150530115419 35.00480198062882,32.10717038222454,184.9773882330953 35.00509501276337,32.107292682650545,158.64474068118608 35.00533876559971,32.10730100392514,144.69450931911425 35.00560924784471,32.10728966946992,163.86044298910448 35.00580980063346,32.10732996454736,163.89889772204526 35.006109662806715,32.10736439423407,158.29934136058185 35.008652473382305,32.107663549542394,156.8128728345672 35.00890789869856,32.10769239270118,157.86515314659223 35.009134400570865,32.10771611350314,172.90900276792345 35.00939271693912,32.1077692368724,178.1835655071038 35.009702620047406,32.10780124153836,153.92791272984442 35.009928552846695,32.10781439388264,172.031526628495 35.01018767103854,32.10784369553206,180.2385756970498 35.010455626369435,32.107886033976165,181.0557526210362 35.010742178064454,32.1079167956094,180.374614794523 35.01098328341647,32.1079580109574,177.30377482076153 35.01128828813295,32.10797216426998,166.62592182899456 35.0116171071362,32.10805655662822,147.86095153274897 35.011799710296366,32.108054936539595,181.35250471296015 35.012096427451525,32.10807332068289,165.39743870794254 35.012662392718056,32.10817497340889,168.2892637337383 35.01293093889199,32.10816519339993,171.41226863145948 35.01568651182972,32.108042698594545,180.579272317809 35.015934901259264,32.108124872833535,174.6189097700188 35.01624942429939,32.108040810302974,179.45000854100255 35.0165006243162,32.108028467230504,162.21066672551345 35.01672772270721,32.107932996657894,196.35325988446863 35.01704977316376,32.10793963172412,173.18412582542211 35.01732979632058,32.10782758879989,181.70634861419623 35.017617965533034,32.10777307988598,184.295316027699 35.017950480083336,32.10786643232623,127.07810183003298 35.01820748496861,32.1077496309777,168.9499286060238 35.01838512431264,32.1076607880769,204.71728882635017 35.01861545919811,32.1076308107717,205.84902024812135 35.01885187116573,32.107583125438175,218.1467669466925 35.01931785285198,32.10757739051401,170.06675612626236 35.01956054192396,32.107569771072164,159.13459510965657 35.01987069574783,32.107541758168345,150.68671367734356 35.02004026266769,32.10741687360447,203.35781354417492 35.020420128964744,32.10741630019843,179.50759699932811 35.020494722730135,32.10737917346609,219.95413483075666 35.02097453405217,32.10733021887581,161.9842478362405 35.02119952875728,32.10726479717141,191.95632330677253 35.02152451139891,32.10741807628002,148.289896271713 35.02171466373665,32.107219152193466,196.2682347787398 35.02199293145408,32.107095525103674,191.08628904263102 35.022363866819035,32.10707748104066,182.02069224762602 35.02251041121562,32.10700082088211,220.03685754668507 35.02289117020302,32.10692018642414,192.06728858340068 35.02312223742066,32.106868962616296,206.6047988804108 35.023368794802586,32.10676189137515,223.44170993308958 35.02358308181601,32.10666283818606,220.09888432669848 35.02391087136972,32.10655063607067,209.6881103421347 35.02418539470634,32.106450286476495,214.77919562904393 35.02444026206667,32.1063071866086,218.2651456452862 35.02464656329427,32.10617059844298,221.7665827828393 35.02493441970896,32.1060786028537,204.49245810192676 35.025101882469706,32.105931214052426,231.90072893083786 35.025357956128126,32.105785912771594,226.44162229734374 35.02574961879217,32.10567444442024,207.46217864561302 35.025984578996365,32.105522544748,211.80273708920902 35.026152191829375,32.105412859378674,213.7481272953519 35.026392179018124,32.105262931330344,216.33838933981286 35.02657436572023,32.10514870711824,241.6404278785027 35.02690928421001,32.1050373975597,219.6454132327674 35.02716383445932,32.10489854367639,224.0388770072219 35.02742622546219,32.10476814196663,209.36853493997975 35.027646804226414,32.104642475194275,214.84538205849037 35.027823227652696,32.10449516306578,232.28792830196784 35.02812434476344,32.104381257718934,228.3999892476614 35.02838783892755,32.104229040422105,237.87252615703966 35.02864880402701,32.10408959847678,229.78547397495763 35.02887515577133,32.10396403484407,235.55820813593934 35.029192530612164,32.10382159830993,231.5997747561497 35.02939802292896,32.10366660330243,236.71056781497435 35.02965011508304,32.10357746492746,235.70664764081033 35.0299699795768,32.10335132328371,218.95848678819857 35.030189467017145,32.10326120508891,238.77085937840147 35.03045401876672,32.103179360263255,225.32438025201824 35.03075446759097,32.103003394654024,231.12494697788745 35.03101024857127,32.102848868160166,230.60367305734005 35.03129947121059,32.102714543163074,231.39836853988 35.03153422547214,32.102589557454266,229.462438875911 35.03178162755288,32.10243265380325,235.5404963130488 35.032042616650905,32.10232660065327,233.79660656511183 35.032304320394516,32.10219578029226,229.0299965646599 35.03256356194839,32.10208553153975,237.76170980071655 35.03273773584559,32.10193794465405,239.53660318173263 35.03298709139348,32.10182163600129,238.32336653547588 35.03326146460477,32.10169121429588,234.35628927873228 35.033486713268935,32.10158387679963,234.25652512478322 35.03368564389564,32.10146752694684,245.36196271353586 35.03387253011872,32.101341353236776,252.27580268959156 35.03415164512501,32.1012548493144,239.16992542682632 35.03444041206438,32.101149777804416,253.28560591257454 35.03464016770511,32.10101854516729,261.21859558214106 35.034850421690294,32.100933399026715,250.40063281036205 35.03514835551021,32.10081299637909,242.9452048428732 35.035225266891764,32.100760487155895,272.94899365625173 35.03561624601821,32.100676166209404,251.11892105169437 35.03588678076743,32.10054762945311,240.40096385917198 35.03611098252502,32.100479385777135,251.19187696389795 35.036360713304965,32.10039450739663,245.51539994324492 35.03664936692659,32.10032060556594,239.73631270149394 35.03694188604989,32.10032098056274,224.23164748200278 35.03719299691114,32.100276801134406,242.38333026804887 35.03748361409522,32.10025617406028,193.6985559217164 35.03763713453988,32.100139302674364,238.7327254728777 35.037963179497524,32.100195521270365,223.74223295371272 35.038217929356534,32.1002232163528,216.48994157458853 35.03846012627692,32.10028405356158,251.23863456167837 35.03870802947528,32.10025264129724,245.29858656487562 35.039003624404394,32.1002139116626,234.2731036431534 35.03921062934348,32.10024310573268,245.27043680001307 35.03946495415658,32.10032748799933,252.4616628148227 35.0397382163424,32.10031341831471,243.1283496413082 35.03995892802459,32.10038744512295,259.8603469159077 35.0402236999602,32.100439839501526,254.53906438913737 35.040460138950365,32.1004551859416,258.221335251011 35.04062205365927,32.10052586766779,282.08507245928104 35.04097345026175,32.1006635648337,253.68946603269728 35.041186295429995,32.10074068250128,250.32692527269234 35.041395101242784,32.100764289854,267.7676407447041 35.04174552751549,32.10084705461778,273.5092741840644 35.04193606527546,32.100939513306834,262.68568251109656 35.04221896083961,32.10102669057197,276.17249945349926 35.04239888052941,32.101067006404634,264.78280209832366 35.042626966717336,32.10120435421659,268.04984680512257 35.042910681977915,32.101270674787855,261.97288134438077 35.043219179953354,32.1013597841232,252.5949260677561 35.04337113697476,32.10144494122113,269.77295986907376 35.04360925729181,32.10151308277714,259.8041323392282 35.043860935950434,32.10158241715736,265.58830595963025 35.044128227231305,32.101680185451485,283.737503256994 35.044398589198025,32.101808750212875,280.95408790273365 35.04466914347757,32.10183480424872,266.88311789713595 35.04486881178274,32.101934402066426,284.56333796079645 35.045170736046614,32.10205097431569,277.2931205628507 35.0453875329774,32.10211530612183,275.44590395097345 35.04566376322795,32.10220750567482,287.3028950087088 35.045976786751666,32.10222276437179,300.66502296828025 35.04623311902959,32.10233802297221,281.2789204340684 35.04651891421394,32.102329207732566,283.92549479458313 35.04678650327434,32.10245604230258,276.8834855756249 35.047060859845224,32.10246915826028,290.7116663518761 35.04735192387933,32.10250854981664,289.0150863944432 35.047694349623036,32.10248723832725,264.8637685461729 35.048020300640104,32.10251509206606,269.6646574003713 35.04820532311435,32.10248450202114,285.6893233380614 35.056989968003634,32.10086662923977,278.8010989667431 35.057365676538666,32.10081121063073,261.5481993087345 35.057594564688344,32.10066041826922,299.46584600775026 35.05790568694206,32.10064413550963,294.24311563077134 35.058155130573674,32.100545829304295,283.34192146190225 35.058494039832674,32.1004791118872,287.5263870639288 35.058695597462744,32.10044831311806,304.83186690172323 35.05902391737728,32.10037607636576,289.6064577095111 35.059346440148865,32.10032533384081,292.9819629461954 35.059677269402634,32.10021922396808,293.3234420427291 35.05996459619664,32.100165913649256,286.31338977812004 35.060246582007444,32.100091737356564,288.8291117806081 35.060582712711515,32.10003073620285,292.2479790882733 35.060929271610725,32.09996707831505,292.12159223283237 35.061203116429766,32.09997963555931,285.671121665943 35.061514773087595,32.09985452998946,274.79272801337385 35.061783800474515,32.09976503031038,290.6838874896103 35.061977175931396,32.09967700205916,324.9477476646504 35.06232259839601,32.09959533518452,308.80523904622004 35.062619173351294,32.099532973250724,325.0565775373295 35.06289707696077,32.099585794060104,293.90108988014333 35.06321086689532,32.09942981431889,310.35448902858343 35.06370472370644,32.09941301140854,297.2676748332819 35.06401430108615,32.09929608790449,296.980207521717 35.064339699249246,32.09921401422867,299.04372580596834 35.06469693947893,32.09913287732404,295.8637955125334 35.06496139526241,32.099078978001174,291.33592586055164 35.0650870898033,32.09914823404523,303.04315782620193 35.06524048552021,32.09890750873949,342.89520535651724 35.0729514475668,32.096969252602754,303.47987250039796 35.0731534456469,32.09695981370869,313.5489442438737 35.073038797351764,32.09681499924276,385.85314138005606 35.073623559408176,32.09674819077036,314.0610687339067 35.07386969182619,32.09668013596622,324.7138582325857 35.07397416367874,32.09661684917638,361.39946258333583 35.0743517548663,32.09650131806833,346.63405076813245 35.074515874636745,32.09646027731222,373.57277608997924 35.074736372214076,32.09646344924637,334.97255976721425 35.07513894265624,32.096321973823905,334.48152510146843 35.07532643907089,32.096354638016706,331.1666972004317 35.07567137590961,32.09617359045509,331.82034703300656 35.07569838560335,32.09606756409442,381.8482381454959 35.07612966084587,32.09603864380256,353.6107981708391 35.07619594639873,32.09599011097776,380.15514897032745 35.07664171963115,32.09590221737192,351.29907470536335 35.07709277860732,32.095779773296364,369.65335252540666 35.077286471004484,32.09570983119152,377.2422576024286 35.077583003170076,32.0956001937053,367.74200352792894 35.077633983667056,32.095527393112555,411.87171053151076 35.078247538701596,32.09545389680876,332.8934549704192 35.07830100916883,32.09538672446335,376.36011733636764 35.078888121241995,32.0953783450407,301.08503474675507 35.07896178871757,32.09518527955689,411.8345373526141 35.0790584464895,32.09507197621113,438.07282278411765 35.079723322641804,32.09503212293027,341.78890113624135 35.079885275243086,32.094934704482796,383.03931254442836 35.08016985797404,32.09488652532885,376.6640268742478 35.08047684686878,32.09478866726519,368.6390133321205 35.09426913495386,32.092274178214026,392.27079243673705 35.09455173342241,32.092306733235326,394.8611339262534 35.09488145327084,32.092365795134256,387.4139589849028 35.095135027805235,32.09229701651746,418.5626821133287 35.09543018792258,32.09238082868948,395.89460772247236 35.09581881671132,32.09233018143463,384.10778571180396 35.09617218211029,32.09237787030113,386.1060908782106 35.09634669067718,32.092399236406585,406.1350760086727 35.09677675881743,32.09235874368334,396.05192464753486 35.096937664797366,32.09235104048486,409.22380168986575 35.09734848509188,32.0923989428565,389.7941599179987 35.09762927881869,32.09235035343493,414.81684395920314 35.09793791768139,32.092487328539484,385.77479703887644 35.098270777662506,32.09260341408574,349.64827072211284 35.09858969448255,32.092476799290566,378.64182330400575 35.09882594380423,32.09248942276162,403.9567887165504 35.09926144793665,32.09249737274577,365.6413718149376 35.09965896825999,32.09251597818075,350.1369169232742 35.09988159927394,32.09253457176647,370.5622409665903 35.100353064688626,32.092546333435486,353.8437295358944 35.1005405737267,32.092498298202656,377.03225928060743 35.10087426053279,32.09254215258223,368.2291332703175 35.10110880142326,32.09255188699515,373.4459060848871 35.10151973207278,32.09254852734847,363.99095758918065 35.1017741528303,32.09258733233967,365.3348437213458 35.102007946991854,32.09249636874475,408.6859306206649 35.102366827384216,32.092571860818275,378.71092721194907 35.10272326401754,32.092567595468445,378.74353182448095 35.102840667077935,32.092545808885404,424.7548290384058 35.10332444439433,32.09251329848003,365.1751132787626 35.10350231133468,32.092682918230224,375.563594929703 35.103788457707246,32.09271702457431,382.08115787216525 35.10406713152284,32.092741130992444,379.34025644875317 35.10439463315406,32.09273642837059,384.82576185968037 35.104654190971594,32.092756798313715,378.11384412533204 35.1049634000147,32.092827758654714,392.4038118531258 35.105113298354844,32.09279199285484,389.2998079618712 35.105467647963486,32.092888875739135,381.35529042525656 35.105899412274546,32.09295181803216,356.6759080443118 35.10620417762413,32.09301094952682,355.89410342967835 35.106398818621486,32.09309729916592,377.7158189225279 35.106651307765844,32.09311049302778,374.36539968312286 35.10691182558022,32.09328267535581,386.89744682850034 35.107281679626404,32.09331297480388,368.89557193416897 35.10749136747362,32.09329958077035,387.65033153494886 35.10777805042118,32.093413178532415,374.1428915232274 35.10801495688887,32.09351717208331,379.7270443397253 35.108300090373454,32.093581069054345,396.69789617810693 35.10867556831572,32.09377300932869,338.9268829816391 35.10885469998799,32.09379488732797,380.2773920628064 35.10904465079807,32.09388079731505,389.8715393506174 35.109405580556945,32.09401353897522,359.87634938050076 35.10962247174344,32.094080957026385,383.3678459473212 35.10994744517441,32.09416903856851,376.261681025417 35.11015865800989,32.09430328735579,385.86350913889567 35.11047566913506,32.094437921716064,387.25680692497923 35.11065335335381,32.09458087683172,393.1071056187875 35.11095038470026,32.09472589973505,371.38583596382597 35.11126207654804,32.09482438484561,356.53292453059925 35.11145006927944,32.094953363000855,365.90319430007435 35.11168073113805,32.09507407153059,376.37249274937625 35.11192676959485,32.095212729415955,357.29348842555845 35.11200485285843,32.09534525753301,395.1975635780806 35.11242233740645,32.0954656861236,361.0964806224313 35.11266198937595,32.09557497123321,373.72341454430097 35.11272841310199,32.09564284003421,415.6013653799872 35.11309882790868,32.09582973331917,363.56984080483517 35.113350708945184,32.09590222926637,394.06935306554044 35.11356587972625,32.09609435341022,389.6874486805164 35.11382355965465,32.09617687827048,392.0199372270287 35.11405673962299,32.09629232088191,402.1240429902385 35.11434642041918,32.096494564644004,395.31630572127364 35.114590584026935,32.09658494019626,386.7449249451113 35.11480000068756,32.09674594837552,394.4535985078758 35.115060139862116,32.096828594882936,393.80298032164154 35.11523142088328,32.09695651976448,401.0438706245559 35.11558599158813,32.09711110693861,378.787825991123 35.115769198250455,32.097243364245564,389.5013744512894 35.11596290431716,32.097371917693934,396.50454981199874 35.11620096933849,32.09745364782783,394.64232052695763 35.11649593061264,32.09761959391938,395.2818849865952 35.11679623008481,32.09772802112943,382.44233354593723 35.11697372703415,32.09787267548317,390.47358261318186 35.11724255125809,32.09799739695018,393.3370588359838 35.117503029728105,32.09807053098735,396.07219742253244 35.117799331569096,32.09820903529027,364.8836718690992 35.117944543705434,32.09837512097929,387.83442138517603 35.118123242346904,32.09845235485739,404.12263866809866 35.11841733828965,32.09857006493572,398.0059653001129 35.11861014089925,32.09870191672781,409.46251691632875 35.118728274424356,32.09886941755089,408.2792095548248 35.11912430834065,32.09893646117886,401.41184824824705 35.11931334199055,32.09907260501842,400.78824069925747 35.119562444000856,32.09919650331664,411.25676456041407 35.11969598540454,32.0992953317616,392.54308445014243 35.119936203839536,32.0995183939699,415.43834620319586 35.120254005800206,32.09948958542191,400.8148823314327 35.120437253673224,32.099642369188125,415.50361052866515 35.12076048569021,32.09976453410415,378.22145051158384 35.12097490322909,32.099872521936085,393.62255284014543 35.1211479727099,32.099974937821436,422.54602597103343 35.12140464957053,32.1001123840706,421.2623890724341 35.121605853366404,32.10032030124167,418.70696706349213 35.12185593895659,32.10040531323831,408.25322762109465 35.122104907906554,32.100540273000306,423.27660167711997 35.1223988449636,32.10065266712635,400.37101052152286 35.122618059586294,32.10084965689034,403.46014266443166 35.122794303487524,32.100904290688376,411.6330551811603 35.12301432379131,32.101038594480954,409.79151071573114 35.12330640923239,32.10110958615645,418.14327334627467 35.12356955701812,32.101268507754945,412.24169610930704 35.12377368718266,32.101423345191044,419.51545164571183 35.12399684637673,32.10159277993068,417.44384049136863 35.12425379800278,32.101729355029434,409.2235851263366 35.12447586039453,32.101895253762734,414.23503058323456 35.124679706512026,32.10206510171816,433.77575631818405 35.124879182395446,32.10222557095717,422.3883427716335 35.125108685702095,32.10231152181746,413.9225788794017 35.125319713622964,32.102491478144074,428.159172464256 35.12552052199796,32.102629005783506,422.10601410886613 35.12575261444806,32.102779713616044,420.4145924226273 35.125931322538875,32.10295234201084,427.3690358276283 35.12621884773275,32.10300171751646,412.34975746824097 35.12640055839885,32.103245126381516,436.98529446988704 35.126616355541536,32.10330276646602,416.8568484217826 35.126827688125125,32.10338338570296,417.64249525512577 35.126965954907206,32.1036645538711,445.8332126203323 35.127222110588804,32.103688433025354,423.9080706530152 35.12745396294716,32.103802206322584,423.1820545572148 35.12761447009182,32.103937323600995,433.42267663433404 35.12783833545667,32.10413575088899,434.6794854069569 35.12806734698393,32.10427012899376,436.56757001402195 35.128277531536334,32.10439309030135,430.3163012703454 35.12850178728945,32.10449830950186,413.0066112286543 35.12875850260382,32.10463199929655,418.04936254737464 35.1289406685651,32.10489285940853,440.98425280212876 35.12920285073406,32.10492441915676,415.50772476721954 35.1294135984876,32.1049994990973,437.5523962669434 35.129683551499255,32.10519702647996,434.87258561364195 35.129879221047354,32.105324577344334,437.0053999231807 35.13018834827544,32.10543826414168,428.2504102462976 35.13038042783471,32.10549150683721,434.4045960199871 35.13065452605771,32.10563177754896,422.96687217117034 35.130886324727456,32.10572809188352,435.92908220834994 35.13110209243605,32.10586390998406,442.1196947148729 35.131386574857196,32.105935208934476,438.1147909222585 35.13163784873913,32.106088371487154,451.6423549369967 35.13188137848492,32.10621198983483,434.2643510790342 35.132141250255856,32.10627929397773,434.42666817986554 35.13235536515125,32.106430709612496,430.1683757669805 35.132657876541685,32.10645850760756,431.5663817688317 35.13283168991126,32.10667340335965,434.68935530798024 35.13314343613178,32.10674714685376,426.81687171882356 35.13339683671577,32.10690284818428,435.4562478084551 35.13359324299134,32.107039686730644,442.7121147514629 35.13390010845889,32.107092932593524,437.65926707194353 35.13413190172721,32.10717278384663,433.81259775265903 35.13437979516033,32.10734097269234,432.2996537803455 35.134624737082056,32.10745985565747,437.87524692764094 35.13486625706449,32.10757383664478,445.5169198285316 35.13517134137893,32.10766616738735,449.22205832526794 35.13534832029035,32.1077428735573,441.79207060869555 35.13560210865154,32.10784924814217,443.21136774101933 35.13581992143051,32.107946705572,440.77351820308104 35.136079074869194,32.10808587884324,438.564592338612 35.13628559157966,32.10819200203836,442.6112238075051 35.1365112527385,32.10824375180969,444.17495722083356 35.136709273989794,32.10837968421067,448.39956625528856 35.13691496912566,32.10852054337134,456.7688831993976 35.13719201033023,32.108571860211015,449.5831161618754 35.13735954518337,32.10865563252355,452.6850640635316 35.13757140329024,32.108734667427015,447.3812778266675 35.137769336331154,32.108787711521245,472.4677279976457 35.13804200288159,32.108881181976884,425.58884791085774 35.13819408669798,32.108972599545844,457.81678564030085 35.1383774946022,32.10901304027146,449.77689642845723 35.13844030331274,32.10907755069494,487.21532544033494 35.13874583969369,32.10915196415042,446.81553729897877 35.138888267226555,32.1091530389923,465.3361033548854 35.139283221683506,32.10920705700599,404.1103608949804 35.13932163987851,32.10926557247929,462.72180144633546 35.13946155586911,32.109307291689504,449.6062242036291 35.139561577979606,32.10933669976594,461.52525081627556 35.139673097231515,32.10930899680989,483.60182173026186 35.1398251933578,32.10936539485594,445.55816276698204 35.13989965635827,32.10936763049214,452.7813229394397 35.139934041813895,32.10942034898065,456.2455611152697 35.14002393590086,32.109375722944485,462.69223623143176 35.140100396961586,32.109376639684214,440.2393375170351 35.140039215328954,32.109407024736214,460.3935704478673 35.13997519436001,32.1094424115924,473.84052883761984 35.140037311636775,32.10939700309685,466.0502461616089 35.140118792111814,32.109395708769355,454.27573950464034 35.14000756136256,32.10940270685016,473.4938233231954 35.14010428998475,32.10935477250757,445.4941779022681 35.140080653579666,32.10944794535019,455.6962249559806 35.14016649293582,32.109389352989126,448.244402332257 35.14015184204737,32.10940975678804,459.1302351532624 35.14017046230068,32.10946479704643,464.55679725974636 35.140231308092154,32.109477397875125,470.7762506662192 35.14039559127132,32.109484901165295,452.53205205204534 35.14047094513091,32.109463011782836,455.6148494876424 35.14058946079164,32.10946883273592,455.65391734026554 35.140638001928394,32.10949043117189,459.8605843018922 35.14071301141146,32.109471863103536,481.07630278169677 35.14096359990384,32.109483620688046,447.36452862146285 35.141092631314905,32.109521278958965,439.3005216173333 35.14108711113185,32.109512727442215,481.9319682214768 35.141150821413994,32.10947187902484,496.3258657994491 35.14146302337989,32.109526552767456,461.62248343362836 35.141666547167546,32.109527995653394,437.4768036148045 35.14195602175832,32.109524385289504,437.8100618672662 35.142059530520086,32.10952962399275,451.75990155939996 35.14223712269956,32.109511258207554,466.6953451524559 35.142364658259915,32.10955440864576,473.14218349366973 35.14265091699949,32.109515873325186,444.4943589265551 35.142918769118424,32.109542852878334,442.69109264438373 35.143068231943666,32.109497992398204,460.7697738541992 35.143144810154354,32.10956410567186,465.1135615307123 35.14343419666911,32.10950251343446,462.1305168691549 35.14362335864408,32.10947375913173,466.5196652251248 35.143843978424734,32.10949222541496,461.62074605197284 35.14396973683416,32.10947252007446,490.91428160678305 35.14428514273495,32.109422742529546,458.3717733158502 35.14458099028724,32.109406627931556,452.76985398516115 35.14475144612932,32.109416220680664,486.68452758149283 35.14491513033241,32.10939081671278,473.498255185363 35.14527185676076,32.109351588008415,470.9579986655455 35.145476300599036,32.10933623269578,470.81058442192665 35.14576134357437,32.10931638544477,478.18435492745886 35.14604598693832,32.109267054128935,477.72520967924476 35.146243991995185,32.109249210073706,498.58780707052637 35.14658390943031,32.10928002509375,452.7594093824902 35.14677722762848,32.109231750324376,472.3865849115288 35.14700242659797,32.10924999704044,477.6556828758147 35.147333550520145,32.109164221048395,476.3684806782841 35.147509640747906,32.109092864526886,494.668783736179 35.147853680360896,32.10920002751786,472.2678140484843 35.14803752737293,32.109184454574034,494.6403696064699 35.1483867446276,32.10914188450839,472.99511838484864 35.148734215193485,32.10911075573094,487.62261280029486 35.14888737467661,32.109114125795685,484.6190214552641 35.14917325451076,32.109136026782586,470.8722519916793 35.14940161212789,32.10909776637693,503.9392242819277 35.14978242210236,32.10912582331186,474.64577291835934 35.14998314713338,32.10918152291821,465.8596511322962 35.150225425717245,32.109024804103875,511.8678528483068 35.15048999850463,32.10908100393169,499.1931856959165 35.15082069145986,32.10912829692251,471.07556520692526 35.15102629833743,32.10913153056824,508.68502721443775 35.15131200459258,32.109118607407176,498.19692067239254 35.15152142423116,32.10913103039627,507.5049084771743 35.15181048295687,32.10916283145746,509.46226848219374 35.15210738197208,32.10918371402553,506.8599190914434 35.1523688153882,32.10916443975076,510.96837828857616 35.15259684392307,32.10921326226958,519.2928602859628 35.152898482055676,32.10918860106295,510.1765365442703 35.153142166062544,32.10919265908874,517.3488952233099 35.1534235207173,32.10921969616165,515.1924336420102 35.15365469204918,32.10923491927158,519.1086003274185 35.154008357079285,32.10923633265991,512.6261447622798 35.154204400707584,32.10924504966476,521.0606720957254 35.15461658359405,32.109197299353184,490.60698137508655 35.15476201362262,32.10928191553042,518.8511251524917 35.155026262180975,32.10925659421124,517.2261519894893 35.15528470943779,32.10922908493133,528.0985903129889 35.15556270880229,32.109295865922995,525.9701848894628 35.15585170555099,32.10924042995355,533.2634346321671 35.15610380143468,32.109303173287934,534.518940282128 35.1564282733639,32.10928912610041,526.9783838369968 35.156637970927235,32.10928615878993,542.918614608813 35.15697439243342,32.10931218102904,526.0290315344754 35.15726882767033,32.109275453453854,526.3321482048398 35.157523155658815,32.10929202009239,529.7383686930117 35.15782328034003,32.109266604713824,531.7705838650904 35.157993372928516,32.10933803506973,541.4032083867512 35.158430042526525,32.109275808159374,515.2472545930693 35.15888939293106,32.10940065987382,492.0035971975916 35.159052935533424,32.109266266891,513.656065509387 35.15908936383687,32.10939667168203,550.4876523778828 35.15952413245953,32.109325042118535,524.1273546527221 35.1597773827771,32.10932893075959,541.5114769047254 35.16003366312903,32.10932828392728,544.6628764988055 35.16031656001994,32.10936552931812,530.5746876515228 35.16064973307759,32.10941077730893,524.2233415605384 35.16067859729715,32.10943881335754,579.6410081255245 35.16135365459821,32.10936220975682,510.3754923867607 35.16147693837844,32.10944389751126,516.6253831702314 35.161715837858644,32.109407579882216,521.6023623223481 35.16173644282424,32.10945091031997,540.1704841972892 35.16202637982096,32.109447620905996,537.9748812090157 35.16233594881656,32.10941151169833,543.1349999888702 35.16247805300817,32.109447828739874,553.2055821053085 35.162754121239644,32.109478677258856,546.6362375244674 35.16285698650692,32.109453133781024,556.9864134720113 35.16310879618451,32.10949752115334,554.6665799632907 35.163251454216386,32.10950729908673,554.9447558974717 35.16342348681595,32.10953726120982,552.7477523322436 35.16374705919648,32.10951963019342,544.566100488883 35.16382239529742,32.109506263117254,556.4688101043815 35.164169953727615,32.109395113213175,537.3672860179065 35.16432597481326,32.10950048063329,536.2018111373875 35.16448659064537,32.10942765710317,530.6038275375722 35.164490676492996,32.109462273456984,554.3330383444484 35.16464067560564,32.10947139356097,564.6410022669478 35.16476228730743,32.1094619568081,550.2751473037051 35.16475940024814,32.10943432106997,553.7749791387246 35.16480124946154,32.10943336100887,557.9764185199687 35.16488840841249,32.10935627392384,555.4706505726931 35.16483352689065,32.10929952690982,560.4997548060682 35.164876200209655,32.10917637663902,549.6441224517308 35.164890715108854,32.10916040534099,544.3999091034088 35.1650868816528,32.10910937276649,543.6601222648871 35.164941010350766,32.10907694599551,570.2934261921845 35.16499349329393,32.10900043874427,562.1128437798441 35.16508729629717,32.108882605598986,538.31585870217 35.16524902513205,32.10885078517914,529.1920428397971 35.1652350066408,32.10884695646483,546.0493760056164 35.16531296540396,32.10875489665962,545.3008094533053 35.165315467174274,32.108756984857074,554.5256808477506 35.16547497345759,32.10865662860033,519.5090011417346 35.165343760757814,32.108623009638535,547.7294089126474 35.165516141033564,32.10855744254307,530.0216769518878 35.165460569047326,32.108475065100095,549.6946768193912 35.165364592407194,32.10839444037993,538.7296001672389 35.16538292514148,32.108275919812115,531.0808244236529 35.165323477414326,32.108215878031665,539.610137979807 35.1653829174156,32.108071150410204,541.805739420794 35.16530563133789,32.10801511013427,569.5731044820923 35.165237430232345,32.1078002165259,536.8298656293962 35.16513469241023,32.10771569545088,536.5711723345078 35.16502207243568,32.10770505169765,527.464280311912 35.16507595083318,32.107406757389946,545.8160940863435 35.165002181823084,32.10728537952791,537.9944114158343 35.164875413702944,32.107185560553525,541.2272692347873 35.16484462567072,32.10700863315612,537.9629431480578 35.16476258777887,32.1069239547052,546.4593011342178 35.16476905072676,32.106691514720225,537.2038064605026 35.16473142444785,32.10655665628449,536.167795825143 35.1648355854884,32.1064382633822,526.1767027176239 35.16463411473313,32.106236142953,527.0786380862588 35.16450725721783,32.106086737491324,564.1087790646072 35.164536554966126,32.10594328795978,553.8000333436244 35.16451800519977,32.105795408766994,560.6720478360114 35.16460141688538,32.10575048426566,561.9745968629388 35.16449061737905,32.10554769126332,521.9766132162022 35.16447064739337,32.105465270360845,552.3500633753563 35.16439961525096,32.1052786887253,521.2682341271634 35.16427722966777,32.10510826631425,524.9870199194648 35.16428272001313,32.105015061067114,537.2982148157804 35.16409807284209,32.10492035351181,559.8918985628694 35.164117606306476,32.10477508068569,538.3879141050751 35.16406828997699,32.104606601709705,529.6496710835796 35.16423924484908,32.10449030599094,529.7681697829049 35.16397071170038,32.10433533868459,528.177984841597 35.16385249193787,32.10419246978005,512.5345975705118 35.1638934654434,32.10406644124247,534.3629306190107 35.16389691846964,32.1039141494136,498.0016657951631 35.1637494024527,32.103765648068546,518.2832411648616 35.1638447184495,32.10363549154096,502.3226783541798 35.16360040979709,32.10363540813179,541.1408703088865 35.163736327277704,32.10350750176902,517.3880215102714 35.16371216099056,32.10332746333964,504.46859523810804 35.16365362225681,32.103300191780086,522.266052836291 35.16382905615195,32.103187282436835,497.17263455503183 35.163670236533164,32.10312906912629,522.6090361336561 35.163717449739856,32.10301511871659,495.52968043699457 35.16363615446639,32.102951790645804,503.930915238482 35.16361698417621,32.10301217598679,524.2255450724256 35.163600712129515,32.10294186107369,556.4374045164329 35.16361730718585,32.102905636179315,538.0601068844654 35.16376109117128,32.10281750855695,535.6088800020478 35.16361672927617,32.10278950708327,548.2621852420561 35.1637409058741,32.10272009684437,514.2457425676317 35.1638052308328,32.10271816489888,534.2734958963714 35.163857816351154,32.10263991792563,526.3110566183815 35.16385623729618,32.102568641378944,548.3914719056653 35.16387542183693,32.10249971407192,545.9864742107646 35.163783114845465,32.102410718696014,543.364992094555 35.16392145029039,32.10226974188216,526.6376023435347 35.16394004498188,32.10217569204702,547.9309106517912 35.164083599362655,32.10212680600268,509.0053901144195 35.16420243238375,32.101975481341455,500.37732352898547 35.164097447130445,32.10177136124793,494.79227012598375 35.16419474856308,32.101646906946186,511.9574516604282 35.16430265848698,32.10157658153893,524.9288333142023 35.1644279811374,32.101486878616306,514.084917828061 35.16455232283178,32.101351390819886,513.2814926522066 35.16472529883978,32.10122411613074,501.65288293689684 35.1648774404648,32.10115055430096,513.8586582140377 35.1649598495041,32.10104869312987,527.362469650086 35.1651093652432,32.100891020405385,521.6895554566131 35.1652304617466,32.10081908571653,529.5407920960106 35.16540212857844,32.100734769568525,520.3053231262046 35.16571429549144,32.10061376626312,508.95003762920305 35.165738245984905,32.10054483790219,533.9659822995316 35.165995388296196,32.100440869554184,511.5723464004804 35.166192515080645,32.10037107864916,516.2488014263588 35.16635863918207,32.10028301663638,516.7362097574327 35.16658205323058,32.100153223763506,521.7054228504612 35.1667481202582,32.100156907465234,527.3658007685731 35.16699328173123,32.10007395038142,525.5849064508859 35.16722024372065,32.09995185701806,512.6763810272869 35.16739263695894,32.09993612754536,498.7738740377539 35.167625660367634,32.09993885975565,536.9177387556282 35.167803447595254,32.099858987160616,524.2728558675757 35.168022309567334,32.099823611586274,531.9586784931882 35.168103743084245,32.0998742152157,542.1933054362361 35.16849041104297,32.09988613310015,523.4224168955903 35.168847517170015,32.09984089971548,498.7559911103084 35.16907896305325,32.09983752586019,505.4066787939685 35.16930427186753,32.0998896590563,508.39289607533675 35.16941147056991,32.09982169722,521.0360400716929 35.1696652297288,32.09989390280966,531.6621644905503 35.169740027666556,32.099890843752235,562.3437214624411 35.170211738343134,32.09993015474752,496.2939883304243 35.17031721000218,32.100058546471885,557.6799380794337 35.17056166819859,32.100092050306095,535.3711440661116 35.170861183726004,32.1001236224035,521.9315052182034 35.17105737770111,32.10010226405235,551.1856071195164 35.17118069628291,32.10024035595604,562.1893401984714 35.17154603123827,32.10033947120919,507.62297065868563 35.17172258169094,32.100422701694725,539.3232699378234 35.1719347918369,32.100480125175494,559.6578948559786 35.172084609332586,32.10057020768184,564.1240413246197 35.17223883976407,32.1005540884026,577.2364004341861 35.17243159772037,32.100764613398525,562.0245553082827 35.17273049505871,32.10086414898361,544.7151903372289 35.17283548302729,32.100888686275844,561.0206513099263 35.173061187280005,32.10098103410574,542.4467749634997 35.173189836467444,32.10108695261191,538.330271516599 35.17332847054961,32.10119274079169,553.8210120313977 35.17343421076831,32.10119272557697,547.1129934777437 35.173472335389285,32.10124443619986,566.1720619191923 35.17361497433414,32.10122849455138,556.6173172602809 35.17366898310284,32.10128272422415,560.8712016075655 35.1736550846122,32.1012579343981,572.8264985183496 35.17397200602735,32.101281653065655,537.4568574272208 35.173963122449955,32.10136002333287,548.7749932280674 35.17415024657373,32.10147045247993,558.0151946676682 35.17409131330281,32.10151103388541,547.9044384508554 35.17407289961907,32.101468821111744,577.6260252310931 35.17428632929234,32.10157924537079,533.8842111369495 35.17437366253849,32.10158197908299,595.4321084811772 35.17447202238413,32.10155062321395,541.8166951491556 35.174529403548675,32.10175413360818,550.1332285322856 35.17473947989818,32.10177445782233,555.1585781452821 35.174804165963536,32.10176385272414,572.6946348034021 35.17496830371774,32.101773864440965,502.966787864641 35.17497211865131,32.10198366949822,562.3758028335549 35.1751741607953,32.10185723527386,543.097328575307 35.175495983387464,32.102005354701596,570.8275894068424 35.17575233936158,32.102047784191335,572.1283587703205 35.17563166143652,32.1021521957832,593.7540304685417 35.17563796874397,32.10224216524475,582.3122029067532 35.17588027318282,32.10228981734435,553.9415151761137 35.17592221269664,32.1023712689428,575.5678173176033 35.17628710636798,32.10241866666195,556.4228389578611 35.17640883718333,32.102502936219004,556.314147426787 35.176470555904025,32.10253276388352,582.4821468110362 35.176601263135595,32.102556429616044,602.2261903027004 35.176866924156386,32.10258851182277,546.1939018069471 35.17683207104407,32.102603109233044,591.3474404408549 35.17710616894791,32.10264585982901,569.4569919067332 35.177186327307346,32.102631802890436,580.8208877531066 35.17732260736951,32.10265900274854,578.0870908430319 35.17731963963355,32.10262077026012,603.4520362802124 35.17746420645351,32.10266868563039,597.6093397848733 35.17756999439749,32.102668028621544,602.4526279181986 35.177588802511146,32.10267726574618,639.1507806176133 35.17783094570151,32.102618930123505,597.7216689953186 35.177907287680796,32.10266030836568,604.8886656660767 35.1778550680437,32.10262440430381,650.146775957233 35.1781383675903,32.102563701778834,624.4964040969654 35.17831928881021,32.102566999302425,628.1810280938502 35.17845428265629,32.10252402044468,592.1186664085941 35.178484965332004,32.10249919581113,598.8071459919378 35.17853314592314,32.1025273224619,605.2218309837194 35.178625087074,32.10256831458542,597.5716762854323 35.17872830648399,32.10246146738467,594.8972022513836 35.17882197423339,32.102357984969906,584.3728387242606 35.1788091326705,32.1024156558964,586.7918489756566 35.17891645684353,32.10239946428193,613.3891732102857 35.1789373687053,32.10234526056628,637.6673769597634 35.17903526566759,32.102447184437196,618.4738074529718 35.17907343631821,32.102450210282896,619.7965493752712 35.17905410914782,32.10248902828359,606.3652351104146 35.179219462847186,32.102447342820405,606.4666710896561 35.17929152136155,32.10242566473799,575.0994978371536 35.179508211877796,32.102402187734,597.4601550838344 35.17957156297912,32.10241277919466,620.1804449144673 35.17960947921595,32.10232389772473,612.0210846448592 35.17960043548967,32.10241749973654,600.4695129743872 35.17970470210492,32.10234415743671,601.6837640878844 35.17989942431315,32.10236760573349,584.4574100733893 35.17966579104363,32.102516800160046,620.1915118471107 35.1799362295568,32.10237724543244,599.2127079564624 35.18003244744521,32.102359432039314,604.2906354272006 35.180121678640184,32.10251968753132,605.8734860642805 35.18029768351763,32.10240349268328,602.341772834659 35.18023063342604,32.10239344649414,642.3466780928348 35.18033552443222,32.10243989371066,655.5970859277654 35.18053333534374,32.10241179783331,634.3428964186868 35.180628342669884,32.102413097013006,649.8024964921 35.1811074243613,32.10241740266958,563.1346241324484 35.18097246370823,32.102484784890436,630.3493077282332 35.18130381691984,32.10247699314482,587.3368971158599 35.181383934868,32.102546879025944,607.1522105309465 35.181443830453674,32.10249635928061,631.535856408116 35.18154916560203,32.102568816609526,640.2471542670758 35.18174676175858,32.10261890386145,629.174528357649 35.1817249590896,32.102667114734494,679.0461762755235 35.18219383189327,32.10262099446246,635.2988206043867 35.182470336671685,32.10271849268737,581.2822526818314 35.18251448152849,32.10273994031568,636.1214831558189 35.182656515114935,32.102867528322406,610.8464785242869 35.18273219561435,32.10298849052676,640.8622544289825 35.182697458438135,32.102977267543594,713.166929000216 35.183267948190476,32.10305655635206,632.0841111003111 35.18350269399307,32.10310452822715,605.0473593570565 35.18354465347863,32.103126108054475,607.8056629412182 35.18386114298983,32.103179151466435,613.3199077220703 35.18404692977025,32.10326724777467,614.8319333629802 35.184228636038654,32.10331568294683,605.1486974872325 35.18440959154605,32.10330740249578,628.5154345681908 35.18460503450512,32.10336215848014,597.1992038820127 35.18476913955144,32.10334816460051,619.7106141367307 35.18494916335738,32.10342120735222,608.5717294080968 35.18488246963126,32.10348824213156,674.911462494544 35.18526433554371,32.103585491090435,656.4409305044901 35.18562386760918,32.103489714882606,598.2291944988431 35.18581166546018,32.10353196714939,616.5981466867922 35.18579441391111,32.10352808476944,633.7744472532462 35.18605281917815,32.10356470157019,630.4213604816235 35.186199607527044,32.10358316839689,653.3516842194362 35.18631995049723,32.10355774116283,672.3492397963347 35.186685956721554,32.103621927927335,618.1893572348098 35.18678568054731,32.103562041875946,644.644288323537 35.18689714863279,32.10355776011381,635.2899771449951 35.18702948381367,32.1034229639895,660.7945657453527 35.187272686580364,32.103489759106175,637.0775328344791 35.18735270993282,32.103390556289064,620.596006789511 35.187356767632714,32.10340949590516,643.782514124595 35.18741063567034,32.103450111214016,632.4133059475251 35.18744015989631,32.10348872094048,648.6765363693271 35.18763502934505,32.10355192572236,617.8212794514646 35.18759040985258,32.103576135155,667.6596680458807 35.18785151844606,32.10352793921961,624.1055783280401 35.18796906003849,32.10352302359721,631.7381261255467 35.18806010845432,32.103401764264525,679.3219912441932 35.18812907862921,32.103438953914456,692.5800794406447 35.18846616159983,32.10343280549166,638.0268436519533 35.188674185618225,32.103374542076914,635.1777229368206 35.18909142858156,32.10326784874809,571.7683085146897 35.18898524052096,32.10330393945879,643.9914367631111 35.18932346107945,32.10330405505814,605.3729349707806 35.189359103908004,32.10327129778666,645.024675047636 35.18963265295376,32.10316244786126,650.6669929725316 35.18979384739713,32.10322667290046,650.4861434680341 35.18996328072168,32.10316694885801,635.864506303138 35.190170335864565,32.103078274976475,636.1515070910427 35.190456643232594,32.10305485876815,642.2331913142903 35.19064492921826,32.103009959737214,653.9858649173215 35.190940173620056,32.10301571292546,623.1774824297462 35.191129077452445,32.10294161387751,640.5749918874955 35.19137586509845,32.10286533448748,606.9342069754117 35.19152145797914,32.102900743407,628.2116651976922 35.191732278207844,32.102855792270724,624.667242693635 35.19192138225988,32.10277860954096,622.2232468648457 35.192079116537535,32.1027774763185,654.3714062829741 35.19226833401177,32.10266689978608,633.1083542960822 35.19249774606049,32.102677469072034,617.467053347377 35.19269393693021,32.102591690973114,615.9930000027223 35.19296314936635,32.10252734643235,625.4362678933078 35.19311985425435,32.10244822211498,626.7442665375394 35.19340191365843,32.102334052401524,624.5624227302312 35.193512583083795,32.10234344309721,625.3151434460005 35.19363930643141,32.10227994915205,648.7127167765312 35.19390119354463,32.102067875629736,627.3402488824313 35.19405410543471,32.10208250753375,609.0453074627452 35.195532782164406,32.1018288552667,452.80696754280257 35.19579038479524,32.10136439526837,611.5737605687033 35.19558006594724,32.101245606410096,644.028019505403 35.19558375879643,32.101251600602254,662.449330285573 35.19584288440595,32.10117373607397,629.7875223294569 35.19583374801112,32.1012654599304,665.5816909552653 35.1960857324498,32.101309515948174,633.4319143993064 35.19594934294041,32.10116728724389,656.0598265493982 35.196233978245296,32.10113319517532,645.7936136745378 35.19623122761371,32.10116731920633,671.5338317502899 35.196485912916586,32.101222675015926,640.2222310071053 35.19643207624914,32.1011690237896,687.9401106719935 35.196727507720865,32.101193182770515,669.541075018208 35.19697012729037,32.10112777343054,640.6093287325045 35.19708716366869,32.101206893151335,659.3595448449823 35.19720401302792,32.10118047267336,643.724020441626 35.19735812919569,32.10123235814534,661.4377589588854 35.197642868044895,32.10128190247359,641.5432420178661 35.197642892236146,32.101379945985165,674.1338703170106 35.19805243232292,32.101363240724446,615.5957510346157 35.19815892757149,32.10144650178688,615.1734266484477 35.19826462368085,32.10150530909194,643.1778286005601 35.19847274352527,32.10154859636517,643.658095863516 35.198606813040705,32.1016334807416,641.1775599166306 35.1989074738535,32.101734556394966,613.0309972538942 35.19894280451635,32.10170805859081,656.4707751733092 35.199172944510096,32.10189305375347,628.1193716518364 35.19934791308156,32.10182996292067,652.3651631418666 35.1994007420039,32.101956274000834,663.8922604739294 35.203692634753274,32.10297098421671,680.3776330689874 35.20382522417517,32.102932952066325,696.1445644738681 35.203927669197526,32.10298462676603,718.9976232296386 35.204184930117215,32.10290747062064,719.0242267013103 35.20429672375451,32.102976343558176,714.510656906336 35.20453498302915,32.10279414988264,727.7475473215836 35.20474515239052,32.10270707337338,718.1772839607452 35.204955263881814,32.10272046503446,729.6612072083472 35.20511458082826,32.1028008298485,724.5606123773853 35.205173304085605,32.1028085284454,712.6479368606532 35.205310534631984,32.102707917542205,726.5461380413292 35.20565693975784,32.1026090002975,742.0276596924027 35.20585670766124,32.102541066618365,715.2715243135256 35.20613009714356,32.10250788448962,708.4525961876227 35.20619622870323,32.102615448895726,722.7003624900615 35.20645005067209,32.10249142205137,729.4096541180801 35.20647041136712,32.10251011913274,760.7158665633209 35.20663066492587,32.10246510351605,766.8703588241192 35.20693404647598,32.10240073534839,683.4832540195608 35.20733383692241,32.102379761387766,615.9674789193746 35.207208054829835,32.102397581316055,697.4823516831839 35.207188125508324,32.10252912587728,705.3596373416473 35.207334561950724,32.10226866482083,695.166753918737 35.20752341829692,32.10211296535411,622.2057697193444 35.207559981482596,32.10225341260229,721.0073235354848 35.20757716558562,32.102315717590216,687.7951933454542 35.207597248786975,32.10230286165424,712.6784518842435 35.207663913314626,32.10217237577222,723.9352546617217 35.20787304343944,32.10219067815949,710.0845731026087 35.208046715392186,32.102180700946064,683.2288412431185 35.20809598915685,32.10207373992788,710.7194749024783 35.2083118659741,32.10206012333951,668.8707018732413 35.20844651565266,32.10203814684308,671.8364107425219 35.208340893238,32.10206345023881,708.0329760334307 35.20859340740939,32.10205324679777,692.7494997439097 35.20875288183337,32.101912511154595,699.0577896122228 35.208859215262336,32.101868855559914,691.950616568844 35.20912180621711,32.10178527882597,666.7461245482274 35.20908162459907,32.101692638960515,689.7944625220367 35.2091870280407,32.101632892569974,698.9474893215679 35.20925707182054,32.10155274839015,707.4038596413482 35.20934931459375,32.10134848503629,700.5742669323005 35.209449847851594,32.10132761197868,697.6224535011637 35.20956003279294,32.101190931823474,722.0120747698954 35.20961340090951,32.101115455804745,701.4866847106915 35.20972888990757,32.10109980956616,699.5439916501505 35.20971962144382,32.10103828663421,690.6776826639496 35.2097342049286,32.10100846552677,717.0880653516984 35.209756059295614,32.10095279281158,694.8735107429543 35.20989481985837,32.10088837770415,694.1039329538874 35.209968393908774,32.100940156243446,685.1950999846716 35.20985796853849,32.10096417510784,724.4849376400283 35.21009574160602,32.100980143448965,692.1198942792635 35.20988959908937,32.10098737389888,745.8599047502819 35.20995405554024,32.101152113632104,748.3101511657634 35.210014086859346,32.10108133499717,744.6304178997092 35.21013450527464,32.10112277077222,729.7915970676543 35.21006925271404,32.101046498366586,737.2584779018886 35.210206506860274,32.101225020851274,766.3603313229701 35.210249890562025,32.10129958549975,760.6357423836938 35.2103845507765,32.10142031717167,752.6642999513076 35.21047368837869,32.10139990684848,723.0349425642469 35.21040224051523,32.10153800348428,781.1961511514304 35.21045204196937,32.10172752361416,774.4231819057803 35.21046214618932,32.101800947446534,769.5824439840619 35.210505077346795,32.1019439877933,779.8032696903281 35.21060978256212,32.10192352853605,760.930202264364 35.2106701483829,32.101944101820585,738.5708872477719 35.210668920718945,32.10211125952652,751.9834009133002 35.21082629075851,32.10213863031165,785.0127534119562 35.210967986264336,32.10216089919595,771.9016602202997 35.21076797000475,32.10237103351035,751.9541974167938 35.211011741149065,32.10244833479888,779.9295996783392 35.210881206085396,32.10261251794852,773.7712978348147 35.21087534848454,32.10273704070169,770.0813797233257 35.21102394791927,32.10261360405473,725.6810337012229 35.211113711239,32.10270367072468,724.6732269662904 35.21115289743287,32.10272171990264,713.1134763197038 35.2112267006167,32.102826801011695,723.217751404248 35.211306351862795,32.102958819261694,746.3373360494741 35.21146771724105,32.10301255191348,747.4198052085861 35.21142501266219,32.103268004725656,775.9524095023588 35.21153592074081,32.10333682325796,779.1871578722554 35.21177282308038,32.103197614817965,776.8617111025346 35.21189884760811,32.103301656472226,775.5731892145808 35.21192322510196,32.103389461884355,772.9508192745704 35.211925424236085,32.10356687491002,764.3764587533037 35.212109044453385,32.10355862891543,766.6228801650172 35.21224881892078,32.103566564,713.8648007339293 35.212240830379116,32.103625854644314,712.4569413757907 35.21244635437495,32.10360187912243,708.1842501836338 35.21246636758345,32.103723031255846,721.8222138323773 35.21256797869555,32.10378219628014,722.5672713000343 35.21271320138535,32.10389973869786,704.4976111181609 35.212728936220245,32.10394406691105,710.8992437556067 35.212936908442416,32.104041194134496,682.9271988830901 35.21277676474154,32.104222122101845,730.9134731263293 35.213260033155,32.10443430665915,767.8432131742636 35.2129427071473,32.10427114950213,745.5817999010013 35.21309116694565,32.10427653249181,774.0785577962761 35.21312644774198,32.10434235705886,788.4482218150267 35.21370388538085,32.10447566117284,789.553216653137 35.213877975596866,32.104630877479444,784.7527953755249 35.21394265699328,32.104687270489194,784.8960218266046 35.2136777542758,32.10464579680813,786.3524389752273 35.21329060278817,32.10448874286587,775.7978116365596 35.21356676640872,32.104714590679684,788.8045742534774 35.211805671496165,32.10507814035926,834.4315642259556 35.21202066076562,32.104880855971565,718.2388391297343 35.21183388134638,32.10517337541626,714.4084313392416 35.21184673800663,32.1050797414197,705.2146441101713 35.21183996393341,32.10510195926011,718.5200251685383 35.211919761643436,32.10501995250745,722.5442779409294 35.211787323398866,32.104929047471074,702.3090235370456 35.21176241454314,32.10493448715287,724.1278344926047 35.2117065008446,32.104874167286674,716.572932044088 35.21161313879358,32.10483392862021,739.9896389587003 35.21163206082304,32.1048171921254,709.8590001093506 35.21154678890601,32.104800290314024,700.0060293812408 35.211747434034955,32.10472228611866,719.9566386150766 35.21166443101176,32.10471144627602,718.8224022555444 35.21156783163444,32.10472189067654,729.1582205308723 35.21150005054571,32.104659133142306,693.7114391298992 35.2115353615267,32.10422067969965,741.4717841777533 35.21071511332849,32.10394971860888,728.4265052622708 35.20977601061912,32.10283508588911,692.1544732077951 35.209674186972215,32.102742586495125,695.885865959539</coordinates>
            </LineString>
        </Placemark>
    </Document>
</kml>
