UTC Time,Latitude,Longitude,Altitude(m),Speed(m/s),Vx(m/s),Vy(m/s),Vz(m/s),Satellites Used
2026-03-22 06:44:38,32.16835285,34.81181177,1466.706,0.0,0.0,0.0,0.0,5
2026-03-22 06:44:40,32.16520735,34.81291182,980.523,0.0,0.0,0.0,0.0,5
2026-03-22 06:44:44,32.1688099,34.81328144,59.077,0.0,0.0,0.0,0.0,5
2026-03-22 06:44:45,32.16880159,34.81329341,53.763,2.204,-1.574,-0.544,-1.444,5
2026-03-22 06:44:46,32.16886512,34.81314824,65.885,6.828,4.321,-3.337,4.101,5
2026-03-22 06:44:47,32.16878707,34.81327498,60.511,2.525,-0.118,1.938,-1.615,5
2026-03-22 06:44:48,32.16882781,34.81335052,58.714,3.968,-2.988,2.606,0.178,5
2026-03-22 06:44:49,32.16885833,34.81316581,66.467,5.65,3.749,-3.071,2.904,5
2026-03-22 06:44:50,32.16879131,34.81325664,53.126,4.248,-2.116,-0.704,-3.615,5
2026-03-22 06:44:51,32.16891651,34.81330945,41.117,8.638,-8.173,-2.796,-0.026,5
2026-03-22 06:44:52,32.16884475,34.81334333,46.741,3.391,-2.679,1.426,-1.512,5
2026-03-22 06:44:53,32.16884656,34.81331839,61.677,4.842,3.047,2.946,2.341,5
2026-03-22 06:44:54,32.16885748,34.81332388,34.877,7.878,-5.952,-3.39,-3.892,5
2026-03-22 06:44:55,32.16877971,34.81332497,74.351,11.555,8.887,6.679,3.151,5
2026-03-22 06:44:56,32.16882863,34.81330782,48.352,3.779,-2.475,-2.209,-1.809,5
2026-03-22 06:44:57,32.16882352,34.81329559,54.49,0.737,0.584,-0.449,0.03,5
2026-03-22 06:44:58,32.16884911,34.81330407,49.369,2.21,-1.752,-1.342,-0.112,5
2026-03-22 06:44:59,32.16885267,34.81328091,48.427,1.967,-0.883,-1.752,-0.134,5
2026-03-22 06:45:00,32.16884891,34.81334137,71.518,8.499,4.66,5.335,4.696,5
2026-03-22 06:45:01,32.16878927,34.81319399,33.104,11.584,-3.552,-7.985,-7.603,5
2026-03-22 06:45:02,32.16873676,34.81331004,68.841,9.074,6.322,6.42,1.078,6
2026-03-22 06:45:03,32.16873721,34.81328061,57.409,2.28,1.24,0.724,-1.771,6
2026-03-22 06:45:04,32.16876426,34.81348739,80.838,12.276,2.279,11.004,4.942,7
2026-03-22 06:45:05,32.16878186,34.8132716,45.422,9.169,-4.171,-7.165,-3.916,7
2026-03-22 06:45:06,32.16873647,34.81339254,93.48,14.457,9.132,9.349,6.181,7
2026-03-22 06:45:08,32.16879376,34.81332118,69.507,3.714,2.36,1.801,2.231,6
2026-03-22 06:45:09,32.16877373,34.813306,56.484,3.111,-1.488,-1.637,-2.187,6
2026-03-22 06:45:10,32.16882361,34.81326933,65.988,3.172,1.571,-0.953,2.585,5
2026-03-22 06:45:11,32.16872751,34.81326034,72.505,5.148,4.812,1.705,-0.669,6
2026-03-22 06:45:12,32.16868046,34.81338012,48.782,9.036,-5.375,0.782,-7.221,7
2026-03-22 06:45:13,32.16875085,34.81329679,53.899,2.557,-1.373,-2.072,-0.6,6
2026-03-22 06:45:14,32.16879477,34.81320177,37.349,9.302,-4.229,-7.978,-2.235,5
2026-03-22 06:45:15,32.16873189,34.8132902,58.398,3.969,2.628,2.869,0.781,5
2026-03-22 06:45:16,32.16884536,34.81342407,103.188,21.271,8.945,12.996,14.267,5
2026-03-22 06:45:17,32.16888821,34.81341865,60.952,7.271,-7.088,-1.112,1.175,5
2026-03-22 06:45:18,32.16877975,34.813384,50.058,7.595,-4.432,-2.384,-5.688,6
2026-03-22 06:45:38,32.16877711,34.81326232,66.118,4.24,-2.302,-1.462,-3.247,8
2026-03-22 06:45:39,32.16882503,34.81318585,45.232,11.219,-6.47,-7.93,-4.597,6
2026-03-22 06:45:40,32.16861616,34.81333016,46.452,11.015,-2.601,2.764,-10.34,7
2026-03-22 06:45:41,32.16874105,34.81325545,65.343,4.037,2.879,1.312,2.508,6
2026-03-22 06:45:42,32.16873625,34.81328001,45.487,5.592,-4.229,-2.225,-2.904,7
2026-03-22 06:45:43,32.16872207,34.81319724,48.312,3.59,0.306,-3.162,-1.673,7
2026-03-22 06:45:44,32.16878756,34.81320208,54.101,3.112,0.419,-1.511,2.688,8
2026-03-22 06:45:45,32.16884909,34.81320219,29.613,10.177,-7.752,-6.466,-1.292,8
2026-03-22 06:45:46,32.16873425,34.81314863,61.752,8.171,7.664,2.222,1.757,8
2026-03-22 06:45:47,32.16870815,34.81312619,42.542,4.859,0.247,-2.723,-4.016,7
2026-03-22 06:45:48,32.16873808,34.81308299,52.977,3.779,3.399,-1.359,0.936,7
2026-03-22 06:45:49,32.16877727,34.81298039,36.874,7.824,-0.987,-7.634,-1.396,7
2026-03-22 06:45:50,32.16881538,34.81300964,58.402,6.557,4.024,-0.027,5.178,7
2026-03-22 06:45:51,32.16874979,34.81292069,60.778,6.525,6.262,-1.428,1.15,7
2026-03-22 06:45:52,32.16876923,34.8128431,63.251,6.782,5.739,-3.044,1.947,7
2026-03-22 06:45:53,32.16879154,34.81280256,52.797,5.496,0.978,-5.404,-0.221,8
2026-03-22 06:45:54,32.16880397,34.81286247,29.664,10.573,-7.375,-6.026,-4.592,8
2026-03-22 06:45:55,32.16878341,34.81276317,52.367,5.038,4.423,-2.026,1.308,8
2026-03-22 06:45:56,32.16878054,34.81274556,60.93,6.014,5.47,-0.067,2.5,8
2026-03-22 06:45:57,32.16881926,34.81267436,58.116,5.223,3.282,-3.312,2.355,8
2026-03-22 06:45:58,32.16880992,34.81259536,40.412,8.261,-1.07,-7.73,-2.708,8
2026-03-22 06:45:59,32.16876468,34.8125629,56.864,5.814,5.508,-1.854,0.18,8
2026-03-22 06:46:00,32.16878705,34.81250311,38.261,7.562,-1.013,-6.862,-3.014,8
2026-03-22 06:46:01,32.16884817,34.81231488,77.246,16.103,13.099,-3.236,8.789,8
2026-03-22 06:46:02,32.16887737,34.81229158,52.833,7.928,1.009,-7.776,1.171,5
2026-03-22 06:46:03,32.16870838,34.8123708,36.317,9.976,-2.416,-3.126,-9.16,8
2026-03-22 06:46:04,32.16878589,34.81219846,45.433,7.312,3.294,-6.497,-0.644,7
2026-03-22 06:46:05,32.1686542,34.81217573,15.981,14.74,-3.168,-8.52,-11.603,8
2026-03-22 06:46:06,32.16878268,34.8119604,82.884,22.408,18.844,-0.582,12.11,6
2026-03-22 06:46:07,32.16878943,34.81205457,52.389,3.63,0.67,-3.418,1.025,7
2026-03-22 06:46:08,32.16880402,34.81200203,57.159,4.484,2.577,-2.953,2.179,8
2026-03-22 06:46:09,32.16879799,34.81193309,47.321,5.831,0.413,-5.727,-1.014,8
2026-03-22 06:46:10,32.16880615,34.81186663,47.202,5.831,1.488,-5.628,-0.328,7
2026-03-22 06:46:11,32.16882546,34.81181221,41.153,6.537,0.009,-6.492,-0.76,7
2026-03-22 06:46:12,32.1688031,34.81176365,42.888,5.235,1.967,-4.763,-0.926,6
2026-03-22 06:46:13,32.1687888,34.81171143,38.589,5.666,1.387,-5.113,-2.008,7
2026-03-22 06:46:14,32.16873954,34.8116502,52.184,7.088,6.886,-1.673,-0.159,8
2026-03-22 06:46:15,32.16870218,34.81154359,55.375,8.686,8.039,-3.185,-0.819,7
2026-03-22 06:46:16,32.16865807,34.81152656,59.829,7.447,7.284,-0.983,-1.199,7
2026-03-22 06:46:17,32.16869044,34.81138044,84.568,14.945,13.767,-0.771,5.764,6
2026-03-22 06:46:18,32.16877811,34.81127254,70.628,9.919,5.009,-7.681,3.782,8
2026-03-22 06:46:19,32.16871517,34.81125011,59.618,7.211,1.648,-6.583,-2.439,7
2026-03-22 06:46:20,32.1686087,34.8112987,34.656,13.211,-4.933,-5.834,-10.777,8
2026-03-22 06:46:21,32.1687377,34.81118086,36.914,8.833,-2.295,-8.453,-1.142,7
2026-03-22 06:46:22,32.1687195,34.81110904,37.978,6.988,0.818,-6.846,-1.142,6
2026-03-22 06:46:23,32.1687222,34.81101302,31.961,8.53,0.834,-8.282,-1.865,6
2026-03-22 06:46:24,32.16866631,34.81091403,66.27,13.886,13.254,-0.65,4.089,7
2026-03-22 06:46:25,32.16868072,34.81091363,57.916,5.924,5.359,-2.211,1.215,7
2026-03-22 06:46:26,32.16871954,34.81084449,31.962,10.147,-3.263,-9.008,-3.34,6
2026-03-22 06:46:27,32.16863927,34.81071786,61.382,10.883,10.504,-2.559,1.247,7
2026-03-22 06:46:28,32.16864943,34.81068283,58.585,6.94,6.083,-3.298,0.534,7
2026-03-22 06:46:29,32.16864395,34.81064065,54.136,5.387,3.428,-4.072,-0.833,8
2026-03-22 06:46:30,32.16873279,34.81056417,57.673,7.074,2.964,-5.326,3.589,8
2026-03-22 06:46:31,32.16878225,34.81049914,42.481,9.071,-2.003,-8.813,0.775,8
2026-03-22 06:46:32,32.16866866,34.81030857,72.121,14.137,13.345,-3.931,2.513,8
2026-03-22 06:46:33,32.16858246,34.81039061,84.21,11.888,11.272,3.682,0.846,8
2026-03-22 06:46:34,32.1686899,34.81051713,30.025,15.949,-13.108,-5.794,-6.998,7
2026-03-22 06:46:35,32.16861538,34.81053906,31.49,9.435,-6.485,-1.509,-6.685,8
2026-03-22 06:46:36,32.16866368,34.81052993,17.97,10.769,-8.389,-4.453,-5.077,8
2026-03-22 06:46:37,32.16859074,34.81045494,40.601,4.409,4.287,0.363,-0.965,7
2026-03-22 06:46:38,32.16836312,34.81037147,85.607,23.282,21.295,9.4,0.459,7
2026-03-22 06:46:39,32.16837228,34.81037331,62.14,7.529,6.036,1.038,-4.378,7
2026-03-22 06:46:40,32.16839146,34.81038527,43.824,6.783,-2.1,-2.806,-5.807,8
2026-03-22 06:46:41,32.16830408,34.81043027,35.715,8.964,-2.789,-0.679,-8.492,8
2026-03-22 06:46:42,32.16812377,34.81046632,37.432,12.109,1.523,3.472,-11.5,8
2026-03-22 06:46:43,32.16820938,34.81035747,35.986,4.979,1.197,-2.722,-3.993,7
2026-03-22 06:46:44,32.16820342,34.81034966,49.188,4.737,4.672,0.757,0.192,8
2026-03-22 06:46:45,32.16806685,34.81026697,30.733,9.954,2.101,-3.833,-8.943,8
2026-03-22 06:46:46,32.16806481,34.81023575,50.647,7.629,7.509,0.609,-1.201,7
2026-03-22 06:46:47,32.16796591,34.81019738,46.489,8.094,6.094,-0.293,-5.32,7
2026-03-22 06:46:48,32.1678418,34.81015183,71.914,15.169,14.112,5.001,-2.437,7
2026-03-22 06:46:49,32.1678601,34.81023373,39.836,8.08,-2.57,-0.91,-7.607,6
2026-03-22 06:46:50,32.16789833,34.81008291,37.585,7.154,0.34,-6.168,-3.608,6
2026-03-22 06:46:51,32.16787534,34.81019109,90.095,18.319,12.918,10.11,8.155,9
2026-03-22 06:46:52,32.16765933,34.81003484,37.445,15.657,0.667,-6.039,-14.43,8
2026-03-22 06:46:53,32.16774993,34.8099088,41.765,9.38,2.559,-7.914,-4.337,8
2026-03-22 06:46:54,32.16771334,34.80992562,42.175,5.698,1.997,-3.655,-3.888,7
2026-03-22 06:46:55,32.16759356,34.80974443,46.529,11.747,8.633,-5.349,-5.903,7
2026-03-22 06:46:56,32.16751452,34.80974015,35.487,10.579,3.735,-4.411,-8.861,7
2026-03-22 06:46:57,32.16756049,34.80976153,31.807,5.49,-0.134,-3.315,-4.374,7
2026-03-22 06:46:58,32.16749459,34.80971527,41.987,5.844,5.024,-0.566,-2.931,7
2026-03-22 06:46:59,32.16747025,34.80959996,31.198,8.103,2.97,-5.669,-4.97,7
2026-03-22 06:47:00,32.16727568,34.80958575,33.939,11.769,6.622,-0.689,-9.704,6
2026-03-22 06:47:01,32.16734053,34.80942914,48.623,10.697,10.172,-3.3,-0.26,7
2026-03-22 06:47:02,32.16724885,34.80945231,47.521,8.051,7.075,-0.24,-3.833,7
2026-03-22 06:47:03,32.16724248,34.80922453,61.449,13.877,13.146,-4.422,0.427,6
2026-03-22 06:47:04,32.16722064,34.80927458,44.064,6.429,2.4,-4.169,-4.266,7
2026-03-22 06:47:05,32.16717339,34.80919825,38.951,7.954,2.579,-5.217,-5.423,6
2026-03-22 06:47:06,32.16711066,34.80914846,52.257,8.127,7.535,-1.255,-2.775,7
2026-03-22 06:47:07,32.16709966,34.80895485,62.601,12.648,11.78,-4.603,0.124,7
2026-03-22 06:47:08,32.16706683,34.80901433,61.469,6.305,6.109,-0.696,-1.399,7
2026-03-22 06:47:09,32.16703652,34.80898552,53.028,5.201,2.527,-2.533,-3.775,7
2026-03-22 06:47:10,32.16700592,34.80896507,50.183,4.95,1.759,-2.29,-4.02,7
2026-03-22 06:47:11,32.16699218,34.80899946,59.666,3.755,3.218,1.709,-0.908,7
2026-03-22 06:47:12,32.16689574,34.80900151,62.912,6.548,4.659,3.017,-3.475,8
2026-03-22 06:47:13,32.16684819,34.8089631,67.4,6.825,5.792,2.128,-2.915,7
2026-03-22 06:47:14,32.16685789,34.80880288,38.531,12.112,-1.288,-9.397,-7.532,8
2026-03-22 06:47:15,32.16690955,34.80881723,49.222,3.937,0.889,-3.824,-0.303,9
2026-03-22 06:47:16,32.16701875,34.80878483,74.572,11.171,6.161,0.13,9.317,9
2026-03-22 06:47:17,32.16685778,34.80879404,29.14,13.333,-6.011,-6.248,-10.129,8
2026-03-22 06:47:18,32.1668617,34.80867707,36.261,7.533,0.816,-6.049,-4.414,7
2026-03-22 06:47:19,32.16692799,34.80854392,56.292,9.902,7.641,-4.776,4.106,7
2026-03-22 06:47:20,32.16684892,34.80847244,44.905,8.209,4.492,-6.215,-2.93,7
2026-03-22 06:47:21,32.16697219,34.80837286,56.188,9.931,5.586,-6.294,5.273,7
2026-03-22 06:47:22,32.16696126,34.80838131,43.883,5.748,-0.039,-5.746,0.133,7
2026-03-22 06:47:23,32.16696228,34.80832006,56.365,6.238,4.746,-2.946,2.776,7
2026-03-22 06:47:24,32.16703126,34.80826749,28.82,10.994,-5.015,-9.65,-1.61,6
2026-03-22 06:47:25,32.16702475,34.80814648,47.988,8.172,5.052,-5.746,2.872,6
2026-03-22 06:47:26,32.16710084,34.80807734,47.777,8.59,2.986,-6.656,4.535,6
2026-03-22 06:47:27,32.16717509,34.80796539,57.854,11.489,5.565,-6.515,7.655,7
2026-03-22 06:47:28,32.16714844,34.80792668,44.181,7.476,0.888,-7.392,0.681,6
2026-03-22 06:47:29,32.1672664,34.80787184,71.27,12.926,6.958,-2.488,10.606,8
2026-03-22 06:47:30,32.16733252,34.80764162,54.766,14.16,3.262,-12.706,5.332,8
2026-03-22 06:47:31,32.16733967,34.80760318,57.435,9.912,3.389,-8.395,4.036,7
2026-03-22 06:47:32,32.16730303,34.80761907,33.218,10.578,-4.331,-8.731,-4.112,6
2026-03-22 06:47:33,32.16735475,34.80759184,69.686,10.161,7.124,0.269,7.241,7
2026-03-22 06:47:34,32.16736186,34.80741224,45.54,10.26,1.292,-10.165,-0.53,6
2026-03-22 06:47:35,32.16732227,34.80736786,56.121,7.332,5.44,-4.895,0.449,7
2026-03-22 06:47:36,32.16731287,34.80719972,65.197,11.604,9.591,-6.265,1.849,7
2026-03-22 06:47:37,32.16735433,34.8071542,68.609,9.194,6.879,-5.068,3.393,7
2026-03-22 06:47:38,32.16764014,34.80699181,67.278,17.526,1.713,-12.182,12.483,6
2026-03-22 06:47:39,32.16750589,34.80696722,49.808,9.746,-0.697,-9.637,-1.271,7
2026-03-22 06:47:40,32.16757,34.80679103,54.945,11.986,3.562,-11.112,2.738,7
2026-03-22 06:47:41,32.16751597,34.80675656,41.893,10.046,0.298,-9.529,-3.165,6
2026-03-22 06:47:42,32.16762273,34.80661021,31.25,13.853,-1.698,-13.747,-0.157,7
2026-03-22 06:47:43,32.16769412,34.80628982,65.161,21.175,13.925,-12.582,9.808,7
2026-03-22 06:47:44,32.16761992,34.80636268,66.251,10.023,8.527,-4.081,3.331,7
2026-03-22 06:47:45,32.16765906,34.80632155,52.977,7.02,1.553,-6.816,0.641,7
2026-03-22 06:47:46,32.16771119,34.8062102,53.843,8.839,2.56,-8.074,2.527,7
2026-03-22 06:47:47,32.16775438,34.80605546,68.363,12.604,8.067,-7.414,6.23,7
2026-03-22 06:47:48,32.16789315,34.8061002,68.734,10.334,1.29,-4.861,9.027,8
2026-03-22 06:47:49,32.16779032,34.80609834,39.278,10.21,-5.382,-7.281,-4.718,7
2026-03-22 06:47:50,32.16781943,34.80597784,44.232,7.57,0.179,-7.537,-0.683,7
2026-03-22 06:47:51,32.16795722,34.80597638,58.529,8.744,1.442,-3.661,7.809,8
2026-03-22 06:47:52,32.16801549,34.80592094,68.294,10.067,3.644,-2.812,8.953,8
2026-03-22 06:47:53,32.16801351,34.80583819,69.938,8.19,4.464,-3.907,5.647,8
2026-03-22 06:47:54,32.16787426,34.80584389,45.362,8.828,-1.577,-5.04,-7.074,6
2026-03-22 06:47:55,32.16787523,34.80578365,63.572,5.579,5.395,-1.384,-0.33,6
2026-03-22 06:47:56,32.16775372,34.80589466,38.852,10.689,-3.67,-0.531,-10.025,6
2026-03-22 06:47:57,32.16779478,34.80584076,38.729,5.507,-1.872,-2.566,-4.499,7
2026-03-22 06:47:58,32.16781274,34.80587413,57.461,4.606,3.018,2.873,1.964,7
2026-03-22 06:47:59,32.16764678,34.80596654,23.557,13.839,-6.387,0.271,-12.273,6
2026-03-22 06:48:00,32.16770283,34.80614923,49.687,10.245,-1.589,10.117,0.305,7
2026-03-22 06:48:04,32.16715211,34.80522376,-226.904,26.54,-12.526,-12.606,-19.712,4
2026-03-22 06:48:06,32.16775667,34.80647432,81.269,0.0,0.0,0.0,0.0,5
2026-03-22 06:48:07,32.16760179,34.80648416,72.162,7.785,0.259,0.633,-7.755,6
2026-03-22 06:48:08,32.16746174,34.80655514,78.02,10.735,2.971,5.598,-8.664,6
2026-03-22 06:48:09,32.16745784,34.80670664,54.133,13.628,-8.045,3.488,-10.432,6
2026-03-22 06:48:10,32.16760477,34.80670036,53.849,7.663,-7.62,-0.137,-0.803,6
2026-03-22 06:48:11,32.16756208,34.80687133,53.355,9.717,-7.563,5.694,-2.19,6
2026-03-22 06:48:14,32.1682267,34.80865381,486.879,0.0,0.0,0.0,0.0,4
2026-03-22 06:48:18,32.1673783,34.80744407,62.315,0.0,0.0,0.0,0.0,8
2026-03-22 06:48:19,32.16736197,34.80770062,80.938,12.235,-0.031,11.767,3.353,8
2026-03-22 06:48:23,32.16483926,34.8113332,147.53,0.0,0.0,0.0,0.0,7
2026-03-22 06:48:26,32.168089,34.81033377,643.069,0.0,0.0,0.0,0.0,6
2026-03-22 06:48:28,32.17022378,34.81462608,1779.816,0.0,0.0,0.0,0.0,5
2026-03-22 06:48:30,32.16705324,34.80851462,48.387,0.0,0.0,0.0,0.0,6
2026-03-22 06:48:31,32.16690407,34.8084696,38.761,7.842,1.186,-1.244,-7.651,6
2026-03-22 06:48:32,32.16698727,34.8086668,60.607,9.09,0.925,8.463,3.186,6
2026-03-22 06:48:33,32.16677579,34.8085858,54.414,9.68,4.678,4.223,-7.348,7
2026-03-22 06:48:34,32.16636568,34.8090416,-22.85,42.299,-20.539,7.247,-36.261,7
2026-03-22 06:48:36,32.16772176,34.81083175,619.145,0.0,0.0,0.0,0.0,6
2026-03-22 06:48:37,32.16776188,34.81086569,616.235,2.482,-2.318,-0.052,0.887,6
2026-03-22 06:48:38,32.16771015,34.81087138,620.926,1.965,0.794,1.749,-0.411,6
2026-03-22 06:48:39,32.16786457,34.81088849,604.249,8.63,-7.523,-3.726,2.0,6
2026-03-22 06:48:40,32.167802,34.81089154,618.286,2.383,0.536,1.416,1.84,6
2026-03-22 06:48:41,32.1677537,34.81086745,604.551,4.582,-2.041,-1.9,-3.635,6
2026-03-22 06:48:42,32.16788185,34.81086051,608.461,4.851,-2.473,-2.327,3.464,6
2026-03-22 06:48:43,32.1677504,34.81084819,619.415,4.887,4.376,2.111,-0.525,6
2026-03-22 06:48:45,32.16667252,34.80901026,73.198,0.0,0.0,0.0,0.0,7
2026-03-22 06:48:46,32.16667885,34.80891626,69.788,3.81,0.954,-3.656,-0.488,7
2026-03-22 06:48:47,32.16660045,34.80882823,50.874,10.533,-1.27,-7.52,-7.265,6
2026-03-22 06:48:48,32.16655698,34.80883348,67.869,5.279,4.692,-0.479,-2.372,7
2026-03-22 06:48:49,32.16638636,34.80880953,84.278,12.806,11.201,4.443,-4.335,8
2026-03-22 06:48:50,32.16629955,34.80880364,23.873,21.982,-8.263,-8.022,-18.724,8
2026-03-22 06:48:51,32.16623363,34.80876505,24.563,14.693,-2.657,-4.987,-13.563,8
2026-03-22 06:48:52,32.16636932,34.8085608,78.342,17.323,15.126,-0.754,8.41,8
2026-03-22 06:48:53,32.16637181,34.80842803,73.253,12.541,10.472,-5.582,4.055,5
2026-03-22 06:48:54,32.16609735,34.80854851,36.37,16.067,-1.244,-3.047,-15.726,8
2026-03-22 06:48:55,32.16612729,34.80844356,51.277,7.677,5.078,-2.601,-5.137,8
2026-03-22 06:48:56,32.16608291,34.80833659,42.339,9.704,3.726,-6.004,-6.652,8
2026-03-22 06:48:57,32.16598778,34.80834033,37.448,9.536,2.64,-3.149,-8.605,7
2026-03-22 06:48:58,32.16589988,34.80823534,58.595,12.096,11.428,0.13,-3.96,8
2026-03-22 06:48:59,32.16589137,34.8082167,31.991,10.022,0.027,-5.527,-8.361,6
2026-03-22 06:49:00,32.16578135,34.80821883,60.293,11.086,9.972,3.703,-3.121,6
2026-03-22 06:49:01,32.16570542,34.8080452,58.697,12.132,10.751,-2.442,-5.063,6
2026-03-22 06:49:02,32.16575687,34.80807378,16.191,15.554,-6.98,-9.489,-10.158,7
2026-03-22 06:49:03,32.16554553,34.80796501,56.471,14.599,13.451,1.571,-5.452,6
2026-03-22 06:49:04,32.16549257,34.80779197,62.856,15.312,14.599,-2.47,-3.901,7
2026-03-22 06:49:05,32.16566063,34.80787945,53.641,3.618,1.055,-2.818,2.008,7
2026-03-22 06:49:06,32.16543095,34.8077511,27.334,15.114,0.537,-7.656,-13.021,6
2026-03-22 06:49:07,32.16528746,34.80753617,13.259,20.54,3.82,-12.038,-16.198,7
2026-03-22 06:49:08,32.16569152,34.80768681,79.467,22.312,9.62,4.795,19.552,6
2026-03-22 06:49:09,32.16524705,34.80747661,25.962,18.641,4.042,-7.986,-16.352,6
2026-03-22 06:49:10,32.16525758,34.80776445,106.205,27.836,18.331,19.493,7.672,4
2026-03-22 06:49:12,32.16506166,34.8074224,50.718,0.0,0.0,0.0,0.0,6
2026-03-22 06:49:13,32.16511003,34.80705879,42.446,14.274,4.594,-13.515,0.055,5
2026-03-22 06:49:14,32.16511473,34.80742649,120.309,29.738,16.393,18.268,16.79,5
2026-03-22 06:49:15,32.1648989,34.80693832,28.57,25.882,-0.971,-18.984,-17.565,5
2026-03-22 06:49:16,32.16475182,34.80703058,51.531,13.18,6.666,-2.112,-11.172,6
2026-03-22 06:49:17,32.16484499,34.80688161,99.112,19.982,18.63,2.058,6.927,6
2026-03-22 06:49:19,32.16464975,34.80690198,52.686,0.0,0.0,0.0,0.0,7
2026-03-22 06:49:20,32.16454284,34.80682676,79.485,12.06,11.144,4.291,1.692,8
2026-03-22 06:49:21,32.16447429,34.80680265,47.147,9.152,-0.456,-3.499,-8.445,8
2026-03-22 06:49:22,32.1644282,34.80675448,50.936,6.946,2.711,-2.238,-5.991,7
2026-03-22 06:49:23,32.16432286,34.80666301,39.232,11.477,2.385,-5.019,-10.042,7
2026-03-22 06:49:24,32.16430994,34.80671677,31.347,8.782,-1.669,-2.696,-8.189,5
2026-03-22 06:49:25,32.16437456,34.80670555,71.097,11.871,9.039,4.847,5.977,8
2026-03-22 06:49:26,32.16420659,34.80647809,51.1,12.081,8.019,-5.739,-6.979,8
2026-03-22 06:49:27,32.16410603,34.80662173,65.475,10.45,7.664,5.14,-4.902,7
2026-03-22 06:49:28,32.16395273,34.80656613,51.697,12.659,4.938,0.765,-11.631,8
2026-03-22 06:49:29,32.16371677,34.80678109,67.032,19.632,7.171,13.262,-12.573,9
2026-03-22 06:49:30,32.16380572,34.80680945,73.145,9.982,3.667,8.819,-2.902,9
2026-03-22 06:49:31,32.16367574,34.80674585,75.499,10.654,6.745,5.528,-6.121,9
2026-03-22 06:49:32,32.16390411,34.80635827,43.519,18.074,-0.925,-17.95,-1.907,8
2026-03-22 06:49:33,32.16373205,34.80639015,82.793,13.036,13.014,0.128,0.758,8
2026-03-22 06:49:34,32.16370512,34.80644614,80.679,6.845,6.536,1.766,-1.007,8
2026-03-22 06:49:35,32.16356789,34.80630434,56.416,12.876,2.891,-6.174,-10.923,8
2026-03-22 06:49:36,32.16365302,34.80641295,83.063,6.734,5.154,3.663,2.317,8
2026-03-22 06:49:37,32.16364114,34.80641598,69.678,1.967,-0.464,-0.135,-1.906,9
2026-03-22 06:49:38,32.16328221,34.80650277,75.146,17.131,6.332,8.502,-13.457,9
2026-03-22 06:49:39,32.163352,34.8063671,67.97,7.884,3.372,-1.429,-6.982,9
2026-03-22 06:49:40,32.1633306,34.80629877,79.401,7.551,7.088,-0.476,-2.558,9
2026-03-22 06:49:41,32.16344639,34.80621976,49.139,11.756,-4.704,-10.143,-3.631,8
2026-03-22 06:49:42,32.16341043,34.80635931,77.296,5.541,2.698,4.164,2.467,8
2026-03-22 06:49:43,32.16320699,34.80624747,60.729,10.354,3.366,-1.426,-9.687,7
2026-03-22 06:49:44,32.16349333,34.80633371,55.877,8.34,-6.739,-2.982,3.907,8
2026-03-22 06:49:45,32.16350674,34.80621404,83.999,10.736,6.093,-0.241,8.836,7
2026-03-22 06:49:46,32.1635282,34.80638799,86.491,8.582,0.186,5.437,6.638,8
2026-03-22 06:49:47,32.1634588,34.80624438,62.439,6.527,-2.137,-4.9,-3.745,8
2026-03-22 06:49:48,32.16350667,34.80631628,81.656,4.618,1.584,2.356,3.643,8
2026-03-22 06:49:49,32.16346207,34.80648611,102.171,12.849,3.861,11.242,4.879,8
2026-03-22 06:49:50,32.16328652,34.80631546,55.129,15.116,-3.684,-5.268,-13.681,7
2026-03-22 06:49:51,32.1633523,34.80633364,60.173,5.846,-2.475,-2.509,-4.665,6
2026-03-22 06:49:52,32.16347098,34.80646872,72.733,6.428,-3.203,3.507,4.332,7
2026-03-22 06:49:53,32.16336065,34.80632398,50.067,8.786,-2.967,-5.273,-6.37,7
2026-03-22 06:49:54,32.163324,34.80638068,68.239,4.018,2.762,2.599,-1.329,7
2026-03-22 06:50:13,32.16355205,34.80604948,49.964,1.761,1.532,0.671,-0.551,8
2026-03-22 06:50:14,32.16339362,34.80617961,42.298,9.454,-0.943,5.088,-7.912,8
2026-03-22 06:50:15,32.16342594,34.80617849,55.489,5.754,2.499,5.132,-0.725,9
2026-03-22 06:50:16,32.16336693,34.80631782,56.896,8.784,0.034,8.463,-2.351,8
2026-03-22 06:50:17,32.16336151,34.80632892,64.539,7.256,2.012,6.972,0.014,8
2026-03-22 06:50:18,32.16349662,34.80624335,50.694,5.003,-3.419,-2.965,2.133,9
2026-03-22 06:50:19,32.16336907,34.80637777,50.693,5.94,-2.474,4.105,-3.51,8
2026-03-22 06:50:20,32.16336261,34.8062858,72.924,8.243,6.803,3.997,2.385,8
2026-03-22 06:50:21,32.16346454,34.8063676,74.905,6.972,0.894,3.942,5.681,9
2026-03-22 06:50:22,32.16336827,34.80627617,48.305,7.886,-3.023,-4.311,-5.87,9
2026-03-22 06:50:23,32.16345974,34.80623759,72.0,6.281,3.831,-0.435,4.958,9
2026-03-22 06:50:24,32.1634357,34.80641116,68.491,5.313,-1.949,4.762,1.325,9
2026-03-22 06:50:38,32.16332494,34.80602424,56.104,2.071,-0.667,1.937,0.309,8
2026-03-22 06:50:39,32.16323142,34.80614508,57.831,7.177,-0.709,6.5,-2.959,8
2026-03-22 06:50:40,32.16315249,34.80607893,67.328,7.528,5.17,4.75,-2.717,8
2026-03-22 06:50:41,32.16308636,34.80594632,71.802,9.067,8.484,0.498,-3.16,8
2026-03-22 06:50:42,32.16288728,34.80600711,30.865,18.721,-3.741,-3.047,-18.088,9
2026-03-22 06:50:43,32.16292195,34.8059498,79.518,13.015,11.845,5.333,0.809,9
2026-03-22 06:50:46,32.16256713,34.80577687,70.27,11.082,9.784,2.412,-4.612,9
2026-03-22 06:50:47,32.16243208,34.80565523,49.132,14.165,5.231,-4.587,-12.339,8
2026-03-22 06:50:48,32.1621968,34.80567883,68.896,18.177,12.687,4.97,-12.03,9
2026-03-22 06:50:49,32.16213266,34.80557341,42.417,16.363,3.764,-4.537,-15.264,8
2026-03-22 06:50:50,32.16198584,34.80561257,64.535,15.17,10.411,4.745,-9.962,8
2026-03-22 06:50:51,32.16163187,34.80589679,83.285,28.002,12.201,20.047,-15.277,8
2026-03-22 06:50:52,32.16180683,34.80537987,73.085,15.536,12.226,-8.316,-4.768,6
2026-03-22 06:50:53,32.16161903,34.80551597,67.653,12.874,6.535,0.708,-11.069,7
2026-03-22 06:50:54,32.16150953,34.80534947,65.225,14.869,8.954,-3.727,-11.27,7
2026-03-22 06:50:55,32.16138414,34.80541159,71.519,13.299,8.216,2.595,-10.13,6
2026-03-22 06:50:56,32.16117332,34.80530285,70.741,18.04,11.142,0.879,-14.16,5
2026-03-22 06:50:57,32.16110592,34.80526558,59.98,14.638,5.803,-1.799,-13.318,5
2026-03-22 06:50:58,32.16103213,34.80515838,72.007,13.418,10.565,-1.082,-8.201,7
2026-03-22 06:50:59,32.16078209,34.80516163,84.795,19.43,14.672,5.293,-11.587,8
2026-03-22 06:51:00,32.16069426,34.80509809,60.599,16.399,5.147,-2.286,-15.402,7
2026-03-22 06:51:01,32.16057201,34.80490571,62.76,17.624,10.202,-5.266,-13.371,7
2026-03-22 06:51:02,32.16032423,34.80523143,76.831,20.864,7.822,12.99,-14.331,9
2026-03-22 06:51:03,32.1602083,34.80507203,92.795,19.156,14.812,7.503,-9.553,8
2026-03-22 06:51:04,32.16017417,34.80482462,60.628,17.52,5.934,-8.92,-13.862,7
2026-03-22 06:51:05,32.16004842,34.80470882,70.412,16.566,11.213,-5.354,-10.956,7
2026-03-22 06:51:06,32.1599859,34.80453863,69.132,16.532,11.249,-7.89,-9.194,7
2026-03-22 06:51:07,32.15982316,34.80447855,73.236,16.761,12.339,-3.609,-10.754,6
2026-03-22 06:51:08,32.15967659,34.80440765,73.804,16.958,11.93,-2.277,-11.835,5
2026-03-22 06:51:09,32.15946388,34.8043423,75.638,19.755,13.199,-0.17,-14.698,6
2026-03-22 06:51:10,32.15944597,34.80410557,85.819,18.527,16.196,-5.227,-7.324,6
2026-03-22 06:51:11,32.15922594,34.80417637,76.312,17.66,9.815,0.185,-14.681,4
2026-03-22 06:51:12,32.15892933,34.80412548,20.618,32.968,-2.751,-8.234,-31.804,5
2026-03-22 06:51:13,32.1589964,34.8040139,69.072,14.356,12.925,0.064,-6.248,6
2026-03-22 06:51:14,32.15887719,34.8040026,74.397,13.953,11.79,2.324,-7.091,5
2026-03-22 06:51:15,32.15875541,34.80389929,65.286,14.246,9.127,-1.926,-10.768,5
2026-03-22 06:51:16,32.15857353,34.80381582,65.949,17.172,10.984,-1.163,-13.149,4
2026-03-22 06:51:17,32.15842069,34.80372179,51.733,18.816,7.626,-4.299,-16.655,4
2026-03-22 06:51:18,32.15834631,34.80387381,36.965,15.991,-1.363,0.278,-15.93,4
2026-03-22 06:51:19,32.15823827,34.803631,65.332,16.271,14.394,-0.417,-7.576,5
2026-03-22 06:51:20,32.15816113,34.80350771,85.696,18.73,18.449,0.905,-3.107,6
2026-03-22 06:51:21,32.15800353,34.80353957,77.411,14.81,11.135,2.053,-9.546,6
2026-03-22 06:51:22,32.15794827,34.80340681,98.493,16.915,16.473,1.937,-3.314,5
2026-03-22 06:51:23,32.15779813,34.80328802,80.854,15.936,10.448,-3.904,-11.382,5
2026-03-22 06:51:24,32.15760316,34.80321239,48.868,22.694,2.783,-8.241,-20.961,4
2026-03-22 06:51:25,32.15755553,34.8031367,74.929,14.556,11.47,-1.61,-8.816,5
2026-03-22 06:51:26,32.1574474,34.80303885,70.632,14.648,9.891,-3.372,-10.265,5
2026-03-22 06:51:28,32.15710673,34.8028496,93.326,17.642,14.429,-0.466,-10.14,5
2026-03-22 06:51:29,32.157019,34.80292392,78.676,13.351,4.684,0.373,-12.497,5
2026-03-22 06:51:30,32.15680413,34.80277388,86.073,18.606,12.264,-0.1,-13.992,5
2026-03-22 06:51:31,32.1567103,34.8028444,69.135,15.803,2.949,0.116,-15.525,6
2026-03-22 06:51:33,32.15642411,34.80269449,64.035,0.0,0.0,0.0,0.0,4
2026-03-22 06:51:34,32.15642988,34.8022611,102.959,22.581,20.045,-5.983,8.503,6
2026-03-22 06:51:35,32.15620204,34.80255309,50.647,15.319,-4.391,-1.584,-14.591,7
2026-03-22 06:51:36,32.15617794,34.80241173,56.49,9.597,2.502,-3.876,-8.416,8
2026-03-22 06:51:37,32.15601417,34.80239985,39.099,15.391,0.096,-3.848,-14.901,7
2026-03-22 06:51:38,32.15594292,34.80225702,60.443,12.726,10.45,-1.649,-7.073,5
2026-03-22 06:51:39,32.15580087,34.80224757,54.942,13.228,7.697,-0.432,-10.749,5
2026-03-22 06:51:40,32.15571287,34.80214315,59.368,13.262,9.804,-1.453,-8.812,5
2026-03-22 06:51:41,32.15562245,34.80217366,61.026,11.284,7.439,1.612,-8.329,5
2026-03-22 06:51:42,32.15558691,34.80206247,43.459,11.732,2.662,-5.394,-10.072,4
2026-03-22 06:51:43,32.15556,34.80205643,58.017,7.44,6.297,-0.247,-3.954,5
2026-03-22 06:51:44,32.15548446,34.80202226,49.447,8.112,3.595,-1.846,-7.034,5
2026-03-22 06:51:45,32.15550996,34.80193807,76.986,11.503,11.134,1.263,2.6,5
2026-03-22 06:51:47,32.15542426,34.80199798,35.172,4.952,1.052,-1.777,-4.5,4
2026-03-22 06:51:48,32.15548007,34.80195876,43.038,3.178,2.581,-1.513,1.07,5
2026-03-22 06:51:49,32.15554073,34.80201544,53.174,5.799,1.971,1.99,5.078,5
2026-03-22 06:51:50,32.15547891,34.80199914,49.55,1.91,1.724,0.821,-0.046,5
2026-03-22 06:51:51,32.15548894,34.80200913,66.915,7.893,5.453,4.023,4.046,6
2026-03-22 06:51:52,32.15549812,34.80200637,42.626,4.991,-3.6,-2.489,-2.399,7
2026-03-22 06:51:53,32.15550837,34.80199405,43.917,2.594,-1.735,-1.764,-0.779,5
2026-03-22 06:51:54,32.15544234,34.80195707,57.499,4.988,4.812,1.31,-0.056,6
2026-03-22 06:51:55,32.15550126,34.80196357,47.107,2.224,-1.284,-1.815,-0.033,6
2026-03-22 06:51:56,32.15550784,34.80199159,57.503,3.282,1.389,1.7,2.44,6
2026-03-22 06:51:57,32.15551201,34.80203247,54.664,2.168,-0.917,1.682,1.016,6
2026-03-22 06:51:58,32.15551787,34.80200859,56.337,1.331,0.316,0.514,1.186,6
2026-03-22 06:51:59,32.15540699,34.80201003,56.405,4.549,2.327,1.86,-3.438,6
2026-03-22 06:52:00,32.15552631,34.8020296,83.072,11.411,6.077,5.269,8.095,6
2026-03-22 06:52:01,32.15545216,34.80205767,63.021,2.713,-1.097,1.155,-2.196,6
2026-03-22 06:52:02,32.15548037,34.80207508,66.703,1.741,-0.556,1.564,0.526,5
2026-03-22 06:52:03,32.15544834,34.80195109,35.176,12.84,-5.809,-8.565,-7.599,5
2026-03-22 06:52:05,32.15565122,34.80214491,57.012,4.969,-4.503,-1.393,1.574,5
2026-03-22 06:52:06,32.15559834,34.80208388,67.897,2.956,2.665,0.09,1.276,7
2026-03-22 06:52:29,32.15529762,34.80213303,95.268,2.263,2.137,0.526,0.528,6
2026-03-22 06:52:30,32.15520977,34.80226198,63.839,12.911,-8.532,-0.58,-9.673,7
2026-03-22 06:52:31,32.1552358,34.80227867,88.901,4.793,0.986,4.663,0.509,8
2026-03-22 06:52:32,32.15497846,34.80241811,53.6,18.742,-7.239,3.762,-16.873,8
2026-03-22 06:52:33,32.1550356,34.8025379,60.403,11.08,-6.139,6.514,-6.53,8
2026-03-22 06:52:34,32.15503099,34.80270533,54.528,13.074,-8.834,8.023,-5.342,8
2026-03-22 06:52:35,32.15491122,34.80283594,54.492,14.236,-5.802,10.467,-7.71,8
2026-03-22 06:52:36,32.1548462,34.80294,68.897,13.767,-0.456,13.165,-4.001,5
2026-03-22 06:52:38,32.15456839,34.80328302,97.767,18.645,2.739,17.875,-4.544,4
2026-03-22 06:52:44,32.15451573,34.80385105,56.793,13.417,-2.124,12.456,-4.51,4
2026-03-22 06:52:52,32.15421992,34.80510686,78.27,0.0,0.0,0.0,0.0,7
2026-03-22 06:52:53,32.15426202,34.80528971,59.681,10.314,-9.923,1.505,-2.376,6
2026-03-22 06:52:54,32.15424488,34.80535723,103.133,14.552,5.007,11.625,7.181,7
2026-03-22 06:52:55,32.15403584,34.80552376,87.148,13.78,-0.976,11.862,-6.945,7
2026-03-22 06:52:56,32.15394576,34.80556621,88.817,12.314,0.71,9.968,-7.194,7
2026-03-22 06:52:57,32.15389711,34.80573708,85.177,13.6,-3.323,11.227,-6.918,9
2026-03-22 06:52:58,32.15376417,34.80590518,71.034,17.814,-6.97,11.002,-12.154,9
2026-03-22 06:52:59,32.15375792,34.80594332,80.539,11.379,-2.24,9.704,-5.504,7
2026-03-22 06:53:00,32.15368608,34.80603652,74.095,11.812,-3.751,8.433,-7.372,8
2026-03-22 06:53:01,32.15351836,34.80618771,69.564,16.515,-3.516,11.128,-11.686,9
2026-03-22 06:53:02,32.15344733,34.80621981,88.236,14.018,3.768,12.238,-5.704,8
2026-03-22 06:53:03,32.1533893,34.80624966,59.98,13.19,-5.114,3.588,-11.617,8
2026-03-22 06:53:04,32.15323846,34.80619147,64.053,12.391,2.241,3.169,-11.768,8
2026-03-22 06:53:05,32.15307401,34.8062849,46.012,17.615,-2.497,3.525,-17.077,7
2026-03-22 06:53:06,32.15287889,34.80602837,57.788,18.727,11.083,-0.928,-15.066,8
2026-03-22 06:53:07,32.15277252,34.80598506,70.417,16.853,13.156,1.976,-10.346,7
2026-03-22 06:53:08,32.15263737,34.8059858,53.99,15.925,5.93,-0.146,-14.78,8
2026-03-22 06:53:09,32.15268108,34.80598339,79.287,10.793,9.797,4.139,-1.841,8
2026-03-22 06:53:10,32.15244156,34.80587079,64.575,15.933,8.855,-0.622,-13.231,9
2026-03-22 06:53:11,32.15232803,34.80569725,68.166,17.127,12.25,-3.526,-11.438,8
2026-03-22 06:53:12,32.15217777,34.80567753,76.407,16.877,12.978,0.891,-10.751,7
2026-03-22 06:53:13,32.15197913,34.80563425,60.023,19.199,8.013,-1.297,-17.398,5
2026-03-22 06:53:14,32.15181758,34.805628,92.859,21.062,17.205,7.552,-9.516,5
2026-03-22 06:53:15,32.15160315,34.80547171,96.659,23.152,18.902,3.312,-12.953,4
2026-03-22 06:53:16,32.15156783,34.80525706,70.65,19.692,9.416,-9.215,-14.635,4
2026-03-22 06:53:17,32.15126163,34.80523663,92.898,24.05,18.212,2.264,-15.544,4
2026-03-22 06:53:18,32.15103541,34.8052126,115.542,26.893,22.126,8.039,-13.002,4
2026-03-22 06:53:19,32.15097589,34.80498923,97.621,20.439,14.257,-4.76,-13.851,5
2026-03-22 06:53:20,32.15078248,34.80495755,85.82,20.823,9.704,-3.513,-18.086,4
2026-03-22 06:53:22,32.15056626,34.80463888,84.877,0.0,0.0,0.0,0.0,6
2026-03-22 06:53:23,32.15035565,34.80455344,98.416,11.269,9.687,2.807,-5.027,6
2026-03-22 06:53:24,32.15015248,34.80448274,72.313,16.928,4.014,-2.815,-16.203,6
2026-03-22 06:53:25,32.15005247,34.80440027,78.68,14.561,7.893,-1.666,-12.122,7
2026-03-22 06:53:26,32.15000739,34.80437403,92.203,11.737,9.936,1.409,-6.088,6
2026-03-22 06:53:27,32.14978358,34.80423042,80.908,17.942,10.251,-2.773,-14.462,6
2026-03-22 06:53:28,32.14944263,34.80409141,66.378,27.543,11.712,-4.186,-24.574,4
2026-03-22 06:53:29,32.1492145,34.80394609,120.991,32.655,29.766,6.616,-11.687,5
2026-03-22 06:53:30,32.1491104,34.80400734,60.903,24.177,1.848,-4.346,-23.712,4
2026-03-22 06:53:31,32.14905673,34.80397226,80.092,14.707,8.241,0.738,-12.158,5
2026-03-22 06:53:32,32.14883476,34.80387105,52.532,22.396,3.763,-5.03,-21.497,4
2026-03-22 06:53:33,32.14869707,34.80380591,34.265,22.994,1.249,-6.713,-21.957,5
2026-03-22 06:53:34,32.14853425,34.80370552,70.082,19.922,16.027,1.979,-11.666,7
2026-03-22 06:53:35,32.14855471,34.8038428,31.275,15.361,-4.529,-2.336,-14.491,7
2026-03-22 06:53:37,32.14836389,34.80363173,52.474,11.008,4.352,-1.338,-10.022,6
2026-03-22 06:53:38,32.14832028,34.80356713,57.018,9.155,6.112,-1.339,-6.683,7
2026-03-22 06:53:39,32.14823361,34.80379171,29.849,14.973,-7.046,2.072,-13.048,7
2026-03-22 06:53:40,32.1482452,34.80360061,91.242,19.02,16.737,7.033,5.674,7
2026-03-22 06:53:41,32.14811166,34.80353503,59.763,10.072,5.289,-2.098,-8.311,6
2026-03-22 06:53:42,32.14812366,34.80354113,71.822,6.562,6.163,1.099,-1.969,6
2026-03-22 06:53:43,32.14802551,34.80374104,76.126,10.148,2.491,9.008,-3.952,4
2026-03-22 06:53:45,32.14786566,34.80343149,65.13,8.167,4.848,0.623,-6.543,4
2026-03-22 06:53:46,32.1479486,34.80360204,57.833,5.896,-4.401,3.131,-2.364,6
2026-03-22 06:53:47,32.1480575,34.80378631,-2.698,28.078,-25.553,-5.58,-10.212,4
2026-03-22 06:53:48,32.14786675,34.80364167,14.741,10.431,-3.67,-1.889,-9.579,4
2026-03-22 06:53:50,32.14748039,34.80324429,65.667,14.968,12.902,0.234,-7.583,7
2026-03-22 06:53:51,32.14732832,34.80327809,80.288,16.87,14.026,6.063,-7.149,6
2026-03-22 06:53:52,32.14711087,34.80318839,55.399,19.355,7.641,-1.024,-17.753,7
2026-03-22 06:53:59,32.14623689,34.80306873,12.618,0.0,0.0,0.0,0.0,6
2026-03-22 06:54:00,32.14612564,34.80280466,66.115,24.116,22.721,3.657,7.208,7
2026-03-22 06:54:01,32.14599685,34.80279863,66.149,16.702,16.268,3.749,-0.505,6
2026-03-22 06:54:02,32.14586039,34.80277025,65.832,14.396,12.928,3.147,-5.495,7
2026-03-22 06:54:03,32.1457281,34.80267087,62.095,14.58,11.422,-0.132,-9.061,8
2026-03-22 06:54:04,32.14543517,34.80249756,89.367,26.381,23.847,3.768,-10.634,6
2026-03-22 06:54:05,32.14542184,34.80267332,59.253,13.663,2.406,2.066,-13.29,7
2026-03-22 06:54:06,32.14506951,34.80238104,87.511,27.192,22.425,2.39,-15.192,7
2026-03-22 06:54:07,32.14499929,34.80249022,62.634,17.952,5.546,0.954,-17.047,8
2026-03-22 06:54:08,32.14499666,34.80254273,40.325,15.723,-3.956,-2.077,-15.075,7
2026-03-22 06:54:09,32.14465298,34.80233983,55.747,22.719,12.945,0.077,-18.67,8
2026-03-22 06:54:10,32.14443474,34.80245042,44.902,23.094,6.598,4.316,-21.707,8
2026-03-22 06:54:11,32.14429692,34.80197517,84.028,29.577,27.747,-2.718,-9.873,5
2026-03-22 06:54:12,32.14424642,34.80236214,40.548,17.502,-2.8,2.636,-17.074,6
2026-03-22 06:54:13,32.1439677,34.80222563,41.977,21.639,7.059,1.382,-20.408,5
2026-03-22 06:54:14,32.14393295,34.80201725,66.28,18.205,16.156,-0.462,-8.378,7
2026-03-22 06:54:15,32.14383558,34.80209755,47.714,13.476,4.687,-0.067,-12.635,6
2026-03-22 06:54:16,32.14363693,34.80177988,67.453,22.131,18.994,-3.393,-10.841,6
2026-03-22 06:54:17,32.14360841,34.8018528,58.418,12.385,7.866,-1.138,-9.499,5
2026-03-22 06:54:22,32.1438621,34.80045421,-168.227,0.0,0.0,0.0,0.0,4
2026-03-22 06:54:52,32.14022837,34.80484578,38.849,0.0,0.0,0.0,0.0,5
2026-03-22 06:54:53,32.14027398,34.80500006,75.412,15.871,5.961,11.235,9.493,5
2026-03-22 06:54:54,32.14034758,34.80531374,58.89,16.119,-9.201,12.276,4.945,4
2026-03-22 06:55:38,32.13844868,34.81583042,62.892,0.0,0.0,0.0,0.0,6
2026-03-22 06:55:39,32.13852108,34.81610584,65.589,10.933,-6.587,8.08,3.293,6
2026-03-22 06:55:40,32.13848595,34.81632718,72.448,14.984,-6.134,13.506,2.116,5
2026-03-22 06:55:41,32.13849746,34.81656628,70.488,17.837,-9.6,14.978,1.285,5
2026-03-22 06:55:42,32.13853347,34.81689033,53.297,23.789,-18.221,15.218,-1.534,5
2026-03-22 06:55:45,32.13847758,34.81775452,94.722,24.682,-12.939,20.977,1.318,5
2026-03-22 06:55:46,32.1385392,34.81807506,79.036,27.516,-20.226,18.655,-0.233,4
2026-03-22 06:55:47,32.13852053,34.81835274,89.023,26.63,-14.981,21.979,1.284,4
2026-03-22 06:55:48,32.13851748,34.81861232,66.588,27.105,-20.761,16.933,-4.118,4
2026-03-22 06:55:49,32.13855391,34.81891283,80.634,26.866,-15.733,21.696,1.886,5
2026-03-22 06:55:50,32.13849009,34.81917339,76.823,25.994,-14.878,21.214,-2.076,5
2026-03-22 06:55:51,32.13851066,34.81939969,80.404,24.098,-13.206,20.155,0.289,6
2026-03-22 06:55:52,32.13849023,34.81979638,61.085,30.33,-21.448,20.923,-4.705,6
2026-03-22 06:55:53,32.13838135,34.82005416,41.516,30.465,-21.756,18.223,-11.076,6
2026-03-22 06:55:54,32.13837007,34.82052739,-24.057,48.121,-41.267,13.066,-21.023,5
2026-03-22 06:56:37,32.13524448,34.83218551,93.342,0.0,0.0,0.0,0.0,8
2026-03-22 06:56:38,32.13505905,34.83237201,91.06,10.864,-1.064,7.835,-7.45,8
2026-03-22 06:56:39,32.13482483,34.83270767,72.576,24.15,-8.477,14.68,-17.2,8
2026-03-22 06:56:40,32.13473252,34.83289021,83.815,21.599,-4.109,17.881,-11.396,8
2026-03-22 06:56:41,32.13452174,34.83306743,92.483,24.428,0.206,20.737,-12.911,5
2026-03-22 06:56:42,32.13443325,34.83335591,96.676,25.704,-3.216,23.383,-10.178,8
2026-03-22 06:56:43,32.13428313,34.83362499,86.025,27.486,-7.785,22.328,-14.012,8
2026-03-22 06:56:44,32.13412301,34.8338453,81.676,27.497,-7.529,21.538,-15.347,8
2026-03-22 06:56:45,32.13386138,34.83409154,50.165,34.185,-13.52,17.981,-25.739,8
2026-03-22 06:56:46,32.13398038,34.83419467,83.233,19.493,-3.446,18.777,-3.938,8
2026-03-22 06:56:47,32.13373752,34.83447326,98.562,27.414,0.891,26.136,-8.224,8
2026-03-22 06:56:48,32.13354784,34.83471204,91.387,27.948,-2.935,24.247,-13.585,8
2026-03-22 06:56:50,32.13324496,34.83514012,107.51,27.613,-1.202,24.78,-12.124,6
2026-03-22 06:56:51,32.13324878,34.83539178,104.907,24.415,-6.944,22.109,-7.685,6
2026-03-22 06:56:52,32.13302058,34.83563297,100.372,27.653,-6.208,22.935,-14.147,7
2026-03-22 06:56:53,32.13297113,34.83587053,107.478,25.485,-5.913,23.162,-8.834,6
2026-03-22 06:56:54,32.13283058,34.83605907,110.369,24.667,-4.088,22.191,-9.965,6
2026-03-22 06:56:55,32.13274286,34.8362976,128.446,25.973,-0.871,25.384,-5.428,5
2026-03-22 06:56:56,32.13258327,34.83653099,124.544,26.142,-3.549,23.857,-10.081,5
2026-03-22 06:56:57,32.13245068,34.83677655,113.286,26.599,-7.986,21.53,-13.424,5
2026-03-22 06:56:58,32.13229117,34.83709783,106.224,30.224,-10.593,23.654,-15.549,7
2026-03-22 06:56:59,32.13214134,34.83736387,93.625,30.934,-12.693,22.016,-17.637,8
2026-03-22 06:57:00,32.13210159,34.83755808,101.087,25.297,-8.959,21.205,-10.488,8
2026-03-22 06:57:01,32.13194299,34.83788227,93.093,29.544,-11.517,23.357,-13.951,8
2026-03-22 06:57:02,32.13185015,34.83809024,101.743,26.434,-7.192,23.382,-10.018,8
2026-03-22 06:57:03,32.13177678,34.83825028,105.625,22.812,-5.266,20.727,-7.941,8
2026-03-22 06:57:04,32.13170257,34.83869221,75.388,32.166,-19.658,21.276,-13.985,7
2026-03-22 06:57:05,32.1315808,34.83878131,100.986,23.745,-4.241,22.12,-7.519,6
2026-03-22 06:57:06,32.13149707,34.83904804,89.229,24.854,-9.943,20.388,-10.157,7
2026-03-22 06:57:07,32.1312449,34.83934055,83.91,30.29,-8.869,23.663,-16.698,7
2026-03-22 06:57:08,32.13125837,34.83961938,86.734,27.103,-10.809,23.201,-8.912,6
2026-03-22 06:57:09,32.13114568,34.83988183,80.86,27.477,-11.596,22.433,-10.83,5
2026-03-22 06:57:10,32.13107114,34.84002692,95.802,23.131,-4.489,21.85,-6.119,6
2026-03-22 06:57:11,32.13102171,34.84025603,81.956,22.664,-10.526,18.195,-8.474,7
2026-03-22 06:57:12,32.13088308,34.8405565,93.418,26.47,-6.924,24.311,-7.853,7
2026-03-22 06:57:13,32.13084808,34.84083006,77.425,26.413,-13.821,20.438,-9.429,7
2026-03-22 06:57:14,32.13062116,34.8410366,90.589,27.21,-4.693,24.267,-11.38,8
2026-03-22 06:57:38,32.12832635,34.84648287,88.87,0.0,0.0,0.0,0.0,6
2026-03-22 06:57:39,32.12827029,34.8465848,101.205,6.733,2.316,6.3,0.518,4
2026-03-22 06:57:40,32.12819148,34.84685881,80.772,14.564,-8.674,9.376,-6.996,6
2026-03-22 06:57:41,32.12813716,34.84707528,77.044,17.29,-9.858,12.342,-7.031,7
2026-03-22 06:57:42,32.12795493,34.84733616,78.879,22.473,-7.504,18.297,-10.673,6
2026-03-22 06:57:43,32.12807803,34.8475428,99.218,20.621,-5.688,19.657,2.547,6
2026-03-22 06:57:47,32.12763496,34.84872775,-17.361,0.0,0.0,0.0,0.0,4
2026-03-22 06:57:50,32.12738183,34.84909669,119.681,0.0,0.0,0.0,0.0,7
2026-03-22 06:57:51,32.12706009,34.84944681,81.235,24.795,-12.011,7.74,-20.264,4
2026-03-22 06:57:53,32.12679542,34.84999388,67.037,26.213,-12.518,13.527,-18.64,7
2026-03-22 06:57:54,32.1267595,34.8502155,45.138,27.097,-17.683,11.226,-17.191,6
2026-03-22 06:57:55,32.12667075,34.85043066,67.013,22.16,-7.452,18.831,-8.995,7
2026-03-22 06:57:56,32.12652704,34.85070132,71.478,25.337,-6.286,22.484,-9.846,7
2026-03-22 06:57:57,32.12641771,34.8509741,67.575,26.559,-8.624,22.658,-10.845,7
2026-03-22 06:57:58,32.1263511,34.85125185,43.784,28.492,-16.489,18.491,-14.07,7
2026-03-22 06:57:59,32.12622365,34.85145053,59.251,25.219,-7.413,21.961,-9.939,6
2026-03-22 06:58:00,32.1261865,34.85162253,100.34,27.287,3.984,26.959,1.381,8
2026-03-22 06:58:01,32.12601526,34.85189572,67.19,25.884,-9.403,20.529,-12.655,7
2026-03-22 06:58:02,32.12592342,34.85216199,62.855,26.449,-10.813,20.963,-11.965,7
2026-03-22 06:58:03,32.12589364,34.851876,126.331,24.837,17.904,16.409,5.204,5
2026-03-22 06:58:04,32.12567093,34.85239627,98.752,26.387,-3.836,23.624,-11.11,4
2026-03-22 06:58:05,32.12555534,34.85254694,149.797,32.175,10.876,30.281,-0.15,5
2026-03-22 06:58:06,32.12547185,34.85301199,108.569,31.362,-13.351,25.718,-11.996,4
2026-03-22 06:58:12,32.12492228,34.85426223,120.666,27.576,-10.172,23.51,-10.21,5
2026-03-22 06:58:14,32.12482139,34.85477318,104.435,26.602,-12.894,21.128,-9.747,5
2026-03-22 06:58:15,32.12461341,34.85492274,134.915,27.03,1.536,26.014,-7.178,4
2026-03-22 06:58:17,32.1243783,34.85545069,151.193,27.839,-0.235,26.946,-6.991,4
2026-03-22 06:58:18,32.12435894,34.85564391,131.408,22.753,-9.435,18.583,-9.13,4
2026-03-22 06:58:34,32.12262367,34.85999275,52.991,0.0,0.0,0.0,0.0,6
2026-03-22 06:58:35,32.12251512,34.86023097,67.63,11.761,1.03,11.676,-0.964,6
2026-03-22 06:58:36,32.1223468,34.86050955,72.594,19.764,-0.755,18.865,-5.846,6
2026-03-22 06:58:37,32.12224053,34.86073351,44.395,22.519,-11.067,14.228,-13.497,6
2026-03-22 06:58:38,32.12215209,34.86094829,45.818,22.025,-9.167,16.657,-11.118,6
2026-03-22 06:58:39,32.12208743,34.86113417,65.274,21.179,-2.851,20.391,-4.962,6
2026-03-22 06:58:40,32.12194989,34.86137537,53.912,23.264,-7.412,19.359,-10.56,6
2026-03-22 06:58:41,32.12184869,34.86161577,56.913,24.049,-6.841,21.007,-9.5,6
2026-03-22 06:58:42,32.1217394,34.86201024,39.346,30.727,-15.384,22.894,-13.542,5
2026-03-22 06:58:43,32.12167559,34.86195289,84.76,22.413,5.866,21.614,-0.863,6
2026-03-22 06:58:44,32.12156945,34.862308,73.848,24.8,-5.122,23.285,-6.826,5
2026-03-22 06:58:45,32.12143347,34.86269341,54.945,30.84,-14.012,24.081,-13.224,5
2026-03-22 06:58:46,32.12136321,34.86284126,58.999,24.664,-9.111,20.76,-9.712,5
2026-03-22 06:58:47,32.1212767,34.86314813,70.358,27.175,-7.256,25.327,-6.661,5
2026-03-22 06:58:48,32.12130881,34.8639851,-38.436,62.414,-53.276,19.619,-25.929,4
2026-03-22 06:58:49,32.12120047,34.86364321,74.972,26.591,9.031,24.604,4.493,6
2026-03-22 06:58:50,32.12116065,34.86396427,54.105,22.423,-6.538,21.203,-3.238,4
2026-03-22 06:58:51,32.12101667,34.86409394,78.964,23.77,2.975,23.493,-2.065,4
2026-03-22 06:58:52,32.12103473,34.86439306,66.115,22.587,-8.59,20.628,-3.293,6
2026-03-22 06:58:53,32.12098487,34.864698,56.329,25.327,-13.49,20.599,-5.93,8
2026-03-22 06:58:54,32.12091473,34.86498547,67.71,26.567,-9.776,24.413,-3.772,6
2026-03-22 06:58:55,32.1209132,34.86525125,66.866,25.741,-11.806,22.737,-2.5,8
2026-03-22 06:58:56,32.12084813,34.86575193,18.11,39.236,-30.18,20.584,-14.314,6
2026-03-22 06:58:57,32.12085759,34.86584968,19.005,26.621,-20.152,15.424,-8.043,7
2026-03-22 06:58:58,32.12070594,34.86598537,82.746,28.571,5.633,27.846,3.034,6
2026-03-22 06:58:59,32.12075666,34.86643946,47.865,29.16,-17.096,23.332,-3.693,5
2026-03-22 06:59:00,32.12066998,34.86666628,26.39,28.357,-19.444,18.034,-10.039,4
2026-03-22 06:59:04,32.12047191,34.86782706,7.115,0.0,0.0,0.0,0.0,5
2026-03-22 06:59:30,32.11819869,34.87377718,52.052,9.495,-2.767,8.601,-2.917,6
2026-03-22 06:59:31,32.11805765,34.87377905,100.879,22.341,14.599,16.578,3.335,6
2026-03-22 06:59:32,32.11802304,34.87427015,47.775,24.519,-15.931,15.337,-10.592,6
2026-03-22 06:59:33,32.11796316,34.87441415,62.606,19.622,-7.386,17.342,-5.451,6
2026-03-22 06:59:34,32.11788814,34.87467577,60.795,22.197,-9.131,19.168,-6.474,6
2026-03-22 06:59:35,32.11778391,34.87494825,64.528,24.598,-8.305,22.068,-7.006,6
2026-03-22 06:59:36,32.11769843,34.87519204,76.023,25.259,-5.397,24.17,-4.971,6
2026-03-22 06:59:37,32.11763197,34.8753841,78.832,23.05,-5.317,21.89,-4.882,5
2026-03-22 06:59:38,32.11762009,34.87582686,53.041,30.83,-19.685,22.01,-8.86,7
2026-03-22 06:59:39,32.11761532,34.87577538,99.271,21.201,2.241,20.632,4.336,7
2026-03-22 06:59:40,32.11754253,34.87614642,70.314,24.224,-13.304,19.242,-6.291,7
2026-03-22 06:59:41,32.11750668,34.87648498,55.6,28.353,-18.686,19.663,-8.251,7
2026-03-22 06:59:42,32.11741205,34.87682046,37.48,31.937,-21.659,19.953,-12.358,7
2026-03-22 06:59:43,32.1174928,34.87710877,47.338,28.329,-18.041,21.721,-2.285,8
2026-03-22 06:59:44,32.11745086,34.8773663,57.893,26.796,-12.639,23.618,-0.702,5
2026-03-22 06:59:45,32.11748324,34.87771599,57.401,29.186,-15.895,24.469,0.691,5
2026-03-22 06:59:46,32.11738637,34.877895,45.791,24.938,-14.754,19.282,-5.694,7
2026-03-22 06:59:47,32.11746715,34.87821815,42.7,27.012,-18.249,19.888,-1.039,7
2026-03-22 06:59:48,32.11749475,34.87819275,86.76,21.687,1.31,19.31,9.783,5
2026-03-22 06:59:49,32.11739816,34.87884358,23.028,37.464,-29.107,20.697,-11.312,6
2026-03-22 06:59:50,32.11753809,34.8791646,96.271,38.003,-6.745,34.662,14.046,6
2026-03-22 06:59:51,32.11755184,34.8793801,57.827,27.932,-19.65,19.837,0.768,7
2026-03-22 06:59:52,32.11760076,34.87958754,39.882,26.393,-22.202,14.19,-1.518,7
2026-03-22 06:59:53,32.11762523,34.87981721,49.064,23.619,-16.2,17.075,1.961,6
2026-03-22 06:59:54,32.11767682,34.88008468,54.548,24.482,-14.968,18.895,4.281,5
2026-03-22 06:59:55,32.11777713,34.88036464,39.94,26.512,-21.025,15.824,3.231,6
2026-03-22 06:59:56,32.11783965,34.8805994,40.384,25.054,-18.769,16.007,4.381,6
2026-03-22 06:59:57,32.11784318,34.88081475,71.799,25.288,-7.248,22.312,9.442,6
2026-03-22 06:59:58,32.11786738,34.88114394,64.517,26.4,-13.947,21.844,5.026,5
2026-03-22 06:59:59,32.11804391,34.88136871,46.007,26.566,-21.78,14.1,5.711,4
2026-03-22 07:00:01,32.11826594,34.88184393,51.996,25.896,-19.513,14.901,8.234,4
2026-03-22 07:00:04,32.1186059,34.88244567,51.942,24.547,-18.235,13.62,9.194,4
2026-03-22 07:00:08,32.11905891,34.88341768,73.084,25.208,-16.909,15.193,10.895,4
2026-03-22 07:00:10,32.11919622,34.88393813,47.804,25.618,-20.604,13.799,6.428,4
2026-03-22 07:00:11,32.11938575,34.88414057,42.005,26.411,-22.011,10.869,9.744,4
2026-03-22 07:00:12,32.119436,34.88434084,61.798,23.746,-13.002,15.88,11.943,5
2026-03-22 07:00:13,32.11958278,34.88460237,49.363,25.801,-19.743,13.237,10.035,5
2026-03-22 07:00:14,32.1197455,34.88487044,70.465,28.77,-14.917,18.137,16.622,7
2026-03-22 07:00:15,32.11979648,34.88507763,60.467,24.617,-17.188,14.673,9.762,7
2026-03-22 07:00:16,32.11997656,34.88529728,66.36,26.138,-16.901,14.318,13.876,7
2026-03-22 07:00:17,32.12018887,34.88554602,67.904,28.866,-19.189,13.729,16.63,7
2026-03-22 07:00:18,32.12021442,34.88573726,54.992,24.169,-19.725,11.312,8.191,7
2026-03-22 07:00:19,32.12040027,34.88607355,41.542,30.434,-26.428,12.088,9.036,8
2026-03-22 07:00:20,32.12047383,34.8862508,60.401,25.253,-15.866,15.403,12.196,7
2026-03-22 07:00:22,32.12075401,34.88667142,60.441,25.135,-16.765,13.868,12.585,6
2026-03-22 07:00:23,32.12080575,34.88699118,33.42,28.529,-25.472,12.288,3.747,6
2026-03-22 07:00:24,32.12092779,34.88710707,63.296,23.288,-11.844,15.104,13.187,6
2026-03-22 07:00:25,32.12098749,34.88745186,43.702,26.689,-21.151,15.136,5.987,6
2026-03-22 07:00:26,32.1209995,34.88773876,36.174,26.888,-21.209,16.345,2.443,6
2026-03-22 07:00:27,32.12129603,34.88790854,123.835,42.051,2.232,28.05,31.249,7
2026-03-22 07:00:28,32.12131406,34.88821506,39.405,30.705,-29.089,9.718,1.47,6
2026-03-22 07:00:29,32.12134618,34.88842495,54.2,24.237,-18.495,14.763,5.235,7
2026-03-22 07:00:30,32.12147147,34.88869987,51.251,26.297,-20.276,15.108,7.221,7
2026-03-22 07:00:31,32.12149735,34.88904503,29.193,30.302,-26.248,15.129,0.613,7
2026-03-22 07:00:32,32.12164322,34.88918316,66.097,25.669,-11.299,18.537,13.697,4
2026-03-22 07:00:34,32.12186753,34.88980529,31.304,27.355,-20.499,15.87,8.731,4
2026-03-22 07:00:36,32.12188409,34.89020564,85.974,25.506,-9.186,20.905,11.364,4
2026-03-22 07:00:37,32.12191345,34.89054558,87.73,27.67,-12.932,23.013,8.295,4
2026-03-22 07:00:38,32.12154318,34.89056118,205.644,55.221,31.832,42.135,16.146,4
2026-03-22 07:00:39,32.12178564,34.89088542,184.731,31.5,1.597,27.997,14.348,4
2026-03-22 07:00:49,32.12257652,34.89446111,21.357,28.09,-12.833,23.636,8.105,4
2026-03-22 07:00:50,32.12222402,34.89448995,55.5,27.649,7.984,26.447,-1.117,5
2026-03-22 07:00:51,32.12221655,34.89477632,52.194,24.348,-2.168,24.195,-1.654,4
2026-03-22 07:00:52,32.1221891,34.89506357,65.087,26.507,-3.39,26.279,0.719,5
2026-03-22 07:00:53,32.12218619,34.89541335,53.801,27.614,-12.667,24.449,-2.079,5
2026-03-22 07:00:54,32.12207341,34.89571361,68.623,29.501,-7.784,28.36,-2.331,7
2026-03-22 07:00:55,32.1221611,34.89605139,50.321,29.541,-18.746,22.743,-1.997,7
2026-03-22 07:00:56,32.122327,34.89631967,101.229,34.115,-6.106,29.58,15.862,8
2026-03-22 07:00:57,32.12205995,34.89668751,61.609,31.819,-17.449,25.061,-8.942,6
2026-03-22 07:00:58,32.12203024,34.89691722,67.9,27.626,-13.108,23.768,-5.143,7
2026-03-22 07:00:59,32.12206923,34.89733001,42.82,33.431,-24.502,21.654,-6.956,7
2026-03-22 07:01:00,32.12202105,34.89752296,52.048,26.658,-15.372,21.405,-4.02,6
2026-03-22 07:01:01,32.12200507,34.89780231,79.36,28.124,-7.358,27.0,2.797,7
2026-03-22 07:01:02,32.12199261,34.89806156,72.152,25.839,-11.776,22.998,-0.323,7
2026-03-22 07:01:03,32.12192495,34.89839285,48.361,29.262,-19.521,20.357,-7.796,6
2026-03-22 07:01:04,32.12190537,34.8987173,38.259,30.452,-21.147,20.565,-7.562,4
2026-03-22 07:01:05,32.12192236,34.89894117,105.45,33.716,0.817,32.064,10.392,6
2026-03-22 07:02:11,32.11858774,34.91684438,57.91,28.854,-4.593,28.178,4.184,8
2026-03-22 07:02:12,32.11847496,34.91708474,70.024,28.333,-2.403,28.218,0.85,8
2026-03-22 07:02:13,32.11842462,34.91725981,81.617,25.321,-1.031,25.277,1.084,7
2026-03-22 07:02:14,32.1183403,34.9175538,66.01,25.069,-9.676,22.378,-5.836,6
2026-03-22 07:02:15,32.1182684,34.91785295,68.015,26.798,-10.322,24.046,-5.776,6
2026-03-22 07:02:16,32.1181905,34.91803091,79.687,24.164,-5.29,23.251,-3.91,6
2026-03-22 07:02:17,32.11813752,34.91834926,57.696,26.845,-15.137,20.255,-9.013,6
2026-03-22 07:02:18,32.11802426,34.91877577,39.533,34.296,-21.154,23.362,-13.526,5
2026-03-22 07:02:19,32.11791238,34.91887638,65.445,25.234,-5.505,23.666,-6.808,6
2026-03-22 07:02:20,32.11788765,34.91912386,61.186,24.065,-9.355,21.368,-5.919,6
2026-03-22 07:02:21,32.11779141,34.91932549,77.674,24.101,-3.529,23.559,-3.661,6
2026-03-22 07:02:22,32.11768433,34.91954603,85.36,24.48,-2.677,23.897,-4.585,7
2026-03-22 07:02:23,32.11767973,34.92000804,37.614,34.092,-24.764,19.441,-13.078,7
2026-03-22 07:02:24,32.11754305,34.92013553,72.95,25.443,-5.155,24.309,-5.467,6
2026-03-22 07:02:25,32.11746187,34.92045338,65.892,27.418,-10.352,24.151,-7.831,6
2026-03-22 07:02:26,32.11740843,34.92065118,84.63,25.473,-4.247,24.968,-2.721,6
2026-03-22 07:02:27,32.11730242,34.9209504,64.581,27.005,-12.534,21.785,-9.879,6
2026-03-22 07:02:28,32.11720698,34.92086089,127.335,27.689,13.691,23.759,3.833,6
2026-03-22 07:02:29,32.1171449,34.9215502,72.673,35.072,-20.665,25.828,-11.657,7
2026-03-22 07:02:30,32.11709368,34.92180311,70.07,30.857,-17.597,23.512,-9.472,7
2026-03-22 07:02:31,32.11717133,34.92210817,104.311,30.874,-9.14,29.142,4.516,8
2026-03-22 07:02:32,32.11695702,34.9223096,65.554,28.637,-16.459,19.096,-13.584,7
2026-03-22 07:02:33,32.1169511,34.92256718,84.768,25.654,-9.99,23.237,-4.287,8
2026-03-22 07:02:35,32.11690438,34.92252555,144.868,19.93,3.255,19.441,2.941,5
2026-03-22 07:02:36,32.11703166,34.92330147,116.713,37.981,-25.097,28.502,0.559,8
2026-03-22 07:02:37,32.11692863,34.92356121,98.06,33.922,-23.861,22.914,-7.502,8
2026-03-22 07:02:38,32.11697525,34.92378265,135.941,29.401,-9.481,27.32,5.306,8
2026-03-22 07:02:39,32.11657262,34.924186,64.107,43.155,-26.574,20.379,-27.219,7
2026-03-22 07:02:40,32.11658389,34.92456426,55.899,38.892,-26.617,22.191,-17.653,7
2026-03-22 07:02:41,32.11652412,34.92477415,65.911,29.97,-16.57,22.56,-10.708,7
2026-03-22 07:02:42,32.11651001,34.92498782,74.485,25.538,-11.905,22.003,-5.132,7
2026-03-22 07:02:43,32.11648737,34.92539267,47.46,32.456,-22.962,20.796,-9.677,7
2026-03-22 07:02:44,32.11650405,34.92563321,66.901,27.295,-13.898,23.468,-1.045,7
2026-03-22 07:02:45,32.11642658,34.92596996,50.514,29.973,-18.671,22.371,-7.022,7
2026-03-22 07:02:46,32.1164424,34.92636831,45.132,33.012,-21.612,24.494,-4.764,7
2026-03-22 07:02:47,32.11641838,34.92654356,66.769,26.714,-10.281,24.642,0.841,7
2026-03-22 07:02:48,32.11638629,34.92692087,53.766,30.098,-17.315,24.374,-3.466,5
2026-03-22 07:02:49,32.11631965,34.92715163,54.536,27.066,-13.874,22.816,-4.42,5
2026-03-22 07:02:50,32.11648991,34.92753393,34.88,31.921,-25.339,19.41,-0.435,4
2026-03-22 07:03:42,32.11562145,34.94235939,-95.426,0.0,0.0,0.0,0.0,4
2026-03-22 07:03:56,32.11487346,34.94484498,80.692,0.0,0.0,0.0,0.0,5
2026-03-22 07:03:58,32.1146911,34.94532135,88.873,9.994,-2.252,9.396,-2.556,5
2026-03-22 07:03:59,32.1145883,34.94553911,95.421,15.721,-2.254,15.035,-4.003,5
2026-03-22 07:04:00,32.11456303,34.94582903,71.588,21.164,-13.752,13.708,-8.419,5
2026-03-22 07:04:01,32.11445098,34.94610283,72.932,23.603,-11.633,18.472,-8.975,5
2026-03-22 07:04:02,32.11438598,34.9463084,66.252,22.803,-12.024,17.026,-9.247,6
2026-03-22 07:04:03,32.11429601,34.94650165,66.968,21.781,-9.455,17.55,-8.776,7
2026-03-22 07:04:04,32.11421926,34.94676454,74.259,23.474,-7.85,21.116,-6.599,7
2026-03-22 07:04:05,32.11420541,34.94693105,74.141,20.224,-8.075,17.986,-4.505,7
2026-03-22 07:04:07,32.11406137,34.94740181,64.813,21.608,-9.838,18.143,-6.4,7
2026-03-22 07:04:08,32.11404304,34.94757608,52.712,20.302,-12.678,14.177,-7.102,8
2026-03-22 07:04:09,32.11396061,34.9477319,93.861,22.563,2.044,22.427,1.392,7
2026-03-22 07:04:10,32.11383109,34.94795078,94.978,22.528,-0.693,22.196,-3.793,7
2026-03-22 07:04:11,32.11385133,34.94811581,83.66,18.068,-7.519,15.954,-3.922,8
2026-03-22 07:04:12,32.11371117,34.94837477,83.226,22.186,-7.523,19.395,-7.711,8
2026-03-22 07:04:13,32.11367366,34.94852315,90.252,19.33,-5.046,18.098,-4.542,8
2026-03-22 07:04:14,32.11364021,34.94885475,70.738,24.628,-14.972,17.784,-8.131,7
2026-03-22 07:04:15,32.11358806,34.94881622,110.989,18.522,4.036,17.995,1.721,7
2026-03-22 07:04:16,32.11353458,34.94914264,76.635,21.562,-13.144,14.952,-8.282,6
2026-03-22 07:04:17,32.11347874,34.94944992,72.414,24.827,-14.624,18.414,-7.965,7
2026-03-22 07:04:18,32.1133572,34.94948976,98.993,19.436,0.094,19.082,-3.693,6
2026-03-22 07:04:19,32.11331079,34.94982157,73.491,23.824,-13.305,17.394,-9.382,5
2026-03-22 07:04:20,32.11331534,34.95003387,64.756,22.664,-15.087,15.249,-7.316,6
2026-03-22 07:04:21,32.11317047,34.95016571,91.79,20.898,-1.597,20.433,-4.084,6
2026-03-22 07:04:22,32.11312399,34.95039474,85.371,20.685,-6.795,18.728,-5.562,7
2026-03-22 07:04:23,32.11306057,34.95078733,60.873,28.782,-18.144,19.487,-10.929,7
2026-03-22 07:04:24,32.11295206,34.95093459,64.321,23.608,-11.017,18.383,-9.901,7
2026-03-22 07:04:25,32.11290362,34.95116674,82.382,23.413,-5.679,22.373,-3.92,7
2026-03-22 07:04:26,32.11289177,34.95135445,89.199,21.436,-5.345,20.715,-1.348,7
2026-03-22 07:04:27,32.11278222,34.95169352,78.147,26.083,-11.492,22.256,-7.274,7
2026-03-22 07:04:28,32.11271083,34.95196576,57.477,27.85,-17.143,18.73,-11.442,7
2026-03-22 07:04:29,32.11261418,34.95202465,77.285,19.715,-4.191,18.21,-6.284,6
2026-03-22 07:04:30,32.11256426,34.95230496,76.661,22.364,-7.786,20.153,-5.779,7
2026-03-22 07:04:31,32.1125092,34.95239052,95.368,19.179,-0.263,19.114,-1.558,6
2026-03-22 07:04:32,32.11240003,34.95273048,87.451,24.158,-7.599,21.925,-6.72,7
2026-03-22 07:04:33,32.11236508,34.95300446,97.153,25.235,-7.116,23.988,-3.282,7
2026-03-22 07:04:34,32.11224794,34.95309731,93.498,20.134,-5.029,18.139,-7.148,7
2026-03-22 07:04:35,32.11218849,34.9533197,98.898,20.987,-5.179,19.616,-5.373,7
2026-03-22 07:04:36,32.11213144,34.95356177,90.934,21.929,-9.452,18.484,-7.061,7
2026-03-22 07:04:37,32.11203313,34.95374882,95.457,21.35,-6.561,19.084,-6.968,7
2026-03-22 07:04:38,32.1119191,34.95392243,123.236,23.996,2.226,23.755,-2.559,6
2026-03-22 07:04:39,32.11184867,34.95418782,109.347,22.974,-6.9,20.72,-7.134,6
2026-03-22 07:04:40,32.11176639,34.95431378,118.508,20.156,-2.731,19.219,-5.424,6
2026-03-22 07:04:41,32.11179441,34.95467,67.03,30.098,-24.179,12.183,-13.148,7
2026-03-22 07:04:42,32.11169192,34.95488506,60.332,27.076,-19.039,14.048,-13.163,7
2026-03-22 07:04:43,32.11155374,34.95511896,78.471,24.607,-8.775,21.054,-9.233,7
2026-03-22 07:04:44,32.11143218,34.95533457,81.175,24.464,-6.829,21.471,-9.532,7
2026-03-22 07:04:45,32.11128804,34.95554932,85.226,24.988,-4.832,22.26,-10.273,8
2026-03-22 07:04:46,32.11119416,34.95579152,84.603,24.952,-6.496,21.998,-9.823,8
2026-03-22 07:04:47,32.11104914,34.95599437,87.402,24.913,-4.706,21.977,-10.747,6
2026-03-22 07:04:48,32.11096031,34.95619593,89.553,23.525,-4.869,21.041,-9.329,8
2026-03-22 07:04:49,32.11079896,34.95645443,85.205,26.155,-6.602,21.958,-12.583,8
2026-03-22 07:04:50,32.1106708,34.95662943,93.83,24.555,-2.875,21.995,-10.531,8
2026-03-22 07:04:51,32.11049067,34.95689825,82.865,27.645,-7.104,21.82,-15.418,8
2026-03-22 07:04:52,32.11035511,34.95711329,85.818,26.622,-5.474,22.15,-13.716,8
2026-03-22 07:04:53,32.11020456,34.95732792,84.92,26.471,-5.267,21.79,-14.077,8
2026-03-22 07:04:54,32.11010093,34.95751402,87.598,24.267,-4.44,20.752,-11.77,8
2026-03-22 07:04:55,32.10994635,34.95775057,90.488,25.86,-3.991,22.42,-12.255,8
2026-03-22 07:04:56,32.10983698,34.95796065,98.81,25.127,-2.515,23.045,-9.693,8
2026-03-22 07:04:57,32.1096449,34.95822208,87.212,27.932,-6.673,22.259,-15.498,8
2026-03-22 07:04:58,32.10953268,34.9584141,92.265,25.511,-4.586,21.794,-12.441,8
2026-03-22 07:04:59,32.10942847,34.95864814,90.172,25.2,-6.382,21.319,-11.825,8
2026-03-22 07:05:00,32.10930989,34.95882565,95.923,23.707,-3.781,21.002,-10.327,8
2026-03-22 07:05:01,32.10920154,34.95903637,102.064,23.743,-3.028,21.777,-8.962,8
2026-03-22 07:05:02,32.10910164,34.95920474,126.005,24.804,3.119,24.273,-4.04,8
2026-03-22 07:05:03,32.10890707,34.95951222,109.271,27.551,-5.667,23.457,-13.292,8
2026-03-22 07:05:04,32.10870168,34.95975104,94.851,29.757,-8.602,21.439,-18.758,8
2026-03-22 07:05:05,32.10857647,34.9599594,98.656,27.212,-6.193,21.74,-15.15,8
2026-03-22 07:05:06,32.10847755,34.96013657,119.185,25.298,0.063,23.848,-8.442,8
2026-03-22 07:05:07,32.10824856,34.96049824,90.409,32.398,-11.352,23.006,-19.787,8
2026-03-22 07:05:08,32.10809815,34.96063914,100.025,27.289,-4.283,22.062,-15.479,8
2026-03-22 07:05:09,32.10801861,34.96082425,103.171,24.051,-4.164,20.65,-11.607,8
2026-03-22 07:05:10,32.10781603,34.96108005,103.877,27.581,-3.922,23.178,-14.425,8
2026-03-22 07:05:11,32.10771253,34.96125429,101.048,24.552,-4.908,20.147,-13.146,6
2026-03-22 07:05:12,32.10757453,34.9615405,114.759,27.55,-2.663,25.47,-10.157,8
2026-03-22 07:05:13,32.10744252,34.96168702,102.664,24.235,-5.575,19.251,-13.626,8
2026-03-22 07:05:14,32.10727712,34.96200329,108.573,28.497,-5.351,24.718,-13.134,7
2026-03-22 07:05:15,32.10711285,34.96221778,98.948,28.092,-7.35,21.817,-16.098,7
2026-03-22 07:05:16,32.10694962,34.96243393,94.252,27.898,-7.236,21.072,-16.79,7
2026-03-22 07:05:17,32.10697744,34.96258314,140.63,26.338,4.771,25.889,0.831,8
2026-03-22 07:05:18,32.10674558,34.96280739,107.282,25.415,-6.769,19.129,-15.303,7
2026-03-22 07:05:19,32.10673386,34.96296752,134.661,22.236,0.303,21.906,-3.801,8
2026-03-22 07:05:20,32.10642756,34.96326126,107.849,29.784,-7.701,21.164,-19.489,8
2026-03-22 07:05:21,32.10624748,34.96350101,94.483,30.866,-10.039,19.954,-21.301,7
2026-03-22 07:05:22,32.10619478,34.96364521,119.812,23.999,-1.092,22.064,-9.376,6
2026-03-22 07:05:23,32.10596482,34.96394576,95.415,30.092,-9.489,20.907,-19.452,7
2026-03-22 07:05:24,32.10590298,34.96410961,109.885,24.235,-4.026,21.259,-10.918,8
2026-03-22 07:05:25,32.10576071,34.96435604,112.82,25.84,-4.184,22.872,-11.273,8
2026-03-22 07:05:26,32.10559298,34.96460968,107.054,27.582,-6.359,22.717,-14.292,8
2026-03-22 07:05:27,32.10546277,34.96480252,122.608,26.434,-1.153,24.376,-10.161,8
2026-03-22 07:05:28,32.10536078,34.96498453,120.149,23.834,-3.342,21.158,-10.451,8
2026-03-22 07:05:29,32.10516766,34.96520801,109.76,26.298,-5.994,20.201,-15.735,7
2026-03-22 07:05:30,32.10505619,34.96549971,103.612,27.804,-9.462,21.458,-14.936,7
2026-03-22 07:05:31,32.1049704,34.96558333,133.597,23.317,2.497,22.443,-5.811,7
2026-03-22 07:05:32,32.10479516,34.9658847,125.992,26.673,-3.749,23.681,-11.688,7
2026-03-22 07:05:33,32.10459471,34.96613654,118.86,28.907,-5.806,23.324,-16.06,8
2026-03-22 07:05:34,32.10454094,34.96632662,130.076,24.835,-3.444,22.78,-9.272,8
2026-03-22 07:05:35,32.10436532,34.96657198,121.645,26.804,-6.323,21.995,-13.954,8
2026-03-22 07:05:36,32.10423345,34.96676921,125.302,25.546,-4.499,21.791,-12.55,7
2026-03-22 07:05:37,32.10419545,34.96703084,138.187,25.298,-4.048,24.185,-6.219,8
2026-03-22 07:05:38,32.10396294,34.9672981,126.057,28.844,-7.089,23.565,-15.046,7
2026-03-22 07:05:39,32.10383365,34.96748948,123.181,26.58,-6.695,21.249,-14.497,7
2026-03-22 07:05:40,32.10369157,34.96774953,110.314,28.278,-10.472,20.216,-16.772,7
2026-03-22 07:05:41,32.10362759,34.96795823,126.638,24.859,-5.031,22.621,-8.997,7
2026-03-22 07:05:42,32.10349306,34.96814188,136.086,24.478,-1.77,22.907,-8.445,7
2026-03-22 07:05:43,32.10340903,34.96840212,130.461,24.691,-6.632,21.839,-9.42,7
2026-03-22 07:05:44,32.10326947,34.96858355,138.903,24.202,-2.865,22.242,-9.101,7
2026-03-22 07:05:45,32.10316949,34.96887756,139.486,26.268,-5.988,23.905,-9.093,6
2026-03-22 07:05:46,32.10311161,34.96917093,112.484,28.364,-16.32,18.958,-13.371,6
2026-03-22 07:05:47,32.10295335,34.96932677,137.482,24.954,-3.166,23.189,-8.655,6
2026-03-22 07:05:48,32.10288456,34.96956937,141.761,24.616,-4.633,23.18,-6.868,5
2026-03-22 07:05:49,32.10270813,34.96970023,178.943,28.873,8.121,27.561,-2.846,6
2026-03-22 07:05:51,32.10265053,34.97032,131.311,24.556,-7.89,21.888,-7.853,6
2026-03-22 07:05:52,32.1025958,34.97060419,132.322,25.626,-9.546,22.861,-6.553,6
2026-03-22 07:05:53,32.10248543,34.97082267,130.707,24.835,-8.772,21.654,-8.422,6
2026-03-22 07:05:54,32.10241951,34.97100171,147.42,23.239,-3.224,22.668,-3.977,6
2026-03-22 07:05:55,32.10231028,34.97129951,130.462,25.754,-10.977,20.997,-10.096,6
2026-03-22 07:05:56,32.10233704,34.97161206,140.928,26.48,-10.961,23.939,-2.827,6
2026-03-22 07:05:57,32.10226733,34.97186878,124.364,26.445,-15.385,20.031,-7.837,6
2026-03-22 07:05:58,32.10216027,34.97215881,127.632,27.457,-12.532,23.073,-8.03,6
2026-03-22 07:05:59,32.10213507,34.97243825,116.587,27.466,-16.147,20.684,-8.113,5
2026-03-22 07:06:00,32.10210855,34.97267756,119.445,25.322,-13.561,20.728,-5.256,6
2026-03-22 07:06:01,32.10206195,34.97285933,151.459,25.084,-2.281,24.908,1.9,6
2026-03-22 07:06:02,32.10198368,34.97328605,83.395,36.106,-27.99,15.985,-16.269,5
2026-03-22 07:06:03,32.10198166,34.97347356,130.199,25.727,-7.818,24.51,0.112,5
2026-03-22 07:06:04,32.10193983,34.97381294,105.447,28.511,-18.1,20.963,-6.766,5
2026-03-22 07:06:05,32.10189607,34.97408639,123.989,27.495,-10.784,25.23,-1.763,5
2026-03-22 07:06:06,32.10186074,34.97412749,105.201,18.905,-11.894,13.238,-6.379,6
2026-03-22 07:06:15,32.10182751,34.97678147,125.195,22.017,-12.831,17.547,-3.494,6
2026-03-22 07:06:16,32.10180365,34.97724565,95.957,33.34,-25.402,19.532,-9.208,6
2026-03-22 07:06:17,32.10183039,34.97720441,111.812,16.853,-10.463,13.162,-1.15,5
2026-03-22 07:06:18,32.10181197,34.97792592,122.46,37.478,-18.582,32.535,0.881,6
2026-03-22 07:06:19,32.1017592,34.97821718,84.524,36.005,-26.966,21.876,-9.518,6
2026-03-22 07:06:20,32.10182445,34.97841392,83.798,28.672,-21.9,18.189,-3.413,5
2026-03-22 07:06:21,32.10175927,34.97868806,82.368,27.47,-18.212,19.997,-4.801,5
2026-03-22 07:06:22,32.101803,34.97907256,91.693,30.621,-17.505,25.114,0.745,7
2026-03-22 07:06:23,32.10180961,34.97929837,92.62,26.909,-15.261,22.145,0.892,6
2026-03-22 07:06:24,32.10167284,34.97945755,107.668,23.74,-5.782,22.982,-1.405,7
2026-03-22 07:06:25,32.10168701,34.97966872,126.685,24.305,-3.034,23.825,3.732,7
2026-03-22 07:06:26,32.10176354,34.98010652,103.169,29.447,-19.304,22.236,0.116,6
2026-03-22 07:06:27,32.10176354,34.98045154,93.033,31.12,-21.864,22.046,-2.085,6
2026-03-22 07:06:28,32.10174999,34.98068782,91.692,27.555,-18.344,20.46,-2.045,6
2026-03-22 07:06:29,32.10172982,34.98095077,93.058,26.371,-15.929,20.948,-1.695,6
2026-03-22 07:06:30,32.10156829,34.98126248,94.753,28.604,-12.714,24.724,-6.726,6
2026-03-22 07:06:31,32.10169927,34.9814877,95.154,25.06,-14.922,20.109,0.971,5
2026-03-22 07:06:32,32.10166266,34.98175504,104.42,25.394,-11.461,22.631,1.177,5
2026-03-22 07:06:33,32.1017251,34.981978,102.039,23.624,-13.57,19.169,2.546,5
2026-03-22 07:06:34,32.10170147,34.98220088,110.511,22.885,-10.158,20.361,2.441,5
2026-03-22 07:06:36,32.10173431,34.98264141,120.132,22.279,-9.844,19.743,3.104,4
2026-03-22 07:06:42,32.09795428,34.98072487,748.676,52.312,42.26,30.829,0.456,4
2026-03-22 07:06:51,32.10179658,34.9865912,123.152,25.375,-16.296,19.39,1.542,4
2026-03-22 07:06:52,32.10183284,34.98695637,112.051,29.532,-21.465,20.283,-0.072,4
2026-03-22 07:06:53,32.10190908,34.98719648,120.566,26.939,-17.186,20.221,4.631,5
2026-03-22 07:06:54,32.10199833,34.98744074,115.948,26.113,-18.605,17.584,5.151,5
2026-03-22 07:07:00,32.10254886,34.98889546,121.747,25.6,-17.916,16.998,6.744,8
2026-03-22 07:07:01,32.10268721,34.98915468,101.826,28.002,-24.563,12.476,5.01,7
2026-03-22 07:07:02,32.10283012,34.98937742,115.983,26.433,-18.39,15.194,11.385,7
2026-03-22 07:07:03,32.10297203,34.98959917,138.933,27.969,-12.205,18.516,17.042,7
2026-03-22 07:07:04,32.10312611,34.98984711,119.158,27.428,-21.156,12.854,11.811,7
2026-03-22 07:07:05,32.10327006,34.99006402,128.042,26.87,-17.704,14.202,14.384,7
2026-03-22 07:07:06,32.10338178,34.99032569,110.437,27.63,-23.332,11.684,9.085,7
2026-03-22 07:07:07,32.10356744,34.99056232,120.382,28.257,-19.947,13.752,14.541,7
2026-03-22 07:07:08,32.10374845,34.99078447,117.716,28.516,-21.014,12.158,14.959,8
2026-03-22 07:07:09,32.10386438,34.99104921,121.53,28.211,-19.52,14.657,14.142,8
2026-03-22 07:07:10,32.10397147,34.99130539,106.611,28.125,-23.468,12.372,9.338,8
2026-03-22 07:07:11,32.10413308,34.99162971,116.037,30.764,-21.607,17.101,13.679,8
2026-03-22 07:07:12,32.10427748,34.99177654,110.752,26.691,-20.399,11.823,12.509,8
2026-03-22 07:07:13,32.10445591,34.99200312,132.517,28.634,-14.549,15.919,18.837,8
2026-03-22 07:07:14,32.10459212,34.99227607,131.542,28.729,-17.541,15.963,16.213,8
2026-03-22 07:07:15,32.10472266,34.99246902,132.195,26.496,-17.042,13.908,14.771,8
2026-03-22 07:07:16,32.10481542,34.99272979,112.12,27.052,-23.235,11.255,8.08,7
2026-03-22 07:07:17,32.10499408,34.99294136,128.698,26.985,-17.37,14.103,15.085,8
2026-03-22 07:07:18,32.1051387,34.99327799,125.184,30.227,-21.479,16.236,13.738,7
2026-03-22 07:07:19,32.1051972,34.99352525,114.606,27.86,-22.307,14.542,8.192,7
2026-03-22 07:07:20,32.10533787,34.99373737,133.462,27.048,-15.46,17.049,14.209,8
2026-03-22 07:07:21,32.10546719,34.99396896,119.539,26.506,-20.652,12.938,10.424,8
2026-03-22 07:07:22,32.10563257,34.99423454,121.309,28.247,-20.844,14.085,12.845,8
2026-03-22 07:07:23,32.10568878,34.99446981,115.036,26.044,-20.427,13.749,8.485,7
2026-03-22 07:07:24,32.10579899,34.99470791,126.734,25.916,-16.293,16.396,11.719,7
2026-03-22 07:07:25,32.10594555,34.99493021,124.848,25.993,-17.943,14.365,12.137,8
2026-03-22 07:07:26,32.10597887,34.99524131,116.222,26.953,-20.54,16.114,6.701,8
2026-03-22 07:07:27,32.1060479,34.9954734,127.831,25.527,-15.46,18.169,9.082,7
2026-03-22 07:07:28,32.10613517,34.99574806,134.934,26.683,-14.937,19.597,10.238,8
2026-03-22 07:07:29,32.10620406,34.99596159,138.734,24.764,-13.862,18.169,9.539,7
2026-03-22 07:07:30,32.10620715,34.99628927,140.591,26.807,-14.957,21.355,6.234,5
2026-03-22 07:07:31,32.10633885,34.9965357,136.757,26.529,-17.918,17.909,7.874,5
2026-03-22 07:07:32,32.1063069,34.99681864,157.445,27.33,-10.518,23.948,7.922,5
2026-03-22 07:07:33,32.10641359,34.99713199,129.644,28.769,-22.872,17.215,2.852,5
2026-03-22 07:07:34,32.10646507,34.99744149,114.185,30.391,-25.71,16.201,0.359,7
2026-03-22 07:07:35,32.10647835,34.99766215,136.025,25.706,-14.399,20.61,5.357,7
2026-03-22 07:07:36,32.10648731,34.99796484,135.647,26.741,-15.472,21.533,3.471,7
2026-03-22 07:07:37,32.10654844,34.99822069,139.621,26.097,-14.901,20.778,5.224,7
2026-03-22 07:07:38,32.106589,34.99844166,140.58,24.19,-14.242,18.939,4.862,7
2026-03-22 07:07:39,32.10659775,34.99882677,133.859,28.959,-18.919,21.849,1.817,7
2026-03-22 07:07:40,32.10660901,34.99907476,144.82,26.94,-13.897,22.757,3.844,7
2026-03-22 07:07:41,32.10669537,34.99931707,137.838,25.669,-17.191,18.623,4.067,7
2026-03-22 07:07:42,32.10672465,34.99963868,146.633,27.745,-15.403,22.434,5.41,7
2026-03-22 07:07:43,32.10672494,34.99995696,132.428,28.726,-20.082,20.539,0.237,7
2026-03-22 07:07:44,32.10675448,35.00013704,154.994,24.909,-10.256,21.879,6.05,7
2026-03-22 07:07:45,32.10681328,35.00042103,136.796,25.588,-18.49,17.578,1.97,7
2026-03-22 07:07:46,32.10677865,35.00076514,138.473,28.044,-17.411,21.983,0.237,7
2026-03-22 07:07:47,32.10682521,35.00097702,156.572,25.771,-10.911,22.63,5.74,7
2026-03-22 07:07:48,32.10687439,35.00124272,150.746,25.246,-14.867,19.998,4.053,8
2026-03-22 07:07:49,32.1069091,35.00157993,145.898,27.958,-18.239,21.016,2.705,7
2026-03-22 07:07:50,32.10691748,35.00173994,162.278,23.567,-10.024,20.628,5.421,7
2026-03-22 07:07:51,32.10696907,35.00212778,145.404,28.674,-20.093,20.394,1.603,5
2026-03-22 07:07:52,32.1069791,35.00238383,145.758,26.808,-17.696,20.088,1.414,6
2026-03-22 07:07:53,32.10701876,35.0026792,145.386,27.357,-17.884,20.579,2.26,5
2026-03-22 07:07:54,32.10703591,35.00290179,153.164,24.947,-13.723,20.511,3.654,7
2026-03-22 07:07:55,32.10712189,35.00313788,161.676,24.823,-12.645,20.099,7.232,6
2026-03-22 07:07:56,32.10708614,35.00346145,165.444,26.866,-12.858,23.282,3.797,6
2026-03-22 07:07:57,32.10714344,35.00375763,146.277,27.743,-20.555,18.628,0.356,6
2026-03-22 07:07:58,32.10711253,35.00390025,186.384,25.25,-3.694,23.801,7.579,6
2026-03-22 07:07:59,32.10723684,35.00427129,150.909,28.356,-22.498,17.179,1.676,6
2026-03-22 07:08:00,32.10720467,35.00450892,159.015,25.257,-15.774,19.666,1.52,5
2026-03-22 07:08:01,32.10717038,35.00480198,184.977,28.019,-7.944,26.372,5.144,6
2026-03-22 07:08:02,32.10729268,35.00509501,158.645,27.647,-20.783,18.113,2.083,5
2026-03-22 07:08:03,32.107301,35.00533877,144.695,26.817,-21.781,15.582,-1.403,5
2026-03-22 07:08:04,32.10728967,35.00560925,163.86,25.561,-13.389,21.592,2.807,6
2026-03-22 07:08:05,32.10732996,35.0058098,163.899,23.016,-13.144,18.62,3.206,6
2026-03-22 07:08:06,32.10736439,35.00610966,158.299,25.229,-16.6,18.891,2.027,6
2026-03-22 07:08:16,32.10766355,35.00865247,156.813,24.823,-16.086,18.764,2.309,5
2026-03-22 07:08:17,32.10769239,35.0089079,157.865,24.614,-15.449,18.971,2.693,4
2026-03-22 07:08:18,32.10771611,35.0091344,172.909,24.136,-10.459,20.99,5.705,5
2026-03-22 07:08:19,32.10776924,35.00939272,178.184,24.695,-11.432,20.889,6.54,4
2026-03-22 07:08:20,32.10780124,35.00970262,153.928,26.937,-20.921,16.968,-0.03,5
2026-03-22 07:08:21,32.10781439,35.00992855,172.032,24.495,-12.676,20.509,4.325,5
2026-03-22 07:08:22,32.1078437,35.01018767,180.239,25.0,-11.507,21.517,5.441,4
2026-03-22 07:08:23,32.10788603,35.01045563,181.056,25.18,-13.299,20.782,5.029,5
2026-03-22 07:08:24,32.1079168,35.01074218,180.375,25.926,-14.969,20.782,4.028,5
2026-03-22 07:08:25,32.10795801,35.01098328,177.304,24.791,-15.852,18.77,3.313,4
2026-03-22 07:08:26,32.10797216,35.01128829,166.626,26.724,-19.354,18.426,0.249,5
2026-03-22 07:08:27,32.10805656,35.01161711,147.861,30.405,-25.572,16.434,-0.669,4
2026-03-22 07:08:28,32.10805494,35.01179971,181.353,25.09,-9.973,22.039,6.658,5
2026-03-22 07:08:29,32.10807332,35.01209643,165.397,25.693,-17.194,19.048,1.293,4
2026-03-22 07:08:31,32.10817497,35.01266239,168.289,26.264,-17.026,19.773,2.993,5
2026-03-22 07:08:32,32.10816519,35.01293094,171.412,25.803,-14.977,20.907,2.092,4
2026-03-22 07:08:42,32.1080427,35.01568651,180.579,0.0,0.0,0.0,0.0,6
2026-03-22 07:08:43,32.10812487,35.0159349,174.619,10.34,-8.622,5.41,1.82,6
2026-03-22 07:08:44,32.10804081,35.01624942,179.45,17.576,-9.023,15.047,-1.039,6
2026-03-22 07:08:45,32.10802847,35.01650062,162.211,21.096,-15.401,13.611,-4.752,6
2026-03-22 07:08:46,32.107933,35.01672772,196.353,23.307,-2.843,23.118,0.82,6
2026-03-22 07:08:47,32.10793963,35.01704977,173.184,24.894,-15.24,19.234,-4.184,6
2026-03-22 07:08:48,32.10782759,35.0173298,181.706,26.162,-10.682,23.371,-4.908,6
2026-03-22 07:08:49,32.10777308,35.01761797,184.295,26.88,-10.881,24.174,-4.443,6
2026-03-22 07:08:50,32.10786643,35.01795048,127.078,35.618,-31.412,12.398,-11.323,6
2026-03-22 07:08:51,32.10774963,35.01820748,168.95,27.325,-10.541,25.106,-2.28,6
2026-03-22 07:08:52,32.10766079,35.01838512,204.717,28.896,1.467,28.712,2.898,6
2026-03-22 07:08:53,32.10763081,35.01861546,205.849,25.196,-3.217,24.975,0.853,6
2026-03-22 07:08:54,32.10758313,35.01885187,218.147,25.511,-2.719,25.331,1.335,6
2026-03-22 07:08:55,32.10757739,35.01931785,170.067,33.605,-24.958,20.336,-9.637,6
2026-03-22 07:08:56,32.10756977,35.01956054,159.135,30.292,-23.119,17.683,-8.392,6
2026-03-22 07:08:57,32.10754176,35.0198707,150.687,30.368,-22.394,18.936,-7.884,6
2026-03-22 07:08:58,32.10741687,35.02004026,203.358,28.59,-0.084,28.535,1.775,7
2026-03-22 07:08:59,32.1074163,35.02042013,179.508,28.727,-14.887,24.236,-4.027,6
2026-03-22 07:09:00,32.10737917,35.02049472,219.954,25.703,1.391,25.215,4.788,6
2026-03-22 07:09:01,32.10733022,35.02097453,161.984,33.35,-24.701,19.355,-11.291,6
2026-03-22 07:09:02,32.1072648,35.02119953,191.956,27.381,-10.116,25.282,-2.861,6
2026-03-22 07:09:03,32.10741808,35.02152451,148.29,32.197,-28.186,14.653,-5.241,6
2026-03-22 07:09:04,32.10721915,35.02171466,196.268,26.975,-3.878,26.691,-0.418,6
2026-03-22 07:09:05,32.10709553,35.02199293,191.086,27.02,-7.407,25.283,-5.998,6
2026-03-22 07:09:06,32.10707748,35.02236387,182.021,29.734,-14.648,25.12,-6.204,6
2026-03-22 07:09:07,32.10700082,35.02251041,220.037,28.071,0.064,28.032,1.48,5
2026-03-22 07:09:08,32.10692019,35.02289117,192.067,29.343,-14.415,24.244,-8.088,6
2026-03-22 07:09:09,32.10686896,35.02312224,206.605,26.902,-8.633,25.21,-3.687,6
2026-03-22 07:09:10,32.10676189,35.02336879,223.442,27.858,-3.783,27.472,-2.656,7
2026-03-22 07:09:11,32.10666284,35.02358308,220.099,25.255,-5.928,23.799,-6.026,6
2026-03-22 07:09:12,32.10655064,35.02391087,209.688,28.32,-11.382,23.908,-10.045,7
2026-03-22 07:09:13,32.10645029,35.02418539,214.779,28.264,-9.428,25.18,-8.715,7
2026-03-22 07:09:14,32.10630719,35.02444026,218.265,28.43,-7.449,25.602,-9.865,7
2026-03-22 07:09:15,32.1061706,35.02464656,221.767,26.9,-5.331,24.269,-10.306,7
2026-03-22 07:09:16,32.1060786,35.02493442,204.492,28.071,-12.453,21.347,-13.313,7
2026-03-22 07:09:17,32.10593121,35.02510188,231.901,26.463,-0.65,25.31,-7.699,7
2026-03-22 07:09:18,32.10578591,35.02535796,226.442,26.913,-4.649,24.007,-11.239,7
2026-03-22 07:09:19,32.10567444,35.02574962,207.462,31.986,-14.39,24.331,-14.967,7
2026-03-22 07:09:20,32.10552254,35.02598458,211.803,29.91,-9.589,24.762,-13.765,7
2026-03-22 07:09:21,32.10541286,35.02615219,213.748,25.849,-6.728,21.902,-11.966,7
2026-03-22 07:09:22,32.10526293,35.02639218,216.338,26.745,-5.624,23.093,-12.263,7
2026-03-22 07:09:23,32.10514871,35.02657437,241.64,26.769,1.903,25.955,-6.27,8
2026-03-22 07:09:24,32.1050374,35.02690928,219.645,28.229,-10.07,23.156,-12.62,8
2026-03-22 07:09:25,32.10489854,35.02716383,224.039,28.272,-7.659,24.497,-11.856,8
2026-03-22 07:09:26,32.10476814,35.02742623,209.369,28.998,-11.834,21.722,-15.132,8
2026-03-22 07:09:27,32.10464248,35.0276468,214.845,27.097,-7.935,22.618,-12.637,8
2026-03-22 07:09:28,32.10449516,35.02782323,232.288,26.177,-0.901,24.411,-9.409,8
2026-03-22 07:09:29,32.10438126,35.02812434,228.4,27.624,-5.946,24.741,-10.752,8
2026-03-22 07:09:30,32.10422904,35.02838784,237.873,28.986,-3.711,26.893,-10.157,8
2026-03-22 07:09:31,32.1040896,35.0286488,229.785,28.754,-7.434,24.518,-13.053,8
2026-03-22 07:09:32,32.10396403,35.02887516,235.558,27.54,-5.34,24.531,-11.322,8
2026-03-22 07:09:33,32.1038216,35.02919253,231.6,29.994,-8.431,25.688,-12.987,7
2026-03-22 07:09:34,32.1036666,35.02939802,236.711,28.3,-5.102,24.857,-12.529,7
2026-03-22 07:09:35,32.10357746,35.02965012,235.707,27.121,-7.082,23.719,-11.08,7
2026-03-22 07:09:36,32.10335132,35.02996998,218.958,32.46,-11.463,23.923,-18.706,8
2026-03-22 07:09:37,32.10326121,35.03018947,238.771,28.54,-4.398,26.213,-10.398,8
2026-03-22 07:09:38,32.10317936,35.03045402,225.324,27.579,-10.523,22.399,-12.172,8
2026-03-22 07:09:39,32.10300339,35.03075447,231.125,30.173,-7.819,26.237,-12.682,8
2026-03-22 07:09:40,32.10284887,35.03101025,230.604,29.918,-7.397,25.64,-13.526,8
2026-03-22 07:09:41,32.10271454,35.03129947,231.398,30.376,-7.893,26.298,-12.994,8
2026-03-22 07:09:42,32.10258956,35.03153423,229.462,28.682,-7.948,24.351,-12.904,8
2026-03-22 07:09:43,32.10243265,35.03178163,235.54,28.902,-5.416,25.565,-12.346,8
2026-03-22 07:09:44,32.1023266,35.03204262,233.797,28.155,-7.343,24.504,-11.763,8
2026-03-22 07:09:45,32.10219578,35.03230432,229.03,28.392,-8.875,23.636,-12.987,8
2026-03-22 07:09:46,32.10208553,35.03256356,237.762,28.052,-6.393,25.387,-10.079,8
2026-03-22 07:09:47,32.10193794,35.03273774,239.537,25.906,-4.27,22.959,-11.215,8
2026-03-22 07:09:48,32.10182164,35.03298709,238.323,26.202,-6.058,22.822,-11.357,8
2026-03-22 07:09:49,32.10169121,35.03326146,234.356,27.59,-8.165,23.169,-12.558,7
2026-03-22 07:09:50,32.10158388,35.03348671,234.257,26.294,-7.737,22.298,-11.589,8
2026-03-22 07:09:51,32.10146753,35.03368564,245.362,25.194,-3.627,23.264,-8.965,8
2026-03-22 07:09:52,32.10134135,35.03387253,252.276,24.447,-1.873,22.788,-8.65,8
2026-03-22 07:09:53,32.10125485,35.03415165,239.17,25.443,-9.14,20.923,-11.226,7
2026-03-22 07:09:54,32.10114978,35.03444041,253.286,27.396,-5.799,25.649,-7.683,7
2026-03-22 07:09:55,32.10101855,35.03464017,261.219,26.275,-3.075,24.884,-7.855,8
2026-03-22 07:09:56,32.1009334,35.03485042,250.401,24.164,-7.761,20.478,-10.212,8
2026-03-22 07:09:57,32.100813,35.03514836,242.945,27.157,-10.859,21.677,-12.236,7
2026-03-22 07:09:58,32.10076049,35.03522527,272.949,22.157,1.156,21.931,-2.937,7
2026-03-22 07:09:59,32.10067617,35.03561625,251.119,27.035,-12.211,22.141,-9.571,6
2026-03-22 07:10:00,32.10054763,35.03588678,240.401,28.393,-13.683,21.302,-12.851,6
2026-03-22 07:10:01,32.10047939,35.03611098,251.192,25.638,-8.759,22.735,-7.981,6
2026-03-22 07:10:02,32.10039451,35.03636071,245.515,25.594,-10.605,21.406,-9.185,6
2026-03-22 07:10:03,32.10032061,35.03664937,239.736,26.884,-12.797,21.643,-9.516,7
2026-03-22 07:10:04,32.10032098,35.03694189,224.232,27.894,-18.328,19.008,-8.991,6
2026-03-22 07:10:05,32.1002768,35.037193,242.383,25.774,-10.551,23.297,-3.196,6
2026-03-22 07:10:06,32.10025617,35.03748361,193.699,31.972,-25.74,13.771,-13.041,6
2026-03-22 07:10:07,32.1001393,35.03763713,238.733,23.842,-4.022,23.351,-2.644,6
2026-03-22 07:10:08,32.10019552,35.03796318,223.742,25.31,-14.725,20.413,-2.66,6
2026-03-22 07:10:09,32.10022322,35.03821793,216.49,25.028,-16.904,18.338,-2.097,6
2026-03-22 07:10:10,32.10028405,35.03846013,251.239,26.748,-6.926,24.427,8.414,6
2026-03-22 07:10:11,32.10025264,35.03870803,245.299,24.179,-10.571,21.589,2.605,6
2026-03-22 07:10:12,32.10021391,35.03900362,234.273,25.513,-15.062,20.471,-2.236,7
2026-03-22 07:10:13,32.10024311,35.03921063,245.27,23.312,-11.037,20.426,2.093,7
2026-03-22 07:10:14,32.10032749,35.03946495,252.462,24.272,-11.769,20.375,5.955,7
2026-03-22 07:10:15,32.10031342,35.03973822,243.128,24.456,-15.303,19.047,1.061,7
2026-03-22 07:10:16,32.10038745,35.03995893,259.86,24.181,-10.753,20.505,6.975,6
2026-03-22 07:10:17,32.10043984,35.0402237,254.539,24.332,-14.679,18.744,5.022,6
2026-03-22 07:10:18,32.10045519,35.04046014,258.221,23.601,-13.208,19.064,4.373,6
2026-03-22 07:10:19,32.10052587,35.04062205,282.085,23.464,-6.178,20.13,10.352,7
2026-03-22 07:10:20,32.10066356,35.04097345,253.689,27.356,-21.86,15.553,5.35,6
2026-03-22 07:10:21,32.10074068,35.0411863,250.327,25.243,-20.151,14.214,5.393,6
2026-03-22 07:10:22,32.10076429,35.0413951,267.768,23.174,-12.235,18.057,7.83,7
2026-03-22 07:10:23,32.10084705,35.04174553,273.509,27.823,-14.942,21.664,9.028,7
2026-03-22 07:10:24,32.10093951,35.04193607,262.686,24.586,-17.883,15.531,6.591,7
2026-03-22 07:10:25,32.10102669,35.04221896,276.172,26.489,-14.804,19.508,10.097,7
2026-03-22 07:10:26,32.10106701,35.04239888,264.783,22.727,-16.721,14.505,5.152,7
2026-03-22 07:10:27,32.10120435,35.04262697,268.05,23.891,-16.722,14.53,8.947,7
2026-03-22 07:10:28,32.10127067,35.04291068,261.973,25.442,-19.15,15.409,6.568,7
2026-03-22 07:10:29,32.10135978,35.04321918,252.595,27.971,-22.499,15.751,5.296,8
2026-03-22 07:10:30,32.10144494,35.04337114,269.773,23.546,-13.672,16.338,10.029,7
2026-03-22 07:10:31,32.10151308,35.04360926,259.804,23.465,-17.446,14.302,6.459,7
2026-03-22 07:10:32,32.10158242,35.04386094,265.588,24.051,-15.658,16.548,7.71,8
2026-03-22 07:10:33,32.10168019,35.04412823,283.738,26.626,-12.042,20.399,12.158,7
2026-03-22 07:10:34,32.10180875,35.04439859,280.954,27.119,-16.34,18.315,11.534,7
2026-03-22 07:10:35,32.1018348,35.04466914,266.883,26.298,-20.076,16.262,4.908,7
2026-03-22 07:10:36,32.1019344,35.04486881,284.563,24.763,-13.392,18.021,10.446,7
2026-03-22 07:10:37,32.10205097,35.04517074,277.293,27.061,-18.848,17.153,9.102,8
2026-03-22 07:10:38,32.10211531,35.04538753,275.446,24.901,-17.763,15.763,7.486,7
2026-03-22 07:10:39,32.10220751,35.04566376,287.303,26.495,-15.137,19.056,10.476,7
2026-03-22 07:10:40,32.10222276,35.04597679,300.665,28.313,-12.457,23.503,9.7,7
2026-03-22 07:10:41,32.10233802,35.04623312,281.279,27.217,-20.634,16.693,6.03,7
2026-03-22 07:10:42,32.10232921,35.04651891,283.925,26.585,-17.672,19.484,3.849,7
2026-03-22 07:10:43,32.10245604,35.0467865,276.883,27.364,-20.806,16.875,5.578,6
2026-03-22 07:10:44,32.10246916,35.04706086,290.712,26.692,-14.85,21.119,6.779,6
2026-03-22 07:10:45,32.10250855,35.04735192,289.015,27.026,-16.451,20.805,5.187,6
2026-03-22 07:10:46,32.10248724,35.04769435,264.864,30.203,-23.584,18.657,-2.822,6
2026-03-22 07:10:47,32.10251509,35.0480203,269.665,29.894,-20.423,21.826,0.374,6
2026-03-22 07:10:48,32.1024845,35.04820532,285.689,25.133,-11.23,22.347,2.481,4
2026-03-22 07:11:19,32.10086663,35.05698997,278.801,25.768,-11.938,22.83,-0.52,6
2026-03-22 07:11:20,32.10081121,35.05736568,261.548,30.236,-19.027,22.703,-6.061,6
2026-03-22 07:11:21,32.10066042,35.05759456,299.466,30.288,-2.953,30.118,-1.243,5
2026-03-22 07:11:22,32.10064414,35.05790569,294.243,28.677,-9.654,26.891,-2.468,7
2026-03-22 07:11:23,32.10054583,35.05815513,283.342,27.195,-12.329,23.053,-7.492,7
2026-03-22 07:11:24,32.10047911,35.05849404,287.526,29.427,-12.3,26.024,-6.113,7
2026-03-22 07:11:25,32.10044831,35.0586956,304.832,26.431,-6.357,25.63,-1.146,7
2026-03-22 07:11:26,32.10037608,35.05902392,289.606,28.065,-13.764,23.54,-6.639,7
2026-03-22 07:11:27,32.10032533,35.05934644,292.982,29.183,-13.338,25.436,-5.172,7
2026-03-22 07:11:28,32.10021922,35.05967727,293.323,30.784,-13.036,26.99,-7.018,7
2026-03-22 07:11:29,32.10016591,35.0599646,286.313,29.671,-14.969,24.432,-7.704,7
2026-03-22 07:11:30,32.10009174,35.06024658,288.829,28.877,-12.969,24.868,-6.875,8
2026-03-22 07:11:31,32.10003074,35.06058271,292.248,30.303,-12.947,26.801,-5.69,7
2026-03-22 07:11:32,32.09996708,35.06092927,292.122,31.559,-14.092,27.629,-5.833,6
2026-03-22 07:11:33,32.09997964,35.06120312,285.671,29.101,-16.426,23.615,-4.399,7
2026-03-22 07:11:34,32.09985453,35.06151477,274.793,30.597,-17.219,23.378,-9.653,7
2026-03-22 07:11:35,32.09976503,35.0617838,290.684,29.053,-10.032,26.646,-5.777,6
2026-03-22 07:11:36,32.099677,35.06197718,324.948,29.847,0.988,29.826,0.509,5
2026-03-22 07:11:37,32.09959534,35.0623226,308.805,28.957,-9.801,26.535,-6.194,5
2026-03-22 07:11:38,32.09953297,35.06261917,325.057,29.948,-6.603,29.095,-2.606,6
2026-03-22 07:11:39,32.09958579,35.06289708,293.901,28.209,-19.65,19.266,-6.201,6
2026-03-22 07:11:40,32.09942981,35.06321087,310.354,29.405,-11.024,26.572,-6.084,6
2026-03-22 07:11:42,32.09941301,35.06370472,297.268,26.772,-13.623,22.415,-5.357,7
2026-03-22 07:11:43,32.09929609,35.0640143,296.98,28.685,-12.713,24.544,-7.669,7
2026-03-22 07:11:44,32.09921401,35.0643397,299.044,30.017,-12.531,26.296,-7.247,7
2026-03-22 07:11:45,32.09913288,35.06469694,295.864,31.985,-14.584,27.298,-8.073,7
2026-03-22 07:11:46,32.09907898,35.0649614,291.336,29.545,-14.703,24.4,-7.831,6
2026-03-22 07:11:47,32.09914823,35.06508709,303.043,22.084,-9.638,19.866,0.392,7
2026-03-22 07:11:48,32.09890751,35.06524049,342.895,28.453,6.587,27.678,-0.34,5
2026-03-22 07:12:18,32.09696925,35.07295145,303.48,25.348,-0.742,25.17,-2.911,6
2026-03-22 07:12:19,32.09695981,35.07315345,313.549,23.506,-1.853,23.432,0.039,6
2026-03-22 07:12:20,32.096815,35.0730388,385.853,37.295,24.221,26.557,9.949,6
2026-03-22 07:12:21,32.09674819,35.07362356,314.061,29.305,-16.777,20.931,-11.8,6
2026-03-22 07:12:22,32.09668014,35.07386969,324.714,26.737,-11.139,23.161,-7.373,6
2026-03-22 07:12:23,32.09661685,35.07397416,361.399,25.264,2.444,25.125,0.995,7
2026-03-22 07:12:24,32.09650132,35.07435175,346.634,27.714,-8.593,25.433,-6.883,7
2026-03-22 07:12:25,32.09646028,35.07451587,373.573,26.137,-0.454,26.133,0.054,7
2026-03-22 07:12:26,32.09646345,35.07473637,334.973,23.2,-15.823,14.935,-8.053,6
2026-03-22 07:12:27,32.09632197,35.07513894,334.482,29.814,-15.636,23.222,-10.252,6
2026-03-22 07:12:28,32.09635464,35.07532644,331.167,24.578,-15.0,18.639,-5.628,6
2026-03-22 07:12:29,32.09617359,35.07567138,331.82,29.35,-12.811,24.422,-10.042,5
2026-03-22 07:12:30,32.09606756,35.07569839,381.848,27.748,7.646,26.666,0.624,5
2026-03-22 07:12:31,32.09603864,35.07612966,353.611,27.87,-12.044,24.22,-6.714,5
2026-03-22 07:12:32,32.09599011,35.07619595,380.155,22.411,-0.367,22.407,-0.211,5
2026-03-22 07:12:33,32.09590222,35.07664172,351.299,29.552,-16.2,22.791,-9.562,5
2026-03-22 07:12:35,32.09577977,35.07709278,369.653,0.0,0.0,0.0,0.0,5
2026-03-22 07:12:36,32.09570983,35.07728647,377.242,8.505,-0.75,8.411,-1.015,5
2026-03-22 07:12:37,32.09560019,35.077583,367.742,17.089,-7.404,13.845,-6.748,5
2026-03-22 07:12:38,32.09552739,35.07763398,411.872,21.237,8.093,19.462,2.594,5
2026-03-22 07:12:39,32.0954539,35.07824754,332.893,37.756,-28.943,16.252,-17.991,5
2026-03-22 07:12:40,32.09538672,35.07830101,376.36,21.799,-5.176,20.778,-4.081,5
2026-03-22 07:12:41,32.09537835,35.07888812,301.085,44.121,-36.56,16.064,-18.762,5
2026-03-22 07:12:43,32.09518528,35.07896179,411.835,0.0,0.0,0.0,0.0,5
2026-03-22 07:12:44,32.09507198,35.07905845,438.073,12.196,7.364,9.631,1.319,5
2026-03-22 07:12:45,32.09503212,35.07972332,341.789,42.495,-35.943,8.113,-21.17,5
2026-03-22 07:12:46,32.0949347,35.07988528,383.039,23.784,-11.762,19.226,-7.596,5
2026-03-22 07:12:47,32.09488653,35.08016986,376.664,25.443,-14.072,19.74,-7.723,5
2026-03-22 07:12:48,32.09478867,35.08047685,368.639,27.996,-15.443,21.093,-10.017,5
2026-03-22 07:13:37,32.09227418,35.09426913,392.271,27.474,-14.252,22.142,-7.836,5
2026-03-22 07:13:38,32.09230673,35.09455173,394.861,26.63,-14.596,22.08,-2.928,5
2026-03-22 07:13:39,32.0923658,35.09488145,387.414,28.559,-19.12,21.184,-1.12,5
2026-03-22 07:13:40,32.09229702,35.09513503,418.563,28.623,-7.014,27.546,3.363,5
2026-03-22 07:13:41,32.09238083,35.09543019,395.895,27.328,-18.518,20.095,0.35,6
2026-03-22 07:13:42,32.09233018,35.09581882,384.108,31.603,-21.84,22.454,-4.198,6
2026-03-22 07:13:43,32.09237787,35.09617218,386.106,32.085,-21.141,24.133,-0.302,6
2026-03-22 07:13:44,32.09239924,35.09634669,406.135,26.528,-11.332,23.484,4.878,5
2026-03-22 07:13:45,32.09235874,35.09677676,396.052,31.687,-18.152,25.962,-0.738,6
2026-03-22 07:13:46,32.09235104,35.09693766,409.224,25.601,-10.584,23.219,2.067,7
2026-03-22 07:13:47,32.09239894,35.09734849,389.794,30.972,-21.581,22.189,-1.089,7
2026-03-22 07:13:48,32.09235035,35.09762928,414.817,29.839,-11.17,27.523,2.839,6
2026-03-22 07:13:49,32.09248733,35.09793792,385.775,30.408,-24.097,18.535,0.679,6
2026-03-22 07:13:50,32.09260341,35.09827078,349.648,36.387,-33.94,12.792,-2.908,6
2026-03-22 07:13:51,32.0924768,35.09858969,378.642,30.039,-16.808,24.893,-0.341,6
2026-03-22 07:13:52,32.09248942,35.09882594,403.957,28.844,-8.439,26.997,5.649,6
2026-03-22 07:13:53,32.09249737,35.09926145,365.641,33.871,-25.296,22.079,-4.454,7
2026-03-22 07:13:54,32.09251598,35.09965897,350.137,36.516,-28.466,22.256,-5.268,7
2026-03-22 07:13:55,32.09253457,35.0998816,370.562,29.214,-16.609,23.959,1.878,6
2026-03-22 07:13:56,32.09254633,35.10035306,353.844,35.828,-25.064,25.524,-1.984,7
2026-03-22 07:13:57,32.0924983,35.10054057,377.032,28.851,-11.755,26.277,1.932,7
2026-03-22 07:13:58,32.09254215,35.10087426,368.229,29.579,-17.585,23.765,0.937,7
2026-03-22 07:13:59,32.09255189,35.1011088,373.446,26.69,-14.385,22.39,2.036,6
2026-03-22 07:14:00,32.09254853,35.10151973,363.991,31.58,-20.11,24.332,-0.914,6
2026-03-22 07:14:01,32.09258733,35.10177415,365.335,28.581,-17.966,22.195,1.196,6
2026-03-22 07:14:02,32.09249637,35.10200795,408.686,30.984,-2.084,30.22,6.512,6
2026-03-22 07:14:03,32.09257186,35.10236683,378.711,29.218,-18.809,22.355,0.374,6
2026-03-22 07:14:04,32.0925676,35.10272326,378.744,30.955,-18.934,24.489,0.071,6
2026-03-22 07:14:05,32.09254581,35.10284067,424.755,29.023,-0.733,27.582,9.002,6
2026-03-22 07:14:06,32.0925133,35.10332444,365.175,34.716,-26.836,20.325,-8.482,7
2026-03-22 07:14:07,32.09268292,35.10350231,375.564,27.015,-20.354,17.415,3.493,5
2026-03-22 07:14:08,32.09271702,35.10378846,382.081,26.927,-17.277,20.097,4.762,5
2026-03-22 07:14:09,32.09274113,35.10406713,379.34,26.715,-17.642,19.807,3.181,5
2026-03-22 07:14:10,32.09273643,35.10439463,384.826,28.325,-16.086,23.134,2.898,6
2026-03-22 07:14:11,32.0927568,35.10465419,378.114,26.862,-17.541,20.315,1.078,7
2026-03-22 07:14:12,32.09282776,35.1049634,392.404,28.462,-14.646,23.564,6.35,8
2026-03-22 07:14:13,32.09279199,35.1051133,389.3,22.366,-12.214,18.649,1.806,7
2026-03-22 07:14:14,32.09288888,35.10546765,381.355,27.3,-19.094,19.275,3.036,7
2026-03-22 07:14:15,32.09295182,35.10589941,356.676,34.725,-28.888,19.24,-1.058,7
2026-03-22 07:14:16,32.09301095,35.10620418,355.894,32.291,-25.308,20.005,1.421,5
2026-03-22 07:14:17,32.0930973,35.10639882,377.716,27.336,-15.027,21.098,8.735,5
2026-03-22 07:14:18,32.09311049,35.10665131,374.365,25.621,-15.682,19.627,5.025,7
2026-03-22 07:14:19,32.09328268,35.10691183,386.897,27.7,-14.912,19.933,12.149,7
2026-03-22 07:14:20,32.09331297,35.10728168,368.896,30.146,-22.554,19.466,4.602,6
2026-03-22 07:14:21,32.09329958,35.10749137,387.65,26.119,-12.629,21.994,6.244,6
2026-03-22 07:14:22,32.09341318,35.10777805,374.143,27.125,-19.738,17.88,5.145,6
2026-03-22 07:14:23,32.09351717,35.10801496,379.727,26.181,-17.445,17.725,8.181,7
2026-03-22 07:14:24,32.09358107,35.10830009,396.698,27.785,-13.186,21.885,10.917,6
2026-03-22 07:14:25,32.09377301,35.10867557,338.927,37.426,-35.782,10.869,1.485,6
2026-03-22 07:14:26,32.09379489,35.1088547,380.277,26.608,-14.318,19.817,10.501,7
2026-03-22 07:14:27,32.0938808,35.10904465,389.872,24.737,-11.713,18.463,11.568,7
2026-03-22 07:14:28,32.09401354,35.10940558,359.876,30.101,-25.741,14.582,5.555,8
2026-03-22 07:14:29,32.09408096,35.10962247,383.368,26.581,-14.942,19.114,10.859,8
2026-03-22 07:14:30,32.09416904,35.10994745,376.262,28.551,-19.691,18.928,8.315,7
2026-03-22 07:14:31,32.09430329,35.11015866,385.864,27.092,-16.328,17.933,12.075,6
2026-03-22 07:14:32,32.09443792,35.11047567,387.257,29.608,-18.891,18.999,12.6,7
2026-03-22 07:14:33,32.09458088,35.11065335,393.107,26.953,-16.328,16.09,14.176,8
2026-03-22 07:14:34,32.0947259,35.11095038,371.386,29.58,-25.065,12.63,9.339,5
2026-03-22 07:14:35,32.09482438,35.11126208,356.533,31.311,-27.825,12.976,6.148,5
2026-03-22 07:14:36,32.09495336,35.11145007,365.903,26.923,-20.667,13.671,10.527,5
2026-03-22 07:14:37,32.09507407,35.11168073,376.372,26.494,-16.835,15.732,13.077,6
2026-03-22 07:14:38,32.09521273,35.11192677,357.293,27.564,-23.407,11.441,9.002,5
2026-03-22 07:14:39,32.09534526,35.11200485,395.198,24.932,-7.788,14.867,18.437,6
2026-03-22 07:14:40,32.09546569,35.11242234,361.096,30.064,-25.515,13.537,8.34,5
2026-03-22 07:14:41,32.09557497,35.11266199,373.723,27.877,-19.121,16.504,11.795,5
2026-03-22 07:14:42,32.09564284,35.11272841,415.601,26.807,-2.615,19.197,18.528,6
2026-03-22 07:14:43,32.09582973,35.11309883,363.57,30.33,-27.641,10.284,7.081,5
2026-03-22 07:14:44,32.09590223,35.11335071,394.069,27.635,-14.998,18.913,13.455,6
2026-03-22 07:14:45,32.09609435,35.11356588,389.687,27.625,-18.591,14.535,14.362,6
2026-03-22 07:14:46,32.09617688,35.11382356,392.02,26.811,-17.696,16.016,12.214,6
2026-03-22 07:14:47,32.09629232,35.11405674,402.124,26.748,-15.107,17.217,13.814,6
2026-03-22 07:14:48,32.09649456,35.11434642,395.316,29.78,-21.142,15.209,14.441,6
2026-03-22 07:14:49,32.09658494,35.11459058,386.745,27.986,-22.107,13.771,10.239,6
2026-03-22 07:14:50,32.09674595,35.1148,394.454,27.23,-18.78,14.051,13.832,7
2026-03-22 07:14:51,32.09682859,35.11506014,393.803,26.607,-18.692,15.218,11.267,7
2026-03-22 07:14:52,32.09695652,35.11523142,401.044,24.648,-15.395,14.098,13.106,7
2026-03-22 07:14:53,32.09711111,35.11558599,378.788,30.478,-26.088,12.977,8.942,7
2026-03-22 07:14:54,32.09724336,35.1157692,389.501,26.776,-19.212,13.74,12.613,7
2026-03-22 07:14:55,32.09737192,35.1159629,396.505,25.484,-16.272,13.849,13.887,7
2026-03-22 07:14:56,32.09745365,35.11620097,394.642,24.748,-17.026,14.191,11.007,7
2026-03-22 07:14:57,32.09761959,35.11649593,395.282,28.188,-19.645,15.5,12.976,7
2026-03-22 07:14:58,32.09772802,35.11679623,382.442,29.507,-23.959,14.602,9.131,6
2026-03-22 07:14:59,32.09787268,35.11697373,390.474,26.538,-18.794,13.848,12.622,6
2026-03-22 07:15:00,32.0979974,35.11724255,393.337,27.493,-18.726,15.479,12.868,6
2026-03-22 07:15:01,32.09807053,35.11750303,396.072,26.734,-17.546,16.874,11.051,6
2026-03-22 07:15:02,32.09820904,35.11779933,364.884,30.901,-28.278,11.318,5.206,5
2026-03-22 07:15:03,32.09837512,35.11794454,387.834,25.938,-16.962,13.498,14.243,5
2026-03-22 07:15:04,32.09845235,35.11812324,404.123,24.33,-11.033,15.746,14.91,6
2026-03-22 07:15:05,32.09857006,35.11841734,398.006,26.107,-16.973,15.742,12.069,6
2026-03-22 07:15:06,32.09870192,35.11861014,409.463,25.572,-13.739,15.846,14.631,6
2026-03-22 07:15:07,32.09886942,35.11872827,408.279,23.229,-14.367,10.654,14.821,7
2026-03-22 07:15:08,32.09893646,35.11912431,401.412,28.003,-20.419,16.376,9.953,7
2026-03-22 07:15:09,32.09907261,35.11931334,400.788,25.971,-19.155,13.696,10.955,7
2026-03-22 07:15:10,32.0991965,35.11956244,411.257,26.729,-16.391,16.272,13.454,7
2026-03-22 07:15:11,32.09929533,35.11969599,392.543,23.094,-19.828,8.9,7.808,7
2026-03-22 07:15:12,32.09951839,35.1199362,415.438,27.391,-15.07,14.197,17.934,7
2026-03-22 07:15:13,32.09948959,35.12025401,400.815,25.945,-19.443,15.873,6.569,7
2026-03-22 07:15:14,32.09964237,35.12043725,415.504,25.1,-14.521,15.975,12.805,7
2026-03-22 07:15:15,32.09976453,35.12076049,378.221,30.66,-28.422,10.644,4.349,7
2026-03-22 07:15:16,32.09987252,35.1209749,393.623,26.299,-19.525,14.546,9.941,6
2026-03-22 07:15:17,32.09997494,35.12114797,422.546,26.066,-9.433,18.322,15.961,6
2026-03-22 07:15:18,32.10011238,35.12140465,421.262,26.355,-14.241,16.806,14.469,6
2026-03-22 07:15:19,32.1003203,35.12160585,418.707,27.089,-17.632,12.98,15.951,7
2026-03-22 07:15:20,32.10040531,35.12185594,408.253,26.176,-20.548,12.321,10.543,7
2026-03-22 07:15:21,32.10054027,35.12210491,423.277,27.135,-16.176,16.18,14.59,7
2026-03-22 07:15:22,32.10065267,35.12239884,400.371,28.896,-24.606,12.796,8.109,7
2026-03-22 07:15:23,32.10084966,35.12261806,403.46,28.724,-22.468,12.379,12.924,6
2026-03-22 07:15:24,32.10090429,35.1227943,411.633,24.098,-16.097,13.722,11.545,6
2026-03-22 07:15:25,32.10103859,35.12301432,409.792,24.633,-17.538,12.848,11.582,7
2026-03-22 07:15:26,32.10110959,35.12330641,418.143,26.189,-15.922,17.395,11.392,7
2026-03-22 07:15:27,32.10126851,35.12356956,412.242,27.659,-19.969,15.258,11.553,7
2026-03-22 07:15:28,32.10142335,35.12377369,419.515,26.926,-17.386,14.777,14.296,7
2026-03-22 07:15:29,32.10159278,35.12399685,417.444,27.32,-19.12,13.056,14.504,7
2026-03-22 07:15:30,32.10172936,35.1242538,409.224,27.932,-21.966,12.314,12.087,7
2026-03-22 07:15:31,32.10189525,35.12447586,414.235,27.796,-19.813,12.973,14.551,7
2026-03-22 07:15:32,32.1020651,35.12467971,433.776,28.549,-14.176,15.585,19.267,7
2026-03-22 07:15:33,32.10222557,35.12487918,422.388,26.796,-19.089,11.115,15.169,7
2026-03-22 07:15:34,32.10231152,35.12510869,413.923,25.466,-20.442,10.94,10.532,7
2026-03-22 07:15:35,32.10249148,35.12531971,428.159,26.6,-16.374,13.416,16.107,7
2026-03-22 07:15:36,32.10262901,35.12552052,422.106,25.532,-18.516,11.205,13.545,7
2026-03-22 07:15:37,32.10277971,35.12575261,420.415,26.349,-19.526,11.517,13.431,8
2026-03-22 07:15:38,32.10295234,35.12593132,427.369,26.013,-16.999,11.443,16.023,8
2026-03-22 07:15:39,32.10300172,35.12621885,412.35,26.094,-21.56,12.147,8.277,8
2026-03-22 07:15:40,32.10324513,35.12640056,436.985,28.273,-14.75,14.401,19.349,8
2026-03-22 07:15:41,32.10330277,35.12661636,416.857,24.732,-20.228,10.599,9.496,6
2026-03-22 07:15:42,32.10338339,35.12682769,417.642,23.412,-18.064,11.945,8.894,6
2026-03-22 07:15:43,32.10366455,35.12696595,445.833,27.975,-11.451,13.119,21.894,7
2026-03-22 07:15:44,32.10368843,35.12722211,423.908,23.935,-18.972,11.183,9.373,7
2026-03-22 07:15:45,32.10380221,35.12745396,423.182,24.443,-18.815,12.185,9.745,7
2026-03-22 07:15:46,32.10393732,35.12761447,433.423,23.188,-14.544,12.431,13.101,7
2026-03-22 07:15:47,32.10413575,35.12783834,434.679,26.007,-17.067,11.925,15.584,7
2026-03-22 07:15:48,32.10427013,35.12806735,436.568,26.094,-17.284,12.772,14.801,7
2026-03-22 07:15:49,32.10439309,35.12827753,430.316,25.251,-19.04,11.267,12.172,7
2026-03-22 07:15:50,32.10449831,35.12850179,413.007,25.902,-23.122,8.883,7.577,7
2026-03-22 07:15:51,32.104632,35.1287585,418.049,26.33,-20.63,12.427,10.642,7
2026-03-22 07:15:52,32.10489286,35.12894067,440.984,29.416,-15.01,14.014,21.062,8
2026-03-22 07:15:53,32.10492442,35.12920285,415.508,26.354,-22.371,11.109,8.407,6
2026-03-22 07:15:54,32.1049995,35.1294136,437.552,24.621,-13.34,16.453,12.552,7
2026-03-22 07:15:55,32.10519703,35.12968355,434.873,27.773,-18.42,15.006,14.384,8
2026-03-22 07:15:56,32.10532458,35.12987922,437.005,25.999,-17.172,13.731,13.876,8
2026-03-22 07:15:57,32.10543826,35.13018835,428.25,28.19,-21.637,14.535,10.736,8
2026-03-22 07:15:58,32.10549151,35.13038043,434.405,24.402,-16.477,15.13,9.751,8
2026-03-22 07:15:59,32.10563178,35.13065453,422.967,26.96,-21.715,13.409,8.689,8
2026-03-22 07:16:00,32.10572809,35.13088632,435.929,25.898,-16.331,16.424,11.588,8
2026-03-22 07:16:01,32.10586391,35.13110209,442.12,25.843,-15.39,15.881,13.372,7
2026-03-22 07:16:02,32.10593521,35.13138657,438.115,26.302,-17.899,16.565,9.851,7
2026-03-22 07:16:03,32.10608837,35.13163785,451.642,27.965,-15.404,18.258,14.542,7
2026-03-22 07:16:04,32.10621199,35.13188138,434.264,27.308,-21.732,13.409,9.675,7
2026-03-22 07:16:05,32.10627929,35.13214125,434.427,26.425,-19.938,15.188,8.369,8
2026-03-22 07:16:06,32.10643071,35.13235537,430.168,26.27,-20.715,12.84,9.805,8
2026-03-22 07:16:07,32.10645851,35.13265788,431.566,26.569,-19.15,16.94,7.225,8
2026-03-22 07:16:08,32.1066734,35.13283169,434.689,26.262,-18.545,13.224,13.073,8
2026-03-22 07:16:09,32.10674715,35.13314344,426.817,27.715,-21.504,15.025,8.941,8
2026-03-22 07:16:10,32.10690285,35.13339684,435.456,28.307,-19.016,16.411,13.052,8
2026-03-22 07:16:11,32.10703969,35.13359324,442.712,26.755,-16.305,15.47,14.515,8
2026-03-22 07:16:12,32.10709293,35.13390011,437.659,27.201,-18.877,17.049,9.636,8
2026-03-22 07:16:13,32.10717278,35.1341319,433.813,25.79,-18.968,15.553,7.964,8
2026-03-22 07:16:14,32.10734097,35.1343798,432.3,27.223,-20.429,14.409,10.776,8
2026-03-22 07:16:15,32.10745986,35.13462474,437.875,26.994,-18.327,15.683,12.118,8
2026-03-22 07:16:16,32.10757384,35.13486626,445.517,26.884,-16.324,16.81,13.178,7
2026-03-22 07:16:17,32.10766617,35.13517134,449.222,28.339,-17.177,18.976,12.164,7
2026-03-22 07:16:18,32.10774287,35.13534832,441.792,24.354,-17.69,14.36,8.601,7
2026-03-22 07:16:19,32.10784925,35.13560211,443.211,25.288,-17.786,15.286,9.459,7
2026-03-22 07:16:20,32.10794671,35.13581992,440.774,24.476,-17.959,14.099,8.819,7
2026-03-22 07:16:21,32.10808588,35.13607907,438.565,26.252,-19.702,14.142,10.051,7
2026-03-22 07:16:22,32.108192,35.13628559,442.611,24.845,-17.234,14.21,10.878,7
2026-03-22 07:16:23,32.10824375,35.13651125,444.175,23.565,-15.808,15.096,8.804,7
2026-03-22 07:16:24,32.10837968,35.13670927,448.4,23.662,-15.238,14.151,11.288,7
2026-03-22 07:16:25,32.10852054,35.13691497,456.769,24.495,-14.01,14.562,13.845,7
2026-03-22 07:16:26,32.10857186,35.13719201,449.583,24.691,-17.406,15.194,8.707,7
2026-03-22 07:16:27,32.10865563,35.13735955,452.685,22.16,-14.84,13.757,9.032,7
2026-03-22 07:16:28,32.10873467,35.1375714,447.381,22.045,-16.501,12.689,7.261,7
2026-03-22 07:16:29,32.10878771,35.13776934,472.468,22.918,-8.274,17.896,11.683,6
2026-03-22 07:16:30,32.10888118,35.138042,425.589,27.135,-25.68,8.746,0.555,6
2026-03-22 07:16:31,32.1089726,35.13819409,457.817,21.696,-11.546,14.988,10.62,8
2026-03-22 07:16:32,32.10901304,35.13837749,449.777,19.729,-13.921,12.539,6.182,8
2026-03-22 07:16:33,32.10907755,35.1384403,487.215,21.246,-0.588,15.888,14.093,6
2026-03-22 07:16:34,32.10915196,35.13874584,446.816,22.217,-19.62,10.078,2.662,5
2026-03-22 07:16:35,32.10915304,35.13888827,465.336,17.984,-9.757,14.041,5.575,6
2026-03-22 07:16:36,32.10920706,35.13928322,404.11,34.264,-32.442,7.946,-7.643,6
2026-03-22 07:16:37,32.10926557,35.13932164,462.722,20.091,-5.189,16.589,10.075,5
2026-03-22 07:16:38,32.10930729,35.13946156,449.606,16.118,-10.592,11.15,4.824,5
2026-03-22 07:16:39,32.1093367,35.13956158,461.525,14.602,-5.793,11.703,6.533,5
2026-03-22 07:16:40,32.109309,35.1396731,483.602,16.95,0.751,15.146,7.573,6
2026-03-22 07:16:41,32.10936539,35.13982519,445.558,15.592,-14.482,5.599,-1.426,7
2026-03-22 07:16:42,32.10936763,35.13989966,452.781,10.946,-8.349,7.037,0.764,7
2026-03-22 07:16:43,32.10942035,35.13993404,456.246,8.449,-5.814,5.244,3.176,7
2026-03-22 07:16:44,32.10937572,35.14002394,462.692,8.424,-2.795,7.784,1.599,7
2026-03-22 07:16:45,32.10937664,35.1401004,440.239,10.629,-9.577,2.64,-3.78,7
2026-03-22 07:16:46,32.10940702,35.14003922,460.394,4.543,0.581,3.213,3.159,7
2026-03-22 07:16:47,32.10944241,35.13997519,473.841,8.017,4.783,2.093,6.084,7
2026-03-22 07:16:48,32.109397,35.14003731,466.05,2.301,0.237,2.271,0.288,7
2026-03-22 07:16:49,32.10939571,35.14011879,454.276,5.647,-4.866,1.6,-2.379,7
2026-03-22 07:16:50,32.10940271,35.14000756,473.494,5.648,4.688,1.178,2.921,7
2026-03-22 07:16:51,32.10935477,35.14010429,445.494,8.646,-6.123,-1.116,-6.001,7
2026-03-22 07:16:52,32.10944795,35.14008065,455.696,3.045,-2.13,-0.674,2.069,7
2026-03-22 07:16:53,32.10938935,35.14016649,448.244,5.062,-4.078,1.587,-2.544,7
2026-03-22 07:16:54,32.10940976,35.14015184,459.13,2.857,0.494,2.346,1.554,8
2026-03-22 07:16:55,32.1094648,35.14017046,464.557,4.757,0.334,2.294,4.155,8
2026-03-22 07:16:56,32.1094774,35.14023131,470.776,6.081,0.358,4.297,4.289,7
2026-03-22 07:16:57,32.1094849,35.14039559,452.532,9.495,-8.554,3.99,-1.024,7
2026-03-22 07:16:58,32.10946301,35.14047095,455.615,7.897,-5.494,5.619,-0.781,7
2026-03-22 07:16:59,32.10946883,35.14058946,455.654,9.174,-5.973,6.959,-0.242,7
2026-03-22 07:17:00,32.10949043,35.140638,459.861,7.485,-3.89,6.201,1.561,7
2026-03-22 07:17:01,32.10947186,35.14071301,481.076,11.68,2.272,10.426,4.75,8
2026-03-22 07:17:02,32.10948362,35.1409636,447.365,15.938,-13.649,7.258,-3.876,7
2026-03-22 07:17:03,32.10952128,35.14109263,439.301,15.515,-13.954,6.255,-2.625,7
2026-03-22 07:17:04,32.10951273,35.14108711,481.932,14.476,3.724,12.013,7.168,7
2026-03-22 07:17:05,32.10947188,35.14115082,496.326,14.924,5.625,12.536,5.826,6
2026-03-22 07:17:06,32.10952655,35.14146302,461.622,17.166,-14.078,9.651,-1.829,6
2026-03-22 07:17:07,32.109528,35.14166655,437.477,21.812,-19.588,7.345,-6.177,5
2026-03-22 07:17:08,32.10952439,35.14195602,437.81,22.696,-17.881,13.458,-3.771,7
2026-03-22 07:17:09,32.10952962,35.14205953,451.76,16.718,-9.214,13.92,0.9,6
2026-03-22 07:17:10,32.10951126,35.14223712,466.695,17.945,-4.896,16.997,3.026,7
2026-03-22 07:17:11,32.10955441,35.14236466,473.142,16.278,-4.755,14.807,4.807,7
2026-03-22 07:17:12,32.10951587,35.14265092,444.494,21.131,-16.268,12.658,-4.654,7
2026-03-22 07:17:13,32.10954285,35.14291877,442.691,22.577,-16.602,15.146,-2.162,7
2026-03-22 07:17:14,32.10949799,35.14306823,460.77,19.306,-7.336,17.837,0.861,7
2026-03-22 07:17:15,32.10956411,35.14314481,465.114,14.916,-6.137,13.016,3.924,7
2026-03-22 07:17:16,32.10950251,35.1434342,462.131,19.536,-9.61,16.998,-0.594,7
2026-03-22 07:17:17,32.10947376,35.14362336,466.52,19.098,-8.107,17.285,-0.504,7
2026-03-22 07:17:18,32.10949223,35.14384398,461.621,19.621,-11.372,15.976,-0.65,7
2026-03-22 07:17:19,32.10947252,35.14396974,490.914,20.134,-1.061,19.449,5.098,7
2026-03-22 07:17:20,32.10942274,35.14428514,458.372,22.851,-15.547,15.735,-5.731,7
2026-03-22 07:17:21,32.10940663,35.14458099,452.77,25.094,-16.999,17.701,-5.235,7
2026-03-22 07:17:22,32.10941622,35.14475145,486.685,23.28,-4.693,22.367,4.43,7
2026-03-22 07:17:23,32.10939082,35.14491513,473.498,18.871,-9.537,16.247,-1.1,7
2026-03-22 07:17:24,32.10935159,35.14527186,470.958,24.897,-13.423,20.798,-2.674,7
2026-03-22 07:17:25,32.10933623,35.1454763,470.811,22.685,-12.242,18.97,-2.213,7
2026-03-22 07:17:26,32.10931639,35.14576134,478.184,24.555,-11.115,21.889,-0.506,7
2026-03-22 07:17:27,32.10926705,35.14604599,477.725,25.615,-12.031,22.501,-2.255,6
2026-03-22 07:17:28,32.10924921,35.14624399,498.588,24.645,-5.398,23.925,2.413,6
2026-03-22 07:17:29,32.10928003,35.14658391,452.759,29.377,-23.918,15.492,-7.138,6
2026-03-22 07:17:30,32.10923175,35.14677723,472.387,23.283,-12.184,19.747,-1.924,6
2026-03-22 07:17:31,32.10925,35.14700243,477.656,22.516,-11.097,19.58,0.652,7
2026-03-22 07:17:32,32.10916422,35.14733355,476.368,26.287,-12.558,22.884,-3.106,6
2026-03-22 07:17:33,32.10909286,35.14750964,494.669,24.218,-4.917,23.704,-0.654,6
2026-03-22 07:17:34,32.10920003,35.14785368,472.268,26.696,-18.7,19.02,-1.128,5
2026-03-22 07:17:35,32.10918445,35.14803753,494.64,23.611,-8.717,21.663,3.495,5
2026-03-22 07:17:36,32.10914188,35.14838674,472.995,27.315,-17.997,20.134,-4.105,6
2026-03-22 07:17:37,32.10911076,35.14873422,487.623,29.466,-13.698,26.083,-0.523,7
2026-03-22 07:17:38,32.10911413,35.14888737,484.619,23.355,-12.445,19.746,-0.826,7
2026-03-22 07:17:39,32.10913603,35.14917325,470.872,25.311,-17.911,17.694,-2.595,6
2026-03-22 07:17:40,32.10909777,35.14940161,503.939,25.632,-5.812,24.636,4.036,6
2026-03-22 07:17:41,32.10912582,35.14978242,474.646,29.025,-20.421,20.442,-2.752,6
2026-03-22 07:17:42,32.10918152,35.14998315,465.86,25.744,-20.123,15.992,-1.427,5
2026-03-22 07:17:43,32.1090248,35.15022543,511.868,28.383,-1.573,28.176,3.037,6
2026-03-22 07:17:44,32.109081,35.15049,499.193,24.615,-11.29,21.838,1.239,6
2026-03-22 07:17:45,32.1091283,35.15082069,471.076,28.651,-22.663,17.185,-3.458,7
2026-03-22 07:17:46,32.10913153,35.1510263,508.685,25.877,-7.711,23.95,6.043,7
2026-03-22 07:17:47,32.10911861,35.151312,498.197,25.247,-13.493,21.32,0.91,8
2026-03-22 07:17:48,32.10913103,35.15152142,507.505,23.499,-10.309,20.904,2.992,8
2026-03-22 07:17:49,32.10916283,35.15181048,509.462,25.049,-12.54,21.416,3.406,8
2026-03-22 07:17:50,32.10918371,35.15210738,506.86,26.147,-15.101,21.223,2.275,8
2026-03-22 07:17:51,32.10916444,35.15236882,510.968,25.605,-13.234,21.868,1.514,7
2026-03-22 07:17:52,32.10921326,35.15259684,519.293,24.484,-11.532,21.121,4.513,8
2026-03-22 07:17:53,32.1091886,35.15289848,510.177,25.749,-15.526,20.54,-0.157,8
2026-03-22 07:17:54,32.10919266,35.15314217,517.349,24.758,-12.704,21.191,1.583,8
2026-03-22 07:17:55,32.1092197,35.15342352,515.192,25.453,-14.857,20.612,1.507,8
2026-03-22 07:17:56,32.10923492,35.15365469,519.109,24.096,-13.148,20.061,2.309,8
2026-03-22 07:17:57,32.10923633,35.15400836,512.626,27.791,-17.4,21.67,0.06,8
2026-03-22 07:17:58,32.10924505,35.1542044,521.061,24.193,-12.533,20.581,2.157,8
2026-03-22 07:17:59,32.1091973,35.15461658,490.607,31.87,-23.996,19.779,-6.975,8
2026-03-22 07:18:00,32.10928192,35.15476201,518.851,24.154,-11.366,20.718,5.0,8
2026-03-22 07:18:01,32.10925659,35.15502626,517.226,24.182,-12.526,20.615,1.703,7
2026-03-22 07:18:02,32.10922908,35.15528471,528.099,24.88,-9.592,22.841,2.3,8
2026-03-22 07:18:03,32.10929587,35.15556271,525.97,25.265,-13.676,20.964,3.437,7
2026-03-22 07:18:04,32.10924043,35.15585171,533.263,26.321,-11.399,23.675,1.53,7
2026-03-22 07:18:05,32.10930317,35.1561038,534.519,25.365,-13.182,21.38,3.542,7
2026-03-22 07:18:06,32.10928913,35.15642827,526.978,27.324,-16.781,21.563,-0.006,8
2026-03-22 07:18:07,32.10928616,35.15663797,542.919,24.957,-10.155,22.561,3.274,7
2026-03-22 07:18:08,32.10931218,35.15697439,526.029,27.512,-18.587,20.273,-0.649,7
2026-03-22 07:18:09,32.10927545,35.15726883,526.332,27.56,-16.761,21.81,-1.705,7
2026-03-22 07:18:10,32.10929202,35.15752316,529.738,26.094,-14.962,21.376,0.324,7
2026-03-22 07:18:11,32.1092666,35.15782328,531.771,27.022,-14.449,22.832,-0.329,6
2026-03-22 07:18:12,32.10933804,35.15799337,541.403,23.187,-11.076,19.859,4.535,5
2026-03-22 07:18:13,32.10927581,35.15843004,515.247,31.076,-22.185,21.136,-5.178,4
2026-03-22 07:18:14,32.10940066,35.15888939,492.004,38.341,-32.143,20.63,-3.358,6
2026-03-22 07:18:15,32.10926627,35.15905294,513.656,27.574,-14.253,23.476,-2.461,4
2026-03-22 07:18:16,32.10939667,35.15908936,550.488,23.554,-1.655,20.625,11.254,6
2026-03-22 07:18:17,32.10932504,35.15952413,524.127,27.164,-16.367,21.625,-1.543,6
2026-03-22 07:18:18,32.10932893,35.15977738,541.511,26.512,-10.586,24.131,2.916,7
2026-03-22 07:18:19,32.10932828,35.16003366,544.663,25.635,-11.038,23.013,2.395,7
2026-03-22 07:18:20,32.10936553,35.16031656,530.575,25.971,-17.394,19.285,-0.159,6
2026-03-22 07:18:21,32.10941078,35.16064973,524.223,28.508,-20.312,20.002,0.255,5
2026-03-22 07:18:22,32.10943881,35.1606786,579.641,26.771,1.995,23.324,12.989,6
2026-03-22 07:18:23,32.10936221,35.16135365,510.375,39.609,-31.19,22.356,-9.812,6
2026-03-22 07:18:24,32.1094439,35.16147694,516.625,27.451,-21.238,17.329,-1.489,7
2026-03-22 07:18:25,32.10940758,35.16171584,521.602,24.959,-15.858,19.236,-1.2,6
2026-03-22 07:18:26,32.10945091,35.16173644,540.17,16.94,-5.655,15.212,4.856,7
2026-03-22 07:18:27,32.10944762,35.16202638,537.975,20.575,-10.242,17.693,2.323,7
2026-03-22 07:18:28,32.10941151,35.16233595,543.135,24.215,-10.751,21.668,1.134,8
2026-03-22 07:18:29,32.10944783,35.16247805,553.206,20.705,-7.451,18.859,4.186,8
2026-03-22 07:18:30,32.10947868,35.16275412,546.636,22.364,-12.887,18.136,2.274,8
2026-03-22 07:18:31,32.10945313,35.16285699,556.986,17.894,-6.61,16.423,2.605,7
2026-03-22 07:18:32,32.10949752,35.1631088,554.667,20.044,-10.939,16.571,2.738,7
2026-03-22 07:18:33,32.1095073,35.16325145,554.945,17.419,-9.777,14.267,2.069,8
2026-03-22 07:18:34,32.10953726,35.16342349,552.748,17.029,-10.793,13.035,1.9,8
2026-03-22 07:18:35,32.10951963,35.16374706,544.566,22.595,-15.438,16.451,-1.262,8
2026-03-22 07:18:36,32.10950626,35.1638224,556.469,16.482,-7.346,14.7,1.271,8
2026-03-22 07:18:37,32.10939511,35.16416995,537.367,24.179,-15.113,17.33,-7.475,8
2026-03-22 07:18:38,32.10950048,35.16432597,536.202,20.095,-14.814,13.555,-0.774,8
2026-03-22 07:18:39,32.10942766,35.16448659,530.604,18.571,-12.528,12.987,-4.391,8
2026-03-22 07:18:40,32.10946227,35.16449068,554.333,12.75,-1.7,12.079,3.711,6
2026-03-22 07:18:41,32.10947139,35.16464068,564.641,14.653,-1.603,13.764,4.761,6
2026-03-22 07:18:42,32.10946196,35.16476229,550.275,11.929,-7.403,9.337,-0.552,6
2026-03-22 07:18:43,32.10943432,35.1647594,553.775,7.201,-2.877,6.571,-0.626,8
2026-03-22 07:18:44,32.10943336,35.16480125,557.976,6.258,-1.454,6.067,0.482,8
2026-03-22 07:18:45,32.10935627,35.16488841,555.471,7.824,-1.976,6.888,-3.14,8
2026-03-22 07:18:46,32.10929953,35.16483353,560.5,5.699,2.495,4.191,-2.947,8
2026-03-22 07:18:47,32.10917638,35.1648762,549.644,9.339,-0.064,3.386,-8.704,8
2026-03-22 07:18:48,32.10916041,35.16489072,544.4,7.292,-1.499,1.673,-6.937,8
2026-03-22 07:18:49,32.10910937,35.16508688,543.66,10.771,-4.386,7.607,-6.237,7
2026-03-22 07:18:50,32.10907695,35.16494101,570.293,10.293,8.542,5.699,0.702,8
2026-03-22 07:18:51,32.10900044,35.16499349,562.113,6.918,3.193,4.482,-4.193,8
2026-03-22 07:18:52,32.10888261,35.1650873,538.316,13.049,-4.444,2.541,-12.003,8
2026-03-22 07:18:53,32.10885079,35.16524903,529.192,14.111,-8.097,5.168,-10.337,8
2026-03-22 07:18:54,32.10884696,35.16523501,546.049,6.617,0.19,6.01,-2.762,8
2026-03-22 07:18:55,32.1087549,35.16531297,545.301,8.858,-0.014,7.116,-5.275,8
2026-03-22 07:18:56,32.10875698,35.16531547,554.526,6.687,2.452,6.119,-1.125,8
2026-03-22 07:18:57,32.10865663,35.16547497,519.509,15.699,-9.762,3.124,-11.891,8
2026-03-22 07:18:58,32.10862301,35.16534376,547.729,7.065,5.461,3.788,-2.398,8
2026-03-22 07:18:59,32.10855744,35.16551614,530.022,10.049,-4.113,5.028,-7.667,7
2026-03-22 07:19:00,32.10847507,35.16546057,549.695,9.214,5.777,6.259,-3.513,7
2026-03-22 07:19:01,32.10839444,35.16536459,538.73,8.509,4.07,-0.252,-7.468,8
2026-03-22 07:19:02,32.10827592,35.16538293,531.081,10.802,2.209,0.532,-10.561,7
2026-03-22 07:19:03,32.10821588,35.16532348,539.61,9.196,6.138,0.964,-6.779,7
2026-03-22 07:19:04,32.10807115,35.16538292,541.806,11.76,5.788,4.807,-9.039,8
2026-03-22 07:19:05,32.10801511,35.16530563,569.573,15.529,13.925,6.678,-1.625,7
2026-03-22 07:19:06,32.10780022,35.16523743,536.83,16.821,4.911,-1.57,-16.011,7
2026-03-22 07:19:07,32.1077157,35.16513469,536.571,14.809,6.738,-3.016,-12.838,7
2026-03-22 07:19:08,32.10770505,35.16502207,527.464,12.886,4.174,-6.918,-10.039,8
2026-03-22 07:19:09,32.10740676,35.16507595,545.816,18.766,12.166,5.144,-13.33,7
2026-03-22 07:19:10,32.10728538,35.16500218,537.994,16.897,9.076,0.931,-14.222,7
2026-03-22 07:19:11,32.10718556,35.16487541,541.227,16.057,11.022,-1.368,-11.596,6
2026-03-22 07:19:12,32.10700863,35.16484463,537.963,17.329,9.789,-0.005,-14.3,6
2026-03-22 07:19:13,32.10692395,35.16476259,546.459,15.321,11.643,0.272,-9.955,8
2026-03-22 07:19:14,32.10669151,35.16476905,537.204,18.914,8.761,1.713,-16.675,8
2026-03-22 07:19:15,32.10655666,35.16473142,536.168,17.505,8.387,1.495,-15.292,7
2026-03-22 07:19:16,32.10643826,35.16483559,526.177,16.353,2.282,3.77,-15.748,7
2026-03-22 07:19:17,32.10623614,35.16463411,527.079,19.57,9.896,-1.036,-16.852,8
2026-03-22 07:19:18,32.10608674,35.16450726,564.109,23.676,21.833,4.717,-7.853,8
2026-03-22 07:19:19,32.10594329,35.16453655,553.8,17.823,12.372,3.671,-12.293,8
2026-03-22 07:19:20,32.10579541,35.16451801,560.672,17.738,12.58,4.979,-11.472,6
2026-03-22 07:19:21,32.10575048,35.16460142,561.975,12.591,6.961,6.426,-8.294,8
2026-03-22 07:19:22,32.10554769,35.16449062,521.977,21.607,-0.585,-4.616,-21.1,8
2026-03-22 07:19:23,32.10546527,35.16447065,552.35,14.198,10.085,3.66,-9.3,8
2026-03-22 07:19:24,32.10527869,35.16439962,521.268,19.69,2.582,-3.528,-19.198,6
2026-03-22 07:19:25,32.10510827,35.16427723,524.987,19.348,8.525,-2.855,-17.132,6
2026-03-22 07:19:26,32.10501506,35.16428272,537.298,15.272,10.202,2.124,-11.164,7
2026-03-22 07:19:27,32.10492035,35.16409807,559.892,19.061,18.22,1.27,-5.454,6
2026-03-22 07:19:28,32.10477508,35.16411761,538.388,15.223,7.351,-0.859,-13.303,7
2026-03-22 07:19:29,32.1046066,35.16406829,529.65,17.418,6.31,-1.455,-16.17,6
2026-03-22 07:19:30,32.10449031,35.16423924,529.768,15.455,2.342,6.006,-14.047,7
2026-03-22 07:19:31,32.10433534,35.16397071,528.178,17.806,9.791,-2.892,-14.589,6
2026-03-22 07:19:32,32.10419247,35.16385249,512.535,19.843,6.866,-6.497,-17.447,6
2026-03-22 07:19:33,32.10406644,35.16389347,534.363,16.115,11.704,3.337,-10.564,7
2026-03-22 07:19:34,32.10391415,35.16389692,498.002,20.006,-0.19,-2.919,-19.791,8
2026-03-22 07:19:35,32.10376565,35.1637494,518.283,17.516,11.574,-0.331,-13.143,7
2026-03-22 07:19:36,32.10363549,35.16384472,502.323,16.497,2.959,1.396,-16.169,7
2026-03-22 07:19:37,32.10363541,35.16360041,541.141,17.923,17.842,0.873,-1.453,6
2026-03-22 07:19:38,32.1035075,35.16373633,517.388,11.472,3.635,1.821,-10.727,6
2026-03-22 07:19:39,32.10332746,35.16371216,504.469,16.16,2.598,0.27,-15.948,7
2026-03-22 07:19:40,32.10330019,35.16365362,522.266,10.949,8.287,2.198,-6.81,7
2026-03-22 07:19:41,32.10318728,35.16382906,497.173,14.53,-3.618,3.37,-13.663,7
2026-03-22 07:19:42,32.10312907,35.16367024,522.609,11.062,9.451,2.874,-4.978,7
2026-03-22 07:19:43,32.10301512,35.16371745,495.53,13.054,-0.661,-0.556,-13.025,7
2026-03-22 07:19:44,32.10295179,35.16363615,503.931,9.748,4.919,-0.343,-8.409,6
2026-03-22 07:19:45,32.10301218,35.16361698,524.226,8.313,7.826,2.343,1.538,6
2026-03-22 07:19:46,32.10294186,35.16360071,556.437,18.098,15.327,8.144,5.128,7
2026-03-22 07:19:47,32.10290564,35.16361731,538.06,5.464,4.443,2.304,-2.191,6
2026-03-22 07:19:48,32.10281751,35.16376109,535.609,8.34,0.559,6.539,-5.147,6
2026-03-22 07:19:49,32.10278951,35.16361673,548.262,8.0,7.519,2.317,-1.451,7
2026-03-22 07:19:50,32.1027201,35.16374091,514.246,12.421,-6.274,-0.473,-10.71,7
2026-03-22 07:19:51,32.10271816,35.16380523,534.273,6.08,0.422,5.636,-2.241,7
2026-03-22 07:19:52,32.10263992,35.16385782,526.311,7.657,-1.588,4.514,-5.977,7
2026-03-22 07:19:53,32.10256864,35.16385624,548.391,10.423,6.572,7.936,-1.571,7
2026-03-22 07:19:54,32.10249971,35.16387542,545.986,8.232,4.188,5.82,-4.044,7
2026-03-22 07:19:55,32.10241072,35.16378311,543.365,8.496,5.509,1.34,-6.328,7
2026-03-22 07:19:56,32.10226974,35.16392145,526.638,13.286,-1.619,3.724,-12.65,7
2026-03-22 07:19:57,32.10217569,35.16394004,547.931,12.311,6.335,8.24,-6.598,6
2026-03-22 07:19:58,32.10212681,35.1640836,509.005,16.967,-9.161,2.443,-14.07,7
2026-03-22 07:19:59,32.10197548,35.16420243,500.377,18.498,-7.555,5.505,-15.962,7
2026-03-22 07:20:00,32.10177136,35.16409745,494.792,18.518,0.137,1.743,-18.435,7
2026-03-22 07:20:01,32.10164691,35.16419475,511.957,15.967,5.119,9.089,-12.089,6
2026-03-22 07:20:02,32.10157658,35.16430266,524.929,15.288,5.673,12.27,-7.138,6
2026-03-22 07:20:03,32.10148688,35.16442798,514.085,14.363,-0.596,10.332,-9.959,6
2026-03-22 07:20:04,32.10135139,35.16455232,513.281,16.251,-0.673,11.72,-11.237,7
2026-03-22 07:20:05,32.10122412,35.1647253,501.653,18.979,-4.934,11.83,-13.997,7
2026-03-22 07:20:06,32.10115055,35.16487744,513.859,17.489,-1.47,15.175,-8.568,7
2026-03-22 07:20:07,32.10104869,35.16495985,527.362,17.083,3.029,15.667,-6.098,6
2026-03-22 07:20:08,32.10089102,35.16510937,521.69,18.517,0.033,15.049,-10.789,7
2026-03-22 07:20:09,32.10081909,35.16523046,529.541,17.048,0.948,15.276,-7.508,7
2026-03-22 07:20:10,32.10073477,35.16540213,520.305,17.329,-4.098,13.807,-9.636,7
2026-03-22 07:20:11,32.10061377,35.1657143,508.95,23.759,-10.061,17.347,-12.742,7
2026-03-22 07:20:12,32.10054484,35.16573825,533.966,17.745,1.7,16.965,-4.918,7
2026-03-22 07:20:13,32.10044087,35.16599539,511.572,21.016,-8.772,15.158,-11.618,7
2026-03-22 07:20:14,32.10037108,35.16619252,516.249,20.299,-6.91,17.04,-8.599,7
2026-03-22 07:20:15,32.10028302,35.16635864,516.736,19.546,-5.927,16.642,-8.365,7
2026-03-22 07:20:16,32.10015322,35.16658205,521.705,21.987,-4.537,19.614,-8.84,7
2026-03-22 07:20:17,32.10015691,35.16674812,527.366,19.007,-4.837,17.949,-3.962,6
2026-03-22 07:20:18,32.10007395,35.16699328,525.585,21.23,-7.129,19.116,-5.873,6
2026-03-22 07:20:19,32.09995186,35.16722024,512.676,23.173,-10.436,17.613,-10.856,6
2026-03-22 07:20:20,32.09993613,35.16739264,498.774,21.548,-13.559,13.39,-10.06,6
2026-03-22 07:20:21,32.09993886,35.16762566,536.918,22.897,-2.69,22.634,2.175,7
2026-03-22 07:20:22,32.09985899,35.16780345,524.273,19.682,-7.444,17.685,-4.384,7
2026-03-22 07:20:23,32.09982361,35.16802231,531.959,20.515,-6.416,19.347,-2.326,7
2026-03-22 07:20:24,32.09987422,35.16810374,542.193,16.108,-3.761,15.432,2.681,7
2026-03-22 07:20:25,32.09988613,35.16849041,523.422,23.759,-16.095,17.369,-1.933,7
2026-03-22 07:20:26,32.0998409,35.16884752,498.756,30.164,-23.384,17.244,-8.103,7
2026-03-22 07:20:27,32.09983753,35.16907896,505.407,25.727,-17.157,18.834,-3.575,6
2026-03-22 07:20:28,32.09988966,35.16930427,508.393,23.774,-15.372,18.13,0.449,7
2026-03-22 07:20:29,32.0998217,35.16941147,521.036,18.831,-6.743,17.577,0.403,7
2026-03-22 07:20:30,32.0998939,35.16966523,531.662,21.693,-8.013,19.473,5.214,6
2026-03-22 07:20:31,32.09989084,35.16974003,562.344,22.278,2.123,20.022,9.535,7
2026-03-22 07:20:32,32.09993015,35.17021174,496.294,31.715,-28.038,13.148,-6.841,7
2026-03-22 07:20:33,32.10005855,35.17031721,557.68,25.842,-4.588,21.382,13.768,6
2026-03-22 07:20:34,32.10009205,35.17056167,535.371,22.067,-14.894,15.566,4.778,5
2026-03-22 07:20:35,32.10012362,35.17086118,521.932,25.18,-19.782,15.532,1.196,6
2026-03-22 07:20:36,32.10010226,35.17105738,551.186,23.508,-7.622,21.375,6.133,6
2026-03-22 07:20:37,32.10024036,35.1711807,562.189,21.414,-6.868,16.904,11.208,6
2026-03-22 07:20:38,32.10033947,35.17154603,507.623,30.601,-29.091,9.422,-1.149,7
2026-03-22 07:20:39,32.1004227,35.17172258,539.323,23.338,-14.118,16.16,9.176,7
2026-03-22 07:20:40,32.10048013,35.17193479,559.658,24.386,-8.561,19.435,11.986,7
2026-03-22 07:20:41,32.10057021,35.17208461,564.124,21.583,-8.894,15.934,11.526,7
2026-03-22 07:20:42,32.10055409,35.17223884,577.236,19.942,-4.748,17.099,9.097,7
2026-03-22 07:20:43,32.10076461,35.1724316,562.025,21.094,-15.312,10.381,10.136,6
2026-03-22 07:20:44,32.10086415,35.1727305,544.715,25.584,-22.401,10.724,6.142,6
2026-03-22 07:20:45,32.10088869,35.17283548,561.021,18.933,-11.68,12.524,8.073,6
2026-03-22 07:20:46,32.10098103,35.17306119,542.447,21.593,-18.842,9.601,4.366,6
2026-03-22 07:20:47,32.10108695,35.17318984,538.33,19.688,-17.284,7.49,5.725,6
2026-03-22 07:20:48,32.10119274,35.17332847,553.821,18.597,-11.134,10.36,10.703,6
2026-03-22 07:20:49,32.10119273,35.17343421,547.113,14.463,-10.838,8.17,4.995,6
2026-03-22 07:20:50,32.10124444,35.17347234,566.172,13.149,-3.05,9.097,8.992,6
2026-03-22 07:20:51,32.10122849,35.17361497,556.617,11.312,-7.272,8.212,2.765,7
2026-03-22 07:20:52,32.10128272,35.17366898,560.871,9.752,-5.404,6.688,4.601,8
2026-03-22 07:20:53,32.10125793,35.17365508,572.826,7.677,0.849,6.254,4.37,7
2026-03-22 07:20:54,32.10128165,35.17397201,537.457,18.239,-16.638,6.308,-4.005,7
2026-03-22 07:20:55,32.10136002,35.17396312,548.775,9.85,-8.165,4.656,2.948,8
2026-03-22 07:20:56,32.10147045,35.17415025,558.015,14.62,-8.538,8.873,7.882,8
2026-03-22 07:20:57,32.10151103,35.17409131,547.904,8.539,-7.423,0.98,4.105,8
2026-03-22 07:20:58,32.10146882,35.1740729,577.626,10.843,4.992,6.395,7.195,7
2026-03-22 07:20:59,32.10157925,35.17428633,533.884,15.917,-15.89,0.386,-0.832,6
2026-03-22 07:21:00,32.10158198,35.17437366,595.432,20.347,5.561,14.904,12.687,6
2026-03-22 07:21:01,32.10155062,35.17447202,541.817,14.095,-13.049,1.938,-4.963,6
2026-03-22 07:21:02,32.10175413,35.1745294,550.133,12.611,-10.695,1.794,6.437,6
2026-03-22 07:21:03,32.10177446,35.17473948,555.159,14.159,-9.987,8.265,5.694,6
2026-03-22 07:21:04,32.10176385,35.17480417,572.695,12.716,-2.338,10.522,6.746,6
2026-03-22 07:21:05,32.10177386,35.1749683,502.967,26.7,-24.478,-2.367,-10.398,6
2026-03-22 07:21:06,32.10198367,35.17497212,562.376,16.27,-2.358,7.445,14.273,6
2026-03-22 07:21:07,32.10185724,35.17517416,543.097,12.285,-8.713,8.656,-0.285,6
2026-03-22 07:21:08,32.10200535,35.17549598,570.828,22.924,-7.402,18.528,11.29,6
2026-03-22 07:21:09,32.10204778,35.17575234,572.128,23.117,-10.475,18.707,8.645,7
2026-03-22 07:21:10,32.1021522,35.17563166,593.754,17.15,0.318,10.303,13.707,7
2026-03-22 07:21:11,32.10224217,35.17563797,582.312,10.779,-4.849,2.921,9.173,7
2026-03-22 07:21:12,32.10228982,35.17588027,553.942,17.274,-16.956,3.046,1.264,7
2026-03-22 07:21:13,32.10237127,35.17592221,575.568,12.416,-6.666,6.237,8.416,7
2026-03-22 07:21:14,32.10241867,35.17628711,556.423,21.213,-18.152,10.623,2.761,6
2026-03-22 07:21:15,32.10250294,35.17640884,556.314,18.283,-15.193,8.965,4.8,6
2026-03-22 07:21:16,32.10253276,35.17647056,582.482,15.795,-3.786,11.987,9.563,6
2026-03-22 07:21:17,32.10255643,35.17660126,602.226,18.303,-0.102,14.759,10.824,6
2026-03-22 07:21:18,32.10258851,35.17686692,546.194,23.087,-21.977,5.681,-4.211,7
2026-03-22 07:21:19,32.10260311,35.17683207,591.347,13.341,-0.204,10.949,7.621,7
2026-03-22 07:21:20,32.10264586,35.17710617,569.457,16.556,-12.971,10.175,1.525,6
2026-03-22 07:21:21,32.1026318,35.17718633,580.821,12.88,-6.108,10.988,2.803,7
2026-03-22 07:21:22,32.102659,35.17732261,578.087,12.846,-7.911,9.896,2.123,7
2026-03-22 07:21:23,32.10262077,35.17731964,603.452,12.841,3.08,11.317,5.229,7
2026-03-22 07:21:24,32.10266869,35.17746421,597.609,10.858,-3.838,9.46,3.696,7
2026-03-22 07:21:25,32.10266803,35.17756999,602.453,10.903,-3.25,9.896,3.222,7
2026-03-22 07:21:26,32.10267727,35.1775888,639.151,18.536,7.627,13.556,10.082,7
2026-03-22 07:21:27,32.10261893,35.17783095,597.722,14.68,-11.041,8.312,-4.95,8
2026-03-22 07:21:28,32.10266031,35.17790729,604.889,10.831,-7.098,8.18,0.108,8
2026-03-22 07:21:29,32.1026244,35.17785507,650.147,18.188,10.104,12.619,8.337,7
2026-03-22 07:21:30,32.1025637,35.17813837,624.496,13.823,-6.035,12.132,-2.732,8
2026-03-22 07:21:31,32.102567,35.17831929,628.181,15.078,-6.6,13.537,-0.732,8
2026-03-22 07:21:32,32.10252402,35.17845428,592.119,19.654,-16.056,5.833,-9.72,8
2026-03-22 07:21:33,32.1024992,35.17848497,598.807,11.365,-7.97,6.089,-5.343,8
2026-03-22 07:21:34,32.10252732,35.17853315,605.222,7.607,-4.596,6.011,-0.785,8
2026-03-22 07:21:35,32.10256831,35.17862509,597.572,8.854,-7.666,4.394,-0.557,8
2026-03-22 07:21:36,32.10246147,35.17872831,594.897,10.015,-5.527,6.751,-4.918,8
2026-03-22 07:21:37,32.10235798,35.17882197,584.373,12.702,-6.275,6.292,-9.076,8
2026-03-22 07:21:38,32.10241566,35.17880913,586.792,5.699,-3.927,3.068,-2.765,7
2026-03-22 07:21:39,32.10239946,35.17891646,613.389,11.49,2.987,10.565,3.387,7
2026-03-22 07:21:40,32.10234526,35.17893737,637.667,16.271,9.106,12.46,5.156,6
2026-03-22 07:21:41,32.10244718,35.17903527,618.474,7.242,-3.946,5.366,2.844,7
2026-03-22 07:21:42,32.10245021,35.17907344,619.797,5.836,-2.89,4.615,2.101,7
2026-03-22 07:21:43,32.10248903,35.17905411,606.365,5.865,-5.781,-0.977,-0.136,7
2026-03-22 07:21:44,32.10244734,35.17921946,606.467,8.219,-6.235,5.103,-1.626,7
2026-03-22 07:21:45,32.10242566,35.17929152,575.099,16.006,-13.578,-0.543,-8.458,7
2026-03-22 07:21:46,32.10240219,35.17950821,597.46,12.731,-6.215,11.046,-1.204,7
2026-03-22 07:21:47,32.10241278,35.17957156,620.18,13.675,0.981,12.874,4.505,7
2026-03-22 07:21:48,32.1023239,35.17960948,612.021,8.868,-0.783,8.509,-2.371,7
2026-03-22 07:21:49,32.1024175,35.17960044,600.47,5.446,-5.276,1.3,-0.361,5
2026-03-22 07:21:50,32.10234416,35.1797047,601.684,6.95,-3.684,5.231,-2.714,7
2026-03-22 07:21:51,32.10236761,35.17989942,584.457,13.62,-11.669,5.467,-4.409,7
2026-03-22 07:21:52,32.1025168,35.17966579,620.192,11.77,5.103,1.019,10.557,7
2026-03-22 07:21:53,32.10237725,35.17993623,599.213,9.609,-5.943,6.758,-3.37,7
2026-03-22 07:21:54,32.10235943,35.18003245,604.291,9.277,-3.909,8.257,-1.612,7
2026-03-22 07:21:55,32.10251969,35.18012168,605.873,10.549,-6.936,5.841,5.391,7
2026-03-22 07:21:56,32.10240349,35.18029768,602.342,12.057,-6.73,9.825,-1.882,7
2026-03-22 07:21:57,32.10239345,35.18023063,642.347,16.221,8.694,11.772,6.997,7
2026-03-22 07:21:58,32.10243989,35.18033552,655.597,16.111,5.709,12.256,8.76,7
2026-03-22 07:21:59,32.1024118,35.18053334,634.343,11.521,-6.223,9.691,-0.318,7
2026-03-22 07:22:00,32.1024131,35.18062834,649.802,12.258,-1.544,11.747,3.145,7
2026-03-22 07:22:01,32.1024174,35.18110742,563.135,39.336,-35.434,4.855,-16.375,6
2026-03-22 07:22:02,32.10248478,35.18097246,630.349,13.037,-1.008,10.955,6.995,7
2026-03-22 07:22:03,32.10247699,35.18130382,587.337,21.978,-19.575,8.508,-5.239,7
2026-03-22 07:22:04,32.10254688,35.18138393,607.152,14.533,-9.347,10.496,3.695,7
2026-03-22 07:22:05,32.10249636,35.18144383,631.536,14.687,0.815,13.593,5.502,7
2026-03-22 07:22:06,32.10256882,35.18154917,640.247,14.478,-0.786,12.123,7.876,7
2026-03-22 07:22:07,32.1026189,35.18174676,629.175,14.368,-8.802,10.53,4.254,6
2026-03-22 07:22:08,32.10266711,35.18172496,679.046,22.496,8.076,14.727,14.965,6
2026-03-22 07:22:09,32.10262099,35.18219383,635.299,22.718,-16.582,15.392,-2.053,6
2026-03-22 07:22:10,32.10271849,35.18247034,581.282,34.536,-32.803,5.898,-9.051,6
2026-03-22 07:22:11,32.10273994,35.18251448,636.121,17.846,-5.868,15.316,7.033,6
2026-03-22 07:22:12,32.10286753,35.18265652,610.846,17.865,-16.069,6.906,3.641,7
2026-03-22 07:22:13,32.10298849,35.1827322,640.862,17.733,-5.306,10.696,13.111,7
2026-03-22 07:22:14,32.10297727,35.18269746,713.167,34.965,17.812,19.614,22.815,7
2026-03-22 07:22:15,32.10305656,35.18326795,632.084,28.576,-25.707,12.467,-0.568,6
2026-03-22 07:22:16,32.10310453,35.18350269,605.047,30.552,-28.943,8.795,-4.286,5
2026-03-22 07:22:17,32.10312611,35.18354465,607.806,19.219,-17.931,6.817,-1.174,6
2026-03-22 07:22:18,32.10317915,35.18386114,613.32,22.401,-17.139,14.213,2.461,6
2026-03-22 07:22:19,32.10326725,35.18404693,614.832,21.168,-15.604,13.36,5.108,6
2026-03-22 07:22:20,32.10331568,35.18422864,605.149,20.428,-16.931,11.075,2.827,6
2026-03-22 07:22:21,32.1033074,35.18440959,628.515,19.54,-7.465,16.904,6.352,6
2026-03-22 07:22:22,32.10336216,35.18460503,597.199,20.691,-18.459,9.316,-0.788,6
2026-03-22 07:22:23,32.10334816,35.18476914,619.711,17.688,-8.142,15.239,3.787,7
2026-03-22 07:22:24,32.10342121,35.18494916,608.572,17.797,-13.294,11.532,2.649,7
2026-03-22 07:22:25,32.10348824,35.18488247,674.911,26.995,10.555,16.903,18.211,7
2026-03-22 07:22:26,32.10358549,35.18526434,656.441,21.973,-8.964,16.999,10.654,6
2026-03-22 07:22:27,32.10348971,35.18562387,598.229,31.19,-27.476,11.23,-9.581,6
2026-03-22 07:22:28,32.10353197,35.18581167,616.598,22.525,-16.299,15.546,-0.256,6
2026-03-22 07:22:29,32.10352808,35.18579441,633.774,13.454,-4.573,12.201,3.352,7
2026-03-22 07:22:30,32.1035647,35.18605282,630.421,17.526,-10.0,14.143,2.674,8
2026-03-22 07:22:31,32.10358317,35.18619961,653.352,18.947,-3.2,17.242,7.173,8
2026-03-22 07:22:32,32.10355774,35.18631995,672.349,19.599,1.213,18.114,7.387,7
2026-03-22 07:22:33,32.10362193,35.18668596,618.189,26.221,-23.471,10.716,-4.669,6
2026-03-22 07:22:34,32.10356204,35.18678568,644.644,17.336,-7.772,15.486,0.572,7
2026-03-22 07:22:35,32.10355776,35.18689715,635.29,14.682,-9.597,10.963,-1.806,7
2026-03-22 07:22:36,32.10342296,35.18702948,660.795,17.518,1.023,17.473,-0.727,6
2026-03-22 07:22:37,32.10348976,35.18727269,637.078,17.914,-12.533,12.45,-2.968,7
2026-03-22 07:22:38,32.10339056,35.18735271,620.596,16.978,-11.914,8.069,-9.012,6
2026-03-22 07:22:39,32.1034095,35.18735677,643.783,9.315,-1.181,9.237,0.233,7
2026-03-22 07:22:40,32.10345011,35.18741064,632.413,7.347,-5.811,4.433,-0.751,7
2026-03-22 07:22:41,32.10348872,35.18744016,648.677,7.663,-0.369,6.222,4.458,7
2026-03-22 07:22:42,32.10355193,35.18763503,617.821,14.588,-14.224,2.863,-1.51,6
2026-03-22 07:22:43,32.10357614,35.18759041,667.66,15.51,5.771,9.743,10.599,7
2026-03-22 07:22:44,32.10352794,35.18785152,624.106,15.398,-13.351,6.054,-4.711,7
2026-03-22 07:22:45,32.10352302,35.18796906,631.738,12.229,-8.36,8.817,-1.389,5
2026-03-22 07:22:46,32.10340176,35.18806011,679.322,21.385,8.516,19.038,4.726,5
2026-03-22 07:22:47,32.10343895,35.18812908,692.58,18.364,6.564,15.635,7.051,6
2026-03-22 07:22:48,32.10343281,35.18846616,638.027,21.923,-18.385,9.214,-7.597,7
2026-03-22 07:22:49,32.10337454,35.18867419,635.178,20.839,-15.224,12.183,-7.353,6
2026-03-22 07:22:50,32.10326785,35.18909143,571.768,41.256,-33.716,9.253,-21.901,7
2026-03-22 07:22:51,32.10330394,35.18898524,643.991,16.342,1.385,15.887,3.569,6
2026-03-22 07:22:52,32.10330406,35.18932346,605.373,22.088,-17.225,12.427,-6.064,6
2026-03-22 07:22:53,32.1032713,35.1893591,645.025,17.125,0.501,16.744,3.56,6
2026-03-22 07:22:54,32.10316245,35.18963265,650.667,21.175,-1.992,21.068,-0.755,7
2026-03-22 07:22:55,32.10322667,35.18979385,650.486,17.852,-5.99,16.707,1.922,6
2026-03-22 07:22:56,32.10316695,35.18996328,635.865,17.197,-10.179,13.209,-4.199,7
2026-03-22 07:22:57,32.10307827,35.19017034,636.152,18.815,-8.825,15.575,-5.791,7
2026-03-22 07:22:58,32.10305486,35.19045664,642.233,22.024,-9.39,19.686,-3.061,5
2026-03-22 07:22:59,32.10300996,35.19064493,653.986,21.305,-5.612,20.527,-1.026,5
2026-03-22 07:23:00,32.10301571,35.19094017,623.177,24.963,-18.434,15.332,-6.948,5
2026-03-22 07:23:01,32.10294161,35.19112908,640.575,21.631,-8.926,19.433,-3.255,5
2026-03-22 07:23:02,32.10286533,35.19137587,606.934,26.02,-18.572,13.742,-11.971,6
2026-03-22 07:23:03,32.10290074,35.19152146,628.212,18.813,-9.101,16.412,-1.329,6
2026-03-22 07:23:04,32.10285579,35.19173228,624.667,19.456,-10.164,16.271,-3.24,7
2026-03-22 07:23:05,32.10277861,35.19192138,622.223,19.459,-9.403,16.169,-5.364,7
2026-03-22 07:23:06,32.10277748,35.19207912,654.371,21.166,-0.15,20.862,3.573,6
2026-03-22 07:23:07,32.1026669,35.19226833,633.108,18.783,-7.965,15.706,-6.531,7
2026-03-22 07:23:08,32.10267747,35.19249775,617.467,20.702,-14.306,13.305,-6.847,6
2026-03-22 07:23:09,32.10259169,35.19269394,615.993,20.387,-11.609,14.914,-7.645,7
2026-03-22 07:23:10,32.10252735,35.19296315,625.436,22.458,-8.969,19.974,-4.997,6
2026-03-22 07:23:11,32.10244822,35.19311985,626.744,20.237,-6.905,18.15,-5.694,7
2026-03-22 07:23:12,32.10233405,35.19340191,624.562,23.905,-8.686,20.719,-8.17,7
2026-03-22 07:23:13,32.10234344,35.19351258,625.315,18.128,-7.592,15.866,-4.389,7
2026-03-22 07:23:14,32.10227995,35.19363931,648.713,18.866,0.389,18.862,-0.046,7
2026-03-22 07:23:15,32.10206788,35.19390119,627.34,23.202,-7.298,18.106,-12.54,7
2026-03-22 07:23:16,32.10208251,35.19405411,609.045,20.686,-13.055,11.81,-10.863,5
2026-03-22 07:23:21,32.10182886,35.19553278,452.807,0.0,0.0,0.0,0.0,4
2026-03-22 07:23:27,32.1013644,35.19579038,611.574,0.0,0.0,0.0,0.0,6
2026-03-22 07:23:28,32.10124561,35.19558007,644.028,16.105,15.852,1.463,2.435,6
2026-03-22 07:23:29,32.1012516,35.19558376,662.449,16.11,14.416,4.508,5.602,7
2026-03-22 07:23:30,32.10117374,35.19584288,629.788,9.583,-4.534,5.379,-6.508,5
2026-03-22 07:23:31,32.10126546,35.19583375,665.582,12.581,5.623,8.69,7.151,6
2026-03-22 07:23:32,32.10130952,35.19608573,633.432,13.373,-11.861,6.112,-0.888,6
2026-03-22 07:23:33,32.10116729,35.19594934,656.06,7.648,4.857,5.81,-1.067,6
2026-03-22 07:23:34,32.1011332,35.19623398,645.794,12.72,-5.466,10.727,-4.104,6
2026-03-22 07:23:35,32.10116732,35.19623123,671.534,12.17,3.25,10.915,4.292,6
2026-03-22 07:23:36,32.10122268,35.19648591,640.222,15.444,-13.329,7.54,-2.001,6
2026-03-22 07:23:37,32.10116902,35.19643208,687.94,16.424,7.421,12.911,6.927,7
2026-03-22 07:23:38,32.10119318,35.19672751,669.541,15.021,-7.537,12.941,1.153,7
2026-03-22 07:23:39,32.10112777,35.19697013,640.609,21.136,-16.554,10.489,-7.916,6
2026-03-22 07:23:40,32.10120689,35.19708716,659.36,15.446,-8.812,12.492,2.209,6
2026-03-22 07:23:41,32.10118047,35.19720401,643.724,14.675,-11.651,8.406,-2.991,7
2026-03-22 07:23:42,32.10123236,35.19735813,661.438,14.643,-6.439,12.554,3.921,7
2026-03-22 07:23:43,32.1012819,35.19764287,641.543,20.281,-16.524,11.759,-0.015,5
2026-03-22 07:23:44,32.10137995,35.19764289,674.134,16.319,-2.779,12.089,10.603,6
2026-03-22 07:23:45,32.10136324,35.19805243,615.596,28.653,-26.468,8.684,-6.709,6
2026-03-22 07:23:46,32.1014465,35.19815893,615.173,21.232,-19.919,7.283,-0.987,5
2026-03-22 07:23:47,32.10150531,35.19826462,643.178,16.336,-7.631,12.301,7.571,6
2026-03-22 07:23:48,32.1015486,35.19847274,643.658,17.682,-9.809,13.308,6.271,5
2026-03-22 07:23:49,32.10163348,35.19860681,641.178,16.582,-11.125,10.484,6.425,6
2026-03-22 07:23:50,32.10173456,35.19890747,613.031,24.608,-22.96,8.696,1.67,6
2026-03-22 07:23:51,32.10170806,35.1989428,656.471,17.861,-2.006,15.152,9.24,6
2026-03-22 07:23:52,32.10189305,35.19917294,628.119,20.465,-17.627,8.141,6.469,5
2026-03-22 07:23:53,32.10182996,35.19934791,652.365,18.389,-6.456,15.876,6.665,5
2026-03-22 07:23:54,32.10195627,35.19940074,663.892,16.739,-4.265,11.691,11.196,6
2026-03-22 07:24:24,32.10297098,35.20369263,680.378,15.049,-6.172,11.076,8.105,7
2026-03-22 07:24:25,32.10293295,35.20382522,696.145,15.928,-1.492,14.333,6.786,7
2026-03-22 07:24:26,32.10298463,35.20392767,718.998,19.079,2.207,15.522,10.871,7
2026-03-22 07:24:27,32.10290747,35.20418493,719.024,18.867,-2.782,18.305,3.629,7
2026-03-22 07:24:28,32.10297634,35.20429672,714.511,14.772,-6.679,12.614,3.806,7
2026-03-22 07:24:29,32.10279415,35.20453498,727.748,20.159,-2.02,19.981,-1.749,7
2026-03-22 07:24:30,32.10270707,35.20474515,718.177,20.062,-6.759,17.787,-6.356,7
2026-03-22 07:24:31,32.10272047,35.20495526,729.661,20.065,-5.708,19.216,-0.869,7
2026-03-22 07:24:32,32.10280083,35.20511458,724.561,17.47,-9.853,14.357,1.414,7
2026-03-22 07:24:33,32.10280853,35.2051733,712.648,13.379,-10.637,7.994,-1.395,6
2026-03-22 07:24:34,32.10270792,35.20531053,726.546,13.695,-3.583,13.113,-1.663,6
2026-03-22 07:24:35,32.102609,35.20565694,742.028,23.233,-3.499,22.924,-1.424,5
2026-03-22 07:24:36,32.10254107,35.20585671,715.272,21.999,-12.547,15.614,-9.095,6
2026-03-22 07:24:37,32.10250788,35.2061301,708.453,23.87,-14.729,16.922,-8.153,7
2026-03-22 07:24:38,32.10261545,35.20619623,722.7,16.063,-8.404,13.515,2.179,7
2026-03-22 07:24:39,32.10249142,35.20645005,729.41,20.056,-6.321,18.936,-1.927,5
2026-03-22 07:24:40,32.10251012,35.20647041,760.716,19.332,4.071,17.852,6.201,5
2026-03-22 07:24:41,32.1024651,35.20663066,766.87,17.85,1.525,17.469,3.337,4
2026-03-22 07:24:42,32.10240074,35.20693405,683.483,33.271,-27.536,4.427,-18.142,4
2026-03-22 07:24:43,32.10237976,35.20733384,615.967,50.745,-43.513,2.086,-26.026,4
2026-03-22 07:24:44,32.10239758,35.20720805,697.482,13.318,-1.145,13.053,2.382,5
2026-03-22 07:24:45,32.10252913,35.20718813,705.36,10.662,-0.606,6.968,8.047,6
2026-03-22 07:24:46,32.10226866,35.20733456,695.167,12.555,-1.356,10.247,-7.126,6
2026-03-22 07:24:47,32.10211297,35.20752342,622.206,33.864,-22.126,-0.162,-25.636,7
2026-03-22 07:24:48,32.10225341,35.20755998,721.007,23.876,10.577,18.423,10.899,6
2026-03-22 07:24:49,32.10231572,35.20757717,687.795,6.398,-4.423,4.249,1.82,7
2026-03-22 07:24:50,32.10230286,35.20759725,712.678,10.885,4.046,8.205,5.899,7
2026-03-22 07:24:51,32.10217238,35.20766391,723.935,12.832,6.606,10.952,1.029,7
2026-03-22 07:24:52,32.10219068,35.20787304,710.085,11.264,-4.776,10.069,-1.639,5
2026-03-22 07:24:53,32.1021807,35.20804672,683.229,16.805,-13.89,6.289,-7.067,6
2026-03-22 07:24:54,32.10207374,35.20809599,710.719,12.359,0.265,12.118,-2.416,7
2026-03-22 07:24:55,32.10206012,35.20831187,668.871,20.121,-15.865,5.94,-10.857,6
2026-03-22 07:24:56,32.10203815,35.20844652,671.836,15.636,-11.206,8.596,-6.71,7
2026-03-22 07:24:57,32.10206345,35.20834089,708.033,11.039,5.11,8.627,4.619,8
2026-03-22 07:24:58,32.10205325,35.20859341,692.749,12.04,-6.466,10.119,-0.861,8
2026-03-22 07:24:59,32.10191251,35.20875288,699.058,15.105,-2.894,14.137,-4.464,7
2026-03-22 07:25:00,32.10186886,35.20885922,691.951,13.457,-5.178,10.968,-5.83,7
2026-03-22 07:25:01,32.10178528,35.20912181,666.746,21.54,-14.192,10.894,-11.996,6
2026-03-22 07:25:02,32.10169264,35.20908162,689.794,12.489,0.525,11.059,-5.779,7
2026-03-22 07:25:03,32.10163289,35.20918703,698.947,13.154,1.705,12.487,-3.767,7
2026-03-22 07:25:04,32.10155275,35.20925707,707.404,13.31,3.383,12.395,-3.474,7
2026-03-22 07:25:05,32.10134849,35.20934931,700.574,16.354,2.065,11.725,-11.212,7
2026-03-22 07:25:06,32.10132761,35.20944985,697.622,12.845,-1.365,9.843,-8.139,6
2026-03-22 07:25:07,32.10119093,35.20956003,722.012,17.752,6.167,15.928,-4.835,6
2026-03-22 07:25:08,32.10111546,35.2096134,701.487,13.131,-1.69,8.219,-10.1,7
2026-03-22 07:25:09,32.10109981,35.20972889,699.544,11.549,-3.765,8.328,-7.061,7
2026-03-22 07:25:10,32.10103829,35.20971962,690.678,9.836,-3.327,3.815,-8.433,7
2026-03-22 07:25:11,32.10100847,35.2097342,717.088,10.016,5.573,8.304,-0.567,8
2026-03-22 07:25:12,32.10095279,35.20975606,694.874,7.769,-2.21,2.073,-7.154,7
2026-03-22 07:25:13,32.10088838,35.20989482,694.104,9.868,-3.319,6.25,-6.877,7
2026-03-22 07:25:14,32.10094016,35.20996839,685.195,8.899,-7.057,3.576,-4.074,7
2026-03-22 07:25:15,32.10096418,35.20985797,724.485,12.535,8.585,6.088,6.81,8
2026-03-22 07:25:16,32.10098014,35.21009574,692.12,10.534,-9.294,4.448,-2.194,7
2026-03-22 07:25:17,32.10098737,35.2098896,745.86,18.414,13.651,6.71,10.379,7
2026-03-22 07:25:18,32.10115211,35.20995406,748.31,14.281,4.292,4.254,12.939,8
2026-03-22 07:25:19,32.10108133,35.21001409,744.63,6.548,1.613,4.648,4.321,8
2026-03-22 07:25:20,32.10112277,35.21013451,729.792,7.299,-6.56,3.041,0.996,8
2026-03-22 07:25:21,32.1010465,35.21006925,737.258,2.613,1.021,2.307,-0.682,9
2026-03-22 07:25:22,32.10122502,35.21020651,766.36,15.484,2.243,8.878,12.486,9
2026-03-22 07:25:23,32.10129959,35.21024989,760.636,10.479,-2.62,4.533,9.077,9
2026-03-22 07:25:24,32.10142032,35.21038455,752.664,12.801,-9.036,3.676,8.288,9
2026-03-22 07:25:25,32.10139991,35.21047369,723.035,15.326,-15.172,-0.556,-2.092,9
2026-03-22 07:25:26,32.101538,35.21040224,781.196,18.671,5.894,6.948,16.297,8
2026-03-22 07:25:27,32.10172752,35.21045204,774.423,15.866,-3.073,1.806,15.461,7
2026-03-22 07:25:28,32.10180095,35.21046215,769.582,12.027,-4.818,-0.548,11.006,7
2026-03-22 07:25:29,32.10194399,35.21050508,779.803,14.678,-3.751,1.048,14.152,8
2026-03-22 07:25:30,32.10192353,35.21060978,760.93,10.08,-9.361,0.45,3.71,9
2026-03-22 07:25:31,32.1019441,35.21067015,738.571,13.861,-13.517,-2.516,-1.754,9
2026-03-22 07:25:32,32.10211126,35.21066892,751.983,11.151,-7.59,-1.199,8.08,9
2026-03-22 07:25:33,32.10213863,35.21082629,785.013,16.466,0.637,10.217,12.898,8
2026-03-22 07:25:34,32.1021609,35.21096799,771.902,11.728,-6.762,7.637,5.789,8
2026-03-22 07:25:35,32.10237103,35.21076797,751.954,14.366,-9.272,-8.342,7.129,7
2026-03-22 07:25:36,32.10244833,35.21101174,779.93,15.547,-4.615,6.93,13.129,8
2026-03-22 07:25:37,32.10261252,35.21088121,773.771,14.006,-4.794,-3.304,12.738,9
2026-03-22 07:25:38,32.10273704,35.21087535,770.081,13.861,-6.169,-4.577,11.538,8
2026-03-22 07:25:39,32.1026136,35.21102395,725.681,19.02,-16.851,-5.158,-7.154,7
2026-03-22 07:25:40,32.10270367,35.21111371,724.673,14.231,-14.079,-1.747,-1.122,7
2026-03-22 07:25:41,32.10272172,35.2111529,713.113,13.288,-12.848,-2.343,-2.452,8
2026-03-22 07:25:42,32.1028268,35.2112267,723.218,9.817,-8.543,1.417,4.625,8
2026-03-22 07:25:43,32.10295882,35.21130635,746.337,14.332,-3.002,6.03,12.651,8
2026-03-22 07:25:44,32.10301255,35.21146772,747.42,14.095,-6.05,8.077,9.84,8
2026-03-22 07:25:45,32.103268,35.21142501,775.952,22.293,0.278,5.631,21.569,9
2026-03-22 07:25:46,32.10333682,35.21153592,779.187,17.672,-2.678,6.497,16.215,7
2026-03-22 07:25:47,32.10319761,35.21177282,776.862,14.08,-4.727,12.644,4.003,7
2026-03-22 07:25:48,32.10330166,35.21189885,775.573,13.99,-7.941,9.809,6.038,7
2026-03-22 07:25:49,32.10338946,35.21192323,772.951,11.149,-7.712,4.931,6.365,9
2026-03-22 07:25:50,32.10356687,35.21192542,764.376,13.628,-10.466,-1.06,8.663,9
2026-03-22 07:25:51,32.10355863,35.21210904,766.623,12.252,-9.497,5.58,5.365,8
2026-03-22 07:25:52,32.10356656,35.21224882,713.865,24.881,-23.499,-2.756,-7.698,7
2026-03-22 07:25:53,32.10362585,35.21224083,712.457,15.971,-15.458,-2.981,-2.69,7
2026-03-22 07:25:54,32.10360188,35.21244635,708.184,15.409,-14.47,4.043,-3.423,7
2026-03-22 07:25:55,32.10372303,35.21246637,721.822,10.225,-7.676,4.061,5.398,7
2026-03-22 07:25:56,32.1037822,35.21256798,722.567,10.761,-7.751,4.912,5.62,7
2026-03-22 07:25:57,32.10389974,35.2127132,704.498,15.756,-15.079,2.299,3.948,7
2026-03-22 07:25:58,32.10394407,35.21272894,710.899,10.353,-8.472,2.513,5.395,6
2026-03-22 07:25:59,32.10404119,35.21293691,682.927,19.282,-19.225,1.138,0.941,8
2026-03-22 07:26:00,32.10422212,35.21277676,730.913,17.85,1.751,2.658,17.564,6
2026-03-22 07:26:01,32.10443431,35.21326003,767.843,33.766,-3.335,20.834,26.362,6
2026-03-22 07:26:02,32.10427115,35.21294271,745.582,5.333,1.888,0.58,4.954,5
2026-03-22 07:26:03,32.10427653,35.21309117,774.079,15.04,5.685,10.422,9.233,6
2026-03-22 07:26:04,32.10434236,35.21312645,788.448,15.388,5.353,9.254,11.068,6
2026-03-22 07:26:05,32.10447566,35.21370389,789.553,27.391,-11.622,21.77,11.885,5
2026-03-22 07:26:06,32.10463088,35.21387798,784.753,24.633,-15.083,15.385,11.943,6
2026-03-22 07:26:07,32.10468727,35.21394266,784.896,18.141,-11.504,10.487,9.315,4
2026-03-22 07:26:08,32.1046458,35.21367775,786.352,4.462,0.067,-1.031,4.34,4
2026-03-22 07:26:10,32.10448874,35.2132906,775.798,7.979,4.307,-6.554,-1.468,4
2026-03-22 07:26:11,32.10471459,35.21356677,788.805,11.894,-4.179,4.058,10.371,5
2026-03-22 07:26:26,32.10507814,35.21180567,834.432,7.846,0.424,-0.922,7.78,7
2026-03-22 07:26:27,32.10488086,35.21202066,718.239,44.977,-32.792,-13.94,-27.447,6
2026-03-22 07:26:35,32.10517338,35.21183388,714.408,0.0,0.0,0.0,0.0,7
2026-03-22 07:26:36,32.10507974,35.21184674,705.215,5.569,-1.021,-0.127,-5.473,6
2026-03-22 07:26:37,32.10510196,35.21183996,718.52,3.461,2.79,2.012,0.38,6
2026-03-22 07:26:38,32.10501995,35.21191976,722.544,6.476,2.63,5.57,-1.998,6
2026-03-22 07:26:40,32.10492905,35.21178732,702.309,5.175,1.095,-0.059,-5.058,6
2026-03-22 07:26:41,32.10493449,35.21176241,724.128,8.101,7.134,3.385,1.808,6
2026-03-22 07:26:42,32.10487417,35.2117065,716.573,5.363,4.568,-0.35,-2.788,5
2026-03-22 07:26:43,32.10483393,35.21161314,739.99,12.333,12.031,2.032,1.793,5
2026-03-22 07:26:44,32.10481719,35.21163206,709.859,7.2,-1.212,-3.856,-5.958,5
2026-03-22 07:26:45,32.10480029,35.21154679,700.006,9.244,-1.273,-6.64,-6.305,5
2026-03-22 07:26:46,32.10472229,35.21174743,719.957,7.812,1.894,7.164,-2.473,5
2026-03-22 07:26:47,32.10471145,35.21166443,718.822,3.92,2.838,1.664,-2.132,5
2026-03-22 07:26:48,32.10472189,35.21156783,729.158,6.598,6.466,-0.105,1.31,5
2026-03-22 07:26:50,32.10465913,35.21150005,693.711,0.0,0.0,0.0,0.0,5
2026-03-22 07:26:57,32.10422068,35.21153536,741.472,0.0,0.0,0.0,0.0,5
2026-03-22 07:27:05,32.10394972,35.21071511,728.427,0.0,0.0,0.0,0.0,5
2026-03-22 07:27:24,32.10283509,35.20977601,692.154,0.0,0.0,0.0,0.0,5
2026-03-22 07:27:26,32.10274259,35.20967419,695.886,2.909,2.516,-0.578,-1.341,5
