<?xml version="1.0" encoding="UTF-8"?>
<kml xmlns="http://www.opengis.net/kml/2.2" xmlns:gx="http://www.google.com/kml/ext/2.2">
    <Document id="1">
        <Placemark id="3">
            <name/>
            <Point id="2">
                <coordinates>34.92500344061234,32.29669390182715,-3922.4469025293733</coordinates>
            </Point>
        </Placemark>
        <Placemark id="5">
            <name/>
            <Point id="4">
                <coordinates>34.73793326968336,32.125490039407765,3594.9423811056568</coordinates>
            </Point>
        </Placemark>
        <Placemark id="7">
            <name/>
            <Point id="6">
                <coordinates>34.737926409982606,32.125418866579686,3599.885030369287</coordinates>
            </Point>
        </Placemark>
        <Placemark id="9">
            <name/>
            <Point id="8">
                <coordinates>34.73794305123473,32.125521795931284,3602.9881461244563</coordinates>
            </Point>
        </Placemark>
        <Placemark id="11">
            <name/>
            <Point id="10">
                <coordinates>34.73774569688342,32.12572866972527,3562.644348595264</coordinates>
            </Point>
        </Placemark>
        <Placemark id="13">
            <name/>
            <Point id="12">
                <coordinates>34.73792610941893,32.12540351523227,3648.1493001091667</coordinates>
            </Point>
        </Placemark>
        <Placemark id="15">
            <name/>
            <Point id="14">
                <coordinates>34.73794485996349,32.12540879113696,3640.1807471392326</coordinates>
            </Point>
        </Placemark>
        <Placemark id="17">
            <name/>
            <Point id="16">
                <coordinates>34.73794114025808,32.12538933521969,3622.760338540537</coordinates>
            </Point>
        </Placemark>
        <Placemark id="19">
            <name/>
            <Point id="18">
                <coordinates>34.73780514386866,32.12544355436879,3634.3828185902216</coordinates>
            </Point>
        </Placemark>
        <Placemark id="21">
            <name/>
            <Point id="20">
                <coordinates>34.73784736600901,32.12541158799555,3634.963476963051</coordinates>
            </Point>
        </Placemark>
        <Placemark id="23">
            <name/>
            <Point id="22">
                <coordinates>34.737857308853734,32.12539378303654,3633.870677367216</coordinates>
            </Point>
        </Placemark>
        <Placemark id="25">
            <name/>
            <Point id="24">
                <coordinates>34.758874768834076,32.25412041150748,4773.111905412731</coordinates>
            </Point>
        </Placemark>
        <Placemark id="27">
            <name/>
            <Point id="26">
                <coordinates>34.73785738133284,32.125503550189656,3629.619007682163</coordinates>
            </Point>
        </Placemark>
        <Placemark id="29">
            <name/>
            <Point id="28">
                <coordinates>34.73757269550304,32.12541676266775,3727.1073765671854</coordinates>
            </Point>
        </Placemark>
        <Placemark id="31">
            <name/>
            <Point id="30">
                <coordinates>34.73748042480905,32.12549844073159,3703.907123559929</coordinates>
            </Point>
        </Placemark>
        <Placemark id="33">
            <name/>
            <Point id="32">
                <coordinates>34.737518450452164,32.12526240460174,3763.270454049551</coordinates>
            </Point>
        </Placemark>
        <Placemark id="35">
            <name/>
            <Point id="34">
                <coordinates>34.73765390569643,32.12510393922262,3786.968790928312</coordinates>
            </Point>
        </Placemark>
        <Placemark id="37">
            <name/>
            <Point id="36">
                <coordinates>34.73751944201739,32.12536524478954,3741.195480980839</coordinates>
            </Point>
        </Placemark>
        <Placemark id="39">
            <name/>
            <Point id="38">
                <coordinates>34.73749580458007,32.12525074676786,3746.154890931172</coordinates>
            </Point>
        </Placemark>
        <Placemark id="41">
            <name/>
            <Point id="40">
                <coordinates>34.737482987811816,32.125351318114504,3748.012854266184</coordinates>
            </Point>
        </Placemark>
        <Placemark id="43">
            <name/>
            <Point id="42">
                <coordinates>34.73746505701881,32.12531766492001,3750.8656747711148</coordinates>
            </Point>
        </Placemark>
        <Placemark id="45">
            <name/>
            <Point id="44">
                <coordinates>34.73740930524278,32.12523548811769,3777.8921681175793</coordinates>
            </Point>
        </Placemark>
        <Placemark id="47">
            <name/>
            <Point id="46">
                <coordinates>34.73742705703557,32.12520903462067,3754.1203379831486</coordinates>
            </Point>
        </Placemark>
        <Placemark id="49">
            <name/>
            <Point id="48">
                <coordinates>34.73730000476234,32.12528296153441,3780.022082920579</coordinates>
            </Point>
        </Placemark>
        <Placemark id="51">
            <name/>
            <Point id="50">
                <coordinates>34.73717980141077,32.1253430761741,3761.4243039467838</coordinates>
            </Point>
        </Placemark>
        <Placemark id="53">
            <name/>
            <Point id="52">
                <coordinates>34.73724489128752,32.125361419715176,3774.5682890825115</coordinates>
            </Point>
        </Placemark>
        <Placemark id="55">
            <name/>
            <Point id="54">
                <coordinates>34.73714880776168,32.125271664681826,3787.004304147947</coordinates>
            </Point>
        </Placemark>
        <Placemark id="57">
            <name/>
            <Point id="56">
                <coordinates>34.737053265635204,32.125295438915614,3792.6220564978203</coordinates>
            </Point>
        </Placemark>
        <Placemark id="59">
            <name/>
            <Point id="58">
                <coordinates>34.73712527543757,32.1252874801749,3780.9004292967616</coordinates>
            </Point>
        </Placemark>
        <Placemark id="61">
            <name/>
            <Point id="60">
                <coordinates>34.73695234532749,32.125251422335445,3810.4009436865726</coordinates>
            </Point>
        </Placemark>
        <Placemark id="63">
            <name/>
            <Point id="62">
                <coordinates>34.73686471114178,32.12527085542639,3808.2199174088837</coordinates>
            </Point>
        </Placemark>
        <Placemark id="65">
            <name/>
            <Point id="64">
                <coordinates>34.7368524267131,32.1252639674,3819.2756201660336</coordinates>
            </Point>
        </Placemark>
        <Placemark id="67">
            <name/>
            <Point id="66">
                <coordinates>34.73680413024591,32.12528340699349,3820.0894943812054</coordinates>
            </Point>
        </Placemark>
        <Placemark id="69">
            <name/>
            <Point id="68">
                <coordinates>34.73675378290252,32.12528316598806,3803.777165261839</coordinates>
            </Point>
        </Placemark>
        <Placemark id="71">
            <name/>
            <Point id="70">
                <coordinates>34.736708765645986,32.12520902187647,3825.793466253749</coordinates>
            </Point>
        </Placemark>
        <Placemark id="73">
            <name/>
            <Point id="72">
                <coordinates>34.73661719339551,32.12511748630109,3855.2144404123856</coordinates>
            </Point>
        </Placemark>
        <Placemark id="75">
            <name/>
            <Point id="74">
                <coordinates>34.7364811333826,32.125267249493824,3853.702973572949</coordinates>
            </Point>
        </Placemark>
        <Placemark id="77">
            <name/>
            <Point id="76">
                <coordinates>34.72766981360335,32.2413664759273,-3441.8174978728425</coordinates>
            </Point>
        </Placemark>
        <Placemark id="79">
            <name/>
            <Point id="78">
                <coordinates>34.736420043217755,32.12515288065003,3840.573466383616</coordinates>
            </Point>
        </Placemark>
        <Placemark id="81">
            <name/>
            <Point id="80">
                <coordinates>34.72258309358606,32.15403222181307,-1483.3188709154701</coordinates>
            </Point>
        </Placemark>
        <Placemark id="83">
            <name/>
            <Point id="82">
                <coordinates>34.73639449494867,32.125046450290306,3800.7728861254636</coordinates>
            </Point>
        </Placemark>
        <Placemark id="85">
            <name/>
            <Point id="84">
                <coordinates>34.73623494241122,32.12508869242387,3867.4983668109817</coordinates>
            </Point>
        </Placemark>
        <Placemark id="87">
            <name/>
            <Point id="86">
                <coordinates>34.73622131656653,32.12516690681438,3854.9742498316123</coordinates>
            </Point>
        </Placemark>
        <Placemark id="89">
            <name/>
            <Point id="88">
                <coordinates>34.735844359424114,32.125200673914726,3872.6394840471726</coordinates>
            </Point>
        </Placemark>
        <Placemark id="91">
            <name/>
            <Point id="90">
                <coordinates>34.722063000254366,32.154109026196785,-1462.844409615375</coordinates>
            </Point>
        </Placemark>
        <Placemark id="93">
            <name/>
            <Point id="92">
                <coordinates>34.72204238078249,32.15420181992441,-1489.6625725527606</coordinates>
            </Point>
        </Placemark>
        <Placemark id="95">
            <name/>
            <Point id="94">
                <coordinates>34.722009726521385,32.15415419198394,-1480.9348738533738</coordinates>
            </Point>
        </Placemark>
        <Placemark id="97">
            <name/>
            <Point id="96">
                <coordinates>34.7219728503789,32.15416124168817,-1490.9311217242516</coordinates>
            </Point>
        </Placemark>
        <Placemark id="99">
            <name/>
            <Point id="98">
                <coordinates>34.73584966040597,32.12504777632877,3877.518626225603</coordinates>
            </Point>
        </Placemark>
        <Placemark id="101">
            <name/>
            <Point id="100">
                <coordinates>34.735633769881446,32.12502197457286,3892.49543275125</coordinates>
            </Point>
        </Placemark>
        <Placemark id="103">
            <name/>
            <Point id="102">
                <coordinates>34.73567184742662,32.1248448506216,3924.1136934100205</coordinates>
            </Point>
        </Placemark>
        <Placemark id="105">
            <name/>
            <Point id="104">
                <coordinates>34.73533669590994,32.125076078034105,3922.9504984304976</coordinates>
            </Point>
        </Placemark>
        <Placemark id="107">
            <name/>
            <Point id="106">
                <coordinates>34.72134384973339,32.154127354133614,-1446.0500106726088</coordinates>
            </Point>
        </Placemark>
        <Placemark id="109">
            <name/>
            <Point id="108">
                <coordinates>34.73541384582756,32.12480287856722,3907.2789670126404</coordinates>
            </Point>
        </Placemark>
        <Placemark id="111">
            <name/>
            <Point id="110">
                <coordinates>34.72118291052049,32.154164486950144,-1456.9880863478918</coordinates>
            </Point>
        </Placemark>
        <Placemark id="113">
            <name/>
            <Point id="112">
                <coordinates>34.721130608358855,32.15415389306068,-1453.097119178683</coordinates>
            </Point>
        </Placemark>
        <Placemark id="115">
            <name/>
            <Point id="114">
                <coordinates>34.721013341726064,32.15418840532494,-1467.7925819784577</coordinates>
            </Point>
        </Placemark>
        <Placemark id="117">
            <name/>
            <Point id="116">
                <coordinates>34.73494960484919,32.124909184582314,3946.7952325325855</coordinates>
            </Point>
        </Placemark>
        <Placemark id="119">
            <name/>
            <Point id="118">
                <coordinates>34.73499534526864,32.124815532511505,3960.098278584926</coordinates>
            </Point>
        </Placemark>
        <Placemark id="121">
            <name/>
            <Point id="120">
                <coordinates>34.72067060036601,32.154093490412976,-1411.5964571579345</coordinates>
            </Point>
        </Placemark>
        <Placemark id="123">
            <name/>
            <Point id="122">
                <coordinates>34.72057464336296,32.15410144099522,-1399.0827665094298</coordinates>
            </Point>
        </Placemark>
        <Placemark id="125">
            <name/>
            <Point id="124">
                <coordinates>34.73453456193124,32.1248440804207,3970.8603968191687</coordinates>
            </Point>
        </Placemark>
        <Placemark id="127">
            <name/>
            <Point id="126">
                <coordinates>34.73456081959233,32.12488207588331,3977.110657399389</coordinates>
            </Point>
        </Placemark>
        <Placemark id="129">
            <name/>
            <Point id="128">
                <coordinates>34.73434530893941,32.1250052473169,3964.8539867800264</coordinates>
            </Point>
        </Placemark>
        <Placemark id="131">
            <name/>
            <Point id="130">
                <coordinates>34.734284899349184,32.1248482153408,3990.8354032884527</coordinates>
            </Point>
        </Placemark>
        <Placemark id="133">
            <name/>
            <Point id="132">
                <coordinates>34.734437246320006,32.12467823151795,4015.834706079965</coordinates>
            </Point>
        </Placemark>
        <Placemark id="135">
            <name/>
            <Point id="134">
                <coordinates>34.73447708802188,32.12486042690818,3958.96221970033</coordinates>
            </Point>
        </Placemark>
        <Placemark id="137">
            <name/>
            <Point id="136">
                <coordinates>34.73458050221986,32.12460869386556,3991.238672939474</coordinates>
            </Point>
        </Placemark>
        <Placemark id="139">
            <name/>
            <Point id="138">
                <coordinates>34.734381003683794,32.1248188502795,3964.484552498397</coordinates>
            </Point>
        </Placemark>
        <Placemark id="141">
            <name/>
            <Point id="140">
                <coordinates>34.72017086230453,32.15393171850896,-1362.9221573042064</coordinates>
            </Point>
        </Placemark>
        <Placemark id="143">
            <name/>
            <Point id="142">
                <coordinates>34.72015721058524,32.15395346169833,-1382.574525051757</coordinates>
            </Point>
        </Placemark>
        <Placemark id="145">
            <name/>
            <Point id="144">
                <coordinates>34.7200503450578,32.15394615079915,-1383.1158448062827</coordinates>
            </Point>
        </Placemark>
        <Placemark id="147">
            <name/>
            <Point id="146">
                <coordinates>34.7343643069927,32.124417759338726,4010.5401735864243</coordinates>
            </Point>
        </Placemark>
        <Placemark id="149">
            <name/>
            <Point id="148">
                <coordinates>34.73436786883862,32.12425816007835,4045.8683799668356</coordinates>
            </Point>
        </Placemark>
        <Placemark id="151">
            <name/>
            <Point id="150">
                <coordinates>34.73429733578089,32.124236657229,4041.8823373024097</coordinates>
            </Point>
        </Placemark>
        <Placemark id="153">
            <name/>
            <Point id="152">
                <coordinates>34.71988086026817,32.15380609172087,-1373.7248388880207</coordinates>
            </Point>
        </Placemark>
        <Placemark id="155">
            <name/>
            <Point id="154">
                <coordinates>34.73428944309025,32.12418713789894,4043.8977943314</coordinates>
            </Point>
        </Placemark>
        <Placemark id="157">
            <name/>
            <Point id="156">
                <coordinates>34.73427076551249,32.12383223801658,4088.1064291833777</coordinates>
            </Point>
        </Placemark>
        <Placemark id="159">
            <name/>
            <Point id="158">
                <coordinates>34.71970695901322,32.15372124174083,-1376.9724740727559</coordinates>
            </Point>
        </Placemark>
        <Placemark id="161">
            <name/>
            <Point id="160">
                <coordinates>34.734184114057236,32.12366421398715,4121.969276141024</coordinates>
            </Point>
        </Placemark>
        <Placemark id="163">
            <name/>
            <Point id="162">
                <coordinates>34.6951078964741,32.208343561531066,9062.731426786437</coordinates>
            </Point>
        </Placemark>
        <Placemark id="165">
            <name/>
            <Point id="164">
                <coordinates>34.73383239972593,32.12367729062412,4080.3398885356296</coordinates>
            </Point>
        </Placemark>
        <Placemark id="167">
            <name/>
            <Point id="166">
                <coordinates>34.733730655540576,32.123755897968245,4064.5492310221766</coordinates>
            </Point>
        </Placemark>
        <Placemark id="169">
            <name/>
            <Point id="168">
                <coordinates>34.71910257661432,32.153608398235,-1392.9518571042624</coordinates>
            </Point>
        </Placemark>
        <Placemark id="171">
            <name/>
            <Point id="170">
                <coordinates>34.71900857214137,32.153350947573266,-1362.7791765081604</coordinates>
            </Point>
        </Placemark>
        <Placemark id="173">
            <name/>
            <Point id="172">
                <coordinates>34.71892826823522,32.153265559600406,-1360.2273444394525</coordinates>
            </Point>
        </Placemark>
        <Placemark id="175">
            <name/>
            <Point id="174">
                <coordinates>34.71897283281619,32.153231298635134,-1345.65953295836</coordinates>
            </Point>
        </Placemark>
        <Placemark id="177">
            <name/>
            <Point id="176">
                <coordinates>34.71896839884129,32.15327004840405,-1363.2652375227453</coordinates>
            </Point>
        </Placemark>
        <Placemark id="179">
            <name/>
            <Point id="178">
                <coordinates>34.718853550054206,32.15299987435076,-1311.7510334046667</coordinates>
            </Point>
        </Placemark>
        <Placemark id="181">
            <name/>
            <Point id="180">
                <coordinates>34.67903150628111,32.14743481116661,4485.776321693126</coordinates>
            </Point>
        </Placemark>
        <Placemark id="183">
            <name/>
            <Point id="182">
                <coordinates>34.71857154768493,32.15315353098243,-1345.4952493050125</coordinates>
            </Point>
        </Placemark>
        <Placemark id="185">
            <name/>
            <Point id="184">
                <coordinates>34.718602038618414,32.15305524345538,-1342.5445827591661</coordinates>
            </Point>
        </Placemark>
        <Placemark id="187">
            <name/>
            <Point id="186">
                <coordinates>34.71832092142654,32.15313319759488,-1343.5321214523829</coordinates>
            </Point>
        </Placemark>
        <Placemark id="189">
            <name/>
            <Point id="188">
                <coordinates>34.71836275106444,32.153071038886935,-1346.5494331464463</coordinates>
            </Point>
        </Placemark>
        <Placemark id="191">
            <name/>
            <Point id="190">
                <coordinates>34.718269576955386,32.15302103817896,-1345.09446681538</coordinates>
            </Point>
        </Placemark>
        <Placemark id="193">
            <name/>
            <Point id="192">
                <coordinates>34.72264914615849,32.24041438168842,-3147.5717276045493</coordinates>
            </Point>
        </Placemark>
        <Placemark id="195">
            <name/>
            <Point id="194">
                <coordinates>34.72242594634969,32.240419520097255,-3131.8556792322747</coordinates>
            </Point>
        </Placemark>
        <Placemark id="197">
            <name/>
            <Point id="196">
                <coordinates>34.72245685492338,32.240387829809286,-3130.638281123302</coordinates>
            </Point>
        </Placemark>
        <Placemark id="199">
            <name/>
            <Point id="198">
                <coordinates>34.72239736534673,32.24039960247728,-3128.7873135581235</coordinates>
            </Point>
        </Placemark>
        <Placemark id="201">
            <name/>
            <Point id="200">
                <coordinates>34.722349411237445,32.24036576655011,-3129.4665942901956</coordinates>
            </Point>
        </Placemark>
        <Placemark id="203">
            <name/>
            <Point id="202">
                <coordinates>34.72235829685454,32.24033542970902,-3121.040475479575</coordinates>
            </Point>
        </Placemark>
        <Placemark id="205">
            <name/>
            <Point id="204">
                <coordinates>34.665169987465866,32.2265415452217,5257.504163070798</coordinates>
            </Point>
        </Placemark>
        <Placemark id="207">
            <name/>
            <Point id="206">
                <coordinates>34.722320180452435,32.24028844009298,-3078.259902405864</coordinates>
            </Point>
        </Placemark>
        <Placemark id="209">
            <name/>
            <Point id="208">
                <coordinates>34.66474662196838,32.22671223321543,5189.209863989139</coordinates>
            </Point>
        </Placemark>
        <Placemark id="211">
            <name/>
            <Point id="210">
                <coordinates>34.69408256544998,32.207032222227404,9043.404821469718</coordinates>
            </Point>
        </Placemark>
        <Placemark id="213">
            <name/>
            <Point id="212">
                <coordinates>34.69403315719127,32.20710435856853,9058.64356914957</coordinates>
            </Point>
        </Placemark>
        <Placemark id="215">
            <name/>
            <Point id="214">
                <coordinates>34.73255507859017,32.12264786616585,4159.257149718966</coordinates>
            </Point>
        </Placemark>
        <Placemark id="217">
            <name/>
            <Point id="216">
                <coordinates>34.732443044819604,32.12267878913987,4161.020849425146</coordinates>
            </Point>
        </Placemark>
        <Placemark id="219">
            <name/>
            <Point id="218">
                <coordinates>34.73228630189523,32.12269928381121,4197.2138765264035</coordinates>
            </Point>
        </Placemark>
        <Placemark id="221">
            <name/>
            <Point id="220">
                <coordinates>34.73223880362196,32.12264986911222,4175.200466454623</coordinates>
            </Point>
        </Placemark>
        <Placemark id="223">
            <name/>
            <Point id="222">
                <coordinates>34.73211061138642,32.122755482943646,4199.628469072616</coordinates>
            </Point>
        </Placemark>
        <Placemark id="225">
            <name/>
            <Point id="224">
                <coordinates>34.73211133593466,32.1227137230966,4196.264957296605</coordinates>
            </Point>
        </Placemark>
        <Placemark id="227">
            <name/>
            <Point id="226">
                <coordinates>34.73204820016413,32.12268806346723,4217.965274753613</coordinates>
            </Point>
        </Placemark>
        <Placemark id="229">
            <name/>
            <Point id="228">
                <coordinates>34.71691339412099,32.1531025083829,-1318.6829675053564</coordinates>
            </Point>
        </Placemark>
        <Placemark id="231">
            <name/>
            <Point id="230">
                <coordinates>34.71676167178509,32.153106944347414,-1295.0442631181215</coordinates>
            </Point>
        </Placemark>
        <Placemark id="233">
            <name/>
            <Point id="232">
                <coordinates>34.71667083872503,32.15317447377453,-1287.1382232683986</coordinates>
            </Point>
        </Placemark>
        <Placemark id="235">
            <name/>
            <Point id="234">
                <coordinates>34.7208513080474,32.24074534073781,-3043.6693689819845</coordinates>
            </Point>
        </Placemark>
        <Placemark id="237">
            <name/>
            <Point id="236">
                <coordinates>34.716475243102856,32.153251399500746,-1288.713503122226</coordinates>
            </Point>
        </Placemark>
        <Placemark id="239">
            <name/>
            <Point id="238">
                <coordinates>34.74602108494711,32.22314943231055,5009.716198239541</coordinates>
            </Point>
        </Placemark>
        <Placemark id="241">
            <name/>
            <Point id="240">
                <coordinates>34.663802744013786,32.226747637125484,5261.025569498765</coordinates>
            </Point>
        </Placemark>
        <Placemark id="243">
            <name/>
            <Point id="242">
                <coordinates>34.72038431529913,32.24082938737236,-3052.450132596025</coordinates>
            </Point>
        </Placemark>
        <Placemark id="245">
            <name/>
            <Point id="244">
                <coordinates>34.71607596634222,32.15346025748205,-1292.962125474546</coordinates>
            </Point>
        </Placemark>
        <Placemark id="247">
            <name/>
            <Point id="246">
                <coordinates>34.72030235112849,32.241002241469594,-3003.4424800265247</coordinates>
            </Point>
        </Placemark>
        <Placemark id="249">
            <name/>
            <Point id="248">
                <coordinates>34.715805838595045,32.153581328448944,-1283.6158563334682</coordinates>
            </Point>
        </Placemark>
        <Placemark id="251">
            <name/>
            <Point id="250">
                <coordinates>34.73310613173616,32.11880699862141,5023.934161554683</coordinates>
            </Point>
        </Placemark>
        <Placemark id="253">
            <name/>
            <Point id="252">
                <coordinates>34.73299687883833,32.11866411014338,5060.151269274874</coordinates>
            </Point>
        </Placemark>
        <Placemark id="255">
            <name/>
            <Point id="254">
                <coordinates>34.73298806087075,32.11861533045913,5082.896496002823</coordinates>
            </Point>
        </Placemark>
        <Placemark id="257">
            <name/>
            <Point id="256">
                <coordinates>34.72345159515488,32.07304307215573,3927.6483010032225</coordinates>
            </Point>
        </Placemark>
        <Placemark id="259">
            <name/>
            <Point id="258">
                <coordinates>34.73060742659999,32.12311561552998,4282.494755833829</coordinates>
            </Point>
        </Placemark>
        <Placemark id="261">
            <name/>
            <Point id="260">
                <coordinates>34.73043185668905,32.12315860179999,4294.403286036299</coordinates>
            </Point>
        </Placemark>
        <Placemark id="263">
            <name/>
            <Point id="262">
                <coordinates>34.714972367317664,32.15385752102861,-1280.0746335533706</coordinates>
            </Point>
        </Placemark>
        <Placemark id="265">
            <name/>
            <Point id="264">
                <coordinates>34.73024342570363,32.12325574700575,4274.590761573331</coordinates>
            </Point>
        </Placemark>
        <Placemark id="267">
            <name/>
            <Point id="266">
                <coordinates>34.72989371018133,32.123275357075634,4319.471589627693</coordinates>
            </Point>
        </Placemark>
        <Placemark id="269">
            <name/>
            <Point id="268">
                <coordinates>34.729980069621135,32.12318063074529,4323.651147379741</coordinates>
            </Point>
        </Placemark>
        <Placemark id="271">
            <name/>
            <Point id="270">
                <coordinates>34.72993493271493,32.12321118774201,4314.873458646706</coordinates>
            </Point>
        </Placemark>
        <Placemark id="273">
            <name/>
            <Point id="272">
                <coordinates>34.729817453451986,32.12326036498965,4319.249001311394</coordinates>
            </Point>
        </Placemark>
        <Placemark id="275">
            <name/>
            <Point id="274">
                <coordinates>34.72960752628392,32.12334692666082,4333.3887615963995</coordinates>
            </Point>
        </Placemark>
        <Placemark id="277">
            <name/>
            <Point id="276">
                <coordinates>34.743880088370496,32.22346424127517,5071.888610864994</coordinates>
            </Point>
        </Placemark>
        <Placemark id="279">
            <name/>
            <Point id="278">
                <coordinates>34.72970245345349,32.12335470261291,4314.047134412204</coordinates>
            </Point>
        </Placemark>
        <Placemark id="281">
            <name/>
            <Point id="280">
                <coordinates>34.72958191483794,32.12337039806425,4321.772346495433</coordinates>
            </Point>
        </Placemark>
        <Placemark id="283">
            <name/>
            <Point id="282">
                <coordinates>34.74364699944593,32.22326793822276,5078.3533428023575</coordinates>
            </Point>
        </Placemark>
        <Placemark id="285">
            <name/>
            <Point id="284">
                <coordinates>34.74355084196013,32.223224685757835,5096.234611600672</coordinates>
            </Point>
        </Placemark>
        <Placemark id="287">
            <name/>
            <Point id="286">
                <coordinates>34.74345369731017,32.22322855490918,5099.600870112129</coordinates>
            </Point>
        </Placemark>
        <Placemark id="289">
            <name/>
            <Point id="288">
                <coordinates>34.713836469412044,32.15420752484333,-1217.3426882910687</coordinates>
            </Point>
        </Placemark>
        <Placemark id="291">
            <name/>
            <Point id="290">
                <coordinates>34.71370151733193,32.154325327715235,-1215.8403408923923</coordinates>
            </Point>
        </Placemark>
        <Placemark id="293">
            <name/>
            <Point id="292">
                <coordinates>34.71380263866451,32.15424614434699,-1262.2478724014472</coordinates>
            </Point>
        </Placemark>
        <Placemark id="295">
            <name/>
            <Point id="294">
                <coordinates>34.71371776887894,32.15417900556467,-1212.9701778631331</coordinates>
            </Point>
        </Placemark>
        <Placemark id="297">
            <name/>
            <Point id="296">
                <coordinates>34.71367948957971,32.15434303737391,-1218.7083960108419</coordinates>
            </Point>
        </Placemark>
        <Placemark id="299">
            <name/>
            <Point id="298">
                <coordinates>34.70973713385228,32.066814240704986,489.1949735844477</coordinates>
            </Point>
        </Placemark>
        <Placemark id="301">
            <name/>
            <Point id="300">
                <coordinates>34.71388074805791,32.15415637537751,-1194.2541028892745</coordinates>
            </Point>
        </Placemark>
        <Placemark id="303">
            <name/>
            <Point id="302">
                <coordinates>34.71821932894657,32.24182990738172,-2833.4171484542585</coordinates>
            </Point>
        </Placemark>
        <Placemark id="305">
            <name/>
            <Point id="304">
                <coordinates>34.71416273982345,32.15408495264497,-1155.2104510339943</coordinates>
            </Point>
        </Placemark>
        <Placemark id="307">
            <name/>
            <Point id="306">
                <coordinates>34.71429716680872,32.15380701325511,-1122.948676864547</coordinates>
            </Point>
        </Placemark>
        <Placemark id="309">
            <name/>
            <Point id="308">
                <coordinates>34.714334428337466,32.15389774943982,-1126.9122434194285</coordinates>
            </Point>
        </Placemark>
        <Placemark id="311">
            <name/>
            <Point id="310">
                <coordinates>34.714427714128696,32.15417667819092,-1182.6757641158192</coordinates>
            </Point>
        </Placemark>
        <Placemark id="313">
            <name/>
            <Point id="312">
                <coordinates>34.71080718065026,32.06665175997278,552.8836375086031</coordinates>
            </Point>
        </Placemark>
        <Placemark id="315">
            <name/>
            <Point id="314">
                <coordinates>34.71474556879333,32.15370840264014,-1134.4808126922135</coordinates>
            </Point>
        </Placemark>
        <Placemark id="317">
            <name/>
            <Point id="316">
                <coordinates>34.73288665358289,32.11841417531436,5220.262737144987</coordinates>
            </Point>
        </Placemark>
        <Placemark id="319">
            <name/>
            <Point id="318">
                <coordinates>34.73294482221224,32.11862110174068,5204.835038210978</coordinates>
            </Point>
        </Placemark>
        <Placemark id="321">
            <name/>
            <Point id="320">
                <coordinates>34.7329549867018,32.11844981133969,5173.130471409224</coordinates>
            </Point>
        </Placemark>
        <Placemark id="323">
            <name/>
            <Point id="322">
                <coordinates>34.72688112232091,32.07435343367204,4855.581962718846</coordinates>
            </Point>
        </Placemark>
        <Placemark id="325">
            <name/>
            <Point id="324">
                <coordinates>34.72697371288261,32.0744012422665,4838.408780612691</coordinates>
            </Point>
        </Placemark>
        <Placemark id="327">
            <name/>
            <Point id="326">
                <coordinates>34.72695009033381,32.074215139502414,4813.508124909237</coordinates>
            </Point>
        </Placemark>
        <Placemark id="329">
            <name/>
            <Point id="328">
                <coordinates>34.74667276499073,32.21831593062812,5861.885123964377</coordinates>
            </Point>
        </Placemark>
        <Placemark id="331">
            <name/>
            <Point id="330">
                <coordinates>34.73310987953228,32.11889816872351,5121.082051281989</coordinates>
            </Point>
        </Placemark>
        <Placemark id="333">
            <name/>
            <Point id="332">
                <coordinates>34.726966199453145,32.074045552013835,4768.48463208119</coordinates>
            </Point>
        </Placemark>
        <Placemark id="335">
            <name/>
            <Point id="334">
                <coordinates>34.727066062873675,32.07402715541889,4752.166323270167</coordinates>
            </Point>
        </Placemark>
        <Placemark id="337">
            <name/>
            <Point id="336">
                <coordinates>34.73315539067443,32.119147456214215,5049.7289946596575</coordinates>
            </Point>
        </Placemark>
        <Placemark id="339">
            <name/>
            <Point id="338">
                <coordinates>34.71153403365572,32.0659225154914,497.9791588257194</coordinates>
            </Point>
        </Placemark>
        <Placemark id="341">
            <name/>
            <Point id="340">
                <coordinates>34.71174508600111,32.06588286557543,546.3283839061555</coordinates>
            </Point>
        </Placemark>
        <Placemark id="343">
            <name/>
            <Point id="342">
                <coordinates>34.711724371657105,32.06579705681531,529.4741813539961</coordinates>
            </Point>
        </Placemark>
        <Placemark id="345">
            <name/>
            <Point id="344">
                <coordinates>34.71189269576884,32.06588090190176,554.9747508632381</coordinates>
            </Point>
        </Placemark>
        <Placemark id="347">
            <name/>
            <Point id="346">
                <coordinates>34.71567782449062,32.153519566138485,-1099.6521271034524</coordinates>
            </Point>
        </Placemark>
        <Placemark id="349">
            <name/>
            <Point id="348">
                <coordinates>34.71770448859637,32.14964714137279,-419.7425551400131</coordinates>
            </Point>
        </Placemark>
        <Placemark id="351">
            <name/>
            <Point id="350">
                <coordinates>34.71402224953152,32.06668336211668,1134.0682569525172</coordinates>
            </Point>
        </Placemark>
        <Placemark id="353">
            <name/>
            <Point id="352">
                <coordinates>34.71400502214633,32.06674356667532,1112.1086251535116</coordinates>
            </Point>
        </Placemark>
        <Placemark id="355">
            <name/>
            <Point id="354">
                <coordinates>34.714022974346285,32.06677959203257,1109.8934949214686</coordinates>
            </Point>
        </Placemark>
        <Placemark id="357">
            <name/>
            <Point id="356">
                <coordinates>34.71401234737369,32.06672271763568,1115.4264041372821</coordinates>
            </Point>
        </Placemark>
        <Placemark id="359">
            <name/>
            <Point id="358">
                <coordinates>34.714013803392675,32.06687367388296,1099.2985739241917</coordinates>
            </Point>
        </Placemark>
        <Placemark id="361">
            <name/>
            <Point id="360">
                <coordinates>34.71400075590916,32.066806570494315,1114.1406583434043</coordinates>
            </Point>
        </Placemark>
        <Placemark id="363">
            <name/>
            <Point id="362">
                <coordinates>34.71396067689819,32.06675385849475,1101.168796137215</coordinates>
            </Point>
        </Placemark>
        <Placemark id="365">
            <name/>
            <Point id="364">
                <coordinates>34.71393775161679,32.06687731763587,1105.7411604127676</coordinates>
            </Point>
        </Placemark>
        <Placemark id="367">
            <name/>
            <Point id="366">
                <coordinates>34.713909358044994,32.06674148459396,1117.5350560809027</coordinates>
            </Point>
        </Placemark>
        <Placemark id="369">
            <name/>
            <Point id="368">
                <coordinates>34.730228813302425,32.245354606392745,279.19979019853514</coordinates>
            </Point>
        </Placemark>
        <Placemark id="371">
            <name/>
            <Point id="370">
                <coordinates>34.72139931015994,32.24207509252699,-2126.4537447349</coordinates>
            </Point>
        </Placemark>
        <Placemark id="373">
            <name/>
            <Point id="372">
                <coordinates>34.721363976937226,32.24210435720823,-2105.7435376163066</coordinates>
            </Point>
        </Placemark>
        <Placemark id="375">
            <name/>
            <Point id="374">
                <coordinates>34.71561235245664,32.153473184543294,-1055.6620265834013</coordinates>
            </Point>
        </Placemark>
        <Placemark id="377">
            <name/>
            <Point id="376">
                <coordinates>34.73226596324774,32.12105170168157,4680.236994096714</coordinates>
            </Point>
        </Placemark>
        <Placemark id="379">
            <name/>
            <Point id="378">
                <coordinates>34.74521416445245,32.21974417842698,5375.936245236085</coordinates>
            </Point>
        </Placemark>
        <Placemark id="381">
            <name/>
            <Point id="380">
                <coordinates>34.73207702999081,32.12115533041024,4683.914167401977</coordinates>
            </Point>
        </Placemark>
        <Placemark id="383">
            <name/>
            <Point id="382">
                <coordinates>34.73199558688905,32.12115770833434,4670.818476364596</coordinates>
            </Point>
        </Placemark>
        <Placemark id="385">
            <name/>
            <Point id="384">
                <coordinates>34.66551142408409,32.22450054559432,5380.163725628098</coordinates>
            </Point>
        </Placemark>
        <Placemark id="387">
            <name/>
            <Point id="386">
                <coordinates>34.748898681614556,32.25185346842346,5583.801537399308</coordinates>
            </Point>
        </Placemark>
        <Placemark id="389">
            <name/>
            <Point id="388">
                <coordinates>34.73179743777406,32.12105616545459,4633.224563176769</coordinates>
            </Point>
        </Placemark>
        <Placemark id="391">
            <name/>
            <Point id="390">
                <coordinates>34.731612113470625,32.121334629875186,4646.445237712036</coordinates>
            </Point>
        </Placemark>
        <Placemark id="393">
            <name/>
            <Point id="392">
                <coordinates>34.73163850212488,32.1210926974408,4623.277794640037</coordinates>
            </Point>
        </Placemark>
        <Placemark id="395">
            <name/>
            <Point id="394">
                <coordinates>34.73166420625821,32.12087218032486,4647.951845357248</coordinates>
            </Point>
        </Placemark>
        <Placemark id="397">
            <name/>
            <Point id="396">
                <coordinates>34.73150363629416,32.12074597075535,4673.355252715375</coordinates>
            </Point>
        </Placemark>
        <Placemark id="399">
            <name/>
            <Point id="398">
                <coordinates>34.71483486027336,32.15273090128401,-1024.6414954645336</coordinates>
            </Point>
        </Placemark>
        <Placemark id="401">
            <name/>
            <Point id="400">
                <coordinates>34.71471235113543,32.15280774601961,-1021.5829085185054</coordinates>
            </Point>
        </Placemark>
        <Placemark id="403">
            <name/>
            <Point id="402">
                <coordinates>34.7144362308433,32.15282091089743,-1054.525952085714</coordinates>
            </Point>
        </Placemark>
        <Placemark id="405">
            <name/>
            <Point id="404">
                <coordinates>34.71439072678297,32.152592818054195,-1011.0521277566908</coordinates>
            </Point>
        </Placemark>
        <Placemark id="407">
            <name/>
            <Point id="406">
                <coordinates>34.71428588239076,32.15235382966365,-969.5745447951767</coordinates>
            </Point>
        </Placemark>
        <Placemark id="409">
            <name/>
            <Point id="408">
                <coordinates>34.71413841557824,32.1528788361116,-1051.8844087325117</coordinates>
            </Point>
        </Placemark>
        <Placemark id="411">
            <name/>
            <Point id="410">
                <coordinates>34.7140074517681,32.15218652864,-1018.2910791581747</coordinates>
            </Point>
        </Placemark>
        <Placemark id="413">
            <name/>
            <Point id="412">
                <coordinates>34.72464312210084,32.07197945649122,4400.674071732848</coordinates>
            </Point>
        </Placemark>
        <Placemark id="415">
            <name/>
            <Point id="414">
                <coordinates>34.71015441857094,32.064151367107996,537.3119077114322</coordinates>
            </Point>
        </Placemark>
        <Placemark id="417">
            <name/>
            <Point id="416">
                <coordinates>34.71383704238233,32.151838143786094,-925.2292044626466</coordinates>
            </Point>
        </Placemark>
        <Placemark id="419">
            <name/>
            <Point id="418">
                <coordinates>34.717197049947124,32.24001408422908,-2463.288038786141</coordinates>
            </Point>
        </Placemark>
        <Placemark id="421">
            <name/>
            <Point id="420">
                <coordinates>34.716669819494264,32.23983415231635,-2547.4465323351315</coordinates>
            </Point>
        </Placemark>
        <Placemark id="423">
            <name/>
            <Point id="422">
                <coordinates>34.74697270010881,32.250178287085376,5652.528125846642</coordinates>
            </Point>
        </Placemark>
        <Placemark id="425">
            <name/>
            <Point id="424">
                <coordinates>34.71548538304272,32.25112122014206,-27.601018679751114</coordinates>
            </Point>
        </Placemark>
        <Placemark id="427">
            <name/>
            <Point id="426">
                <coordinates>34.71543966651811,32.25080842976699,-72.11622177962904</coordinates>
            </Point>
        </Placemark>
        <Placemark id="429">
            <name/>
            <Point id="428">
                <coordinates>34.66425996593192,32.2221841004516,5437.795376397029</coordinates>
            </Point>
        </Placemark>
        <Placemark id="431">
            <name/>
            <Point id="430">
                <coordinates>34.66409382898612,32.22244680357716,5361.79718890702</coordinates>
            </Point>
        </Placemark>
        <Placemark id="433">
            <name/>
            <Point id="432">
                <coordinates>34.71272142674238,32.1517085649828,-972.7312323098383</coordinates>
            </Point>
        </Placemark>
        <Placemark id="435">
            <name/>
            <Point id="434">
                <coordinates>34.71272665296862,32.15135388871856,-918.2480847200145</coordinates>
            </Point>
        </Placemark>
        <Placemark id="437">
            <name/>
            <Point id="436">
                <coordinates>34.66405249912163,32.222083109311455,5386.380047216507</coordinates>
            </Point>
        </Placemark>
        <Placemark id="439">
            <name/>
            <Point id="438">
                <coordinates>34.66384582042452,32.22192001942729,5368.4704087942555</coordinates>
            </Point>
        </Placemark>
        <Placemark id="441">
            <name/>
            <Point id="440">
                <coordinates>34.71249462257602,32.15129606622317,-910.3970795846649</coordinates>
            </Point>
        </Placemark>
        <Placemark id="443">
            <name/>
            <Point id="442">
                <coordinates>34.66409761620604,32.22158265878183,5379.957074824586</coordinates>
            </Point>
        </Placemark>
        <Placemark id="445">
            <name/>
            <Point id="444">
                <coordinates>34.69561877660117,32.200810997665435,9306.359331143329</coordinates>
            </Point>
        </Placemark>
        <Placemark id="447">
            <name/>
            <Point id="446">
                <coordinates>34.69564551213016,32.200831884321246,9307.604395539916</coordinates>
            </Point>
        </Placemark>
        <Placemark id="449">
            <name/>
            <Point id="448">
                <coordinates>34.69555841189633,32.200693391316115,9337.589598670493</coordinates>
            </Point>
        </Placemark>
        <Placemark id="451">
            <name/>
            <Point id="450">
                <coordinates>34.66375170305456,32.22171614100766,5341.995491894082</coordinates>
            </Point>
        </Placemark>
        <Placemark id="453">
            <name/>
            <Point id="452">
                <coordinates>34.66383573468007,32.22129016966085,5416.9145683505885</coordinates>
            </Point>
        </Placemark>
        <Placemark id="455">
            <name/>
            <Point id="454">
                <coordinates>34.663953780247546,32.22121682148376,5427.921949087311</coordinates>
            </Point>
        </Placemark>
        <Placemark id="457">
            <name/>
            <Point id="456">
                <coordinates>34.72958096584966,32.11779595305211,4915.884772877043</coordinates>
            </Point>
        </Placemark>
        <Placemark id="459">
            <name/>
            <Point id="458">
                <coordinates>34.729591386760056,32.1179498648543,4892.658406716595</coordinates>
            </Point>
        </Placemark>
        <Placemark id="461">
            <name/>
            <Point id="460">
                <coordinates>34.69546152074812,32.20044254887816,9325.679015811877</coordinates>
            </Point>
        </Placemark>
        <Placemark id="463">
            <name/>
            <Point id="462">
                <coordinates>34.69546984216948,32.20013333734159,9354.845739710952</coordinates>
            </Point>
        </Placemark>
        <Placemark id="465">
            <name/>
            <Point id="464">
                <coordinates>34.69551517174946,32.200033724996366,9365.040936235304</coordinates>
            </Point>
        </Placemark>
        <Placemark id="467">
            <name/>
            <Point id="466">
                <coordinates>34.695507044862346,32.19996930443713,9361.399051484985</coordinates>
            </Point>
        </Placemark>
        <Placemark id="469">
            <name/>
            <Point id="468">
                <coordinates>34.66377572352196,32.22088103513728,5392.997380502266</coordinates>
            </Point>
        </Placemark>
        <Placemark id="471">
            <name/>
            <Point id="470">
                <coordinates>34.66395401314568,32.22080819952175,5428.319573935016</coordinates>
            </Point>
        </Placemark>
        <Placemark id="473">
            <name/>
            <Point id="472">
                <coordinates>34.711759176568485,32.15059587188226,-841.9985390992067</coordinates>
            </Point>
        </Placemark>
        <Placemark id="475">
            <name/>
            <Point id="474">
                <coordinates>34.66388402863668,32.221015747881964,5394.662956397569</coordinates>
            </Point>
        </Placemark>
        <Placemark id="477">
            <name/>
            <Point id="476">
                <coordinates>34.71409154110854,32.24924631213113,-45.32085734894943</coordinates>
            </Point>
        </Placemark>
        <Placemark id="479">
            <name/>
            <Point id="478">
                <coordinates>34.66397934369249,32.22092154566029,5427.992066789994</coordinates>
            </Point>
        </Placemark>
        <Placemark id="481">
            <name/>
            <Point id="480">
                <coordinates>34.663838376583655,32.22102624275715,5399.503418011698</coordinates>
            </Point>
        </Placemark>
        <Placemark id="483">
            <name/>
            <Point id="482">
                <coordinates>34.663926197425134,32.22086208306263,5426.46512608037</coordinates>
            </Point>
        </Placemark>
        <Placemark id="485">
            <name/>
            <Point id="484">
                <coordinates>34.664194609442596,32.2208707660302,5432.858334644221</coordinates>
            </Point>
        </Placemark>
        <Placemark id="487">
            <name/>
            <Point id="486">
                <coordinates>34.71173820458332,32.15077950528499,-866.269605968131</coordinates>
            </Point>
        </Placemark>
        <Placemark id="489">
            <name/>
            <Point id="488">
                <coordinates>34.711691341263155,32.1509087815961,-879.0650952423842</coordinates>
            </Point>
        </Placemark>
        <Placemark id="491">
            <name/>
            <Point id="490">
                <coordinates>34.71418768076438,32.24906787783262,-62.34845238965148</coordinates>
            </Point>
        </Placemark>
        <Placemark id="493">
            <name/>
            <Point id="492">
                <coordinates>34.711584448208654,32.15092110838476,-872.0948905993563</coordinates>
            </Point>
        </Placemark>
        <Placemark id="495">
            <name/>
            <Point id="494">
                <coordinates>34.71172278924629,32.15075992844088,-810.9769378109592</coordinates>
            </Point>
        </Placemark>
        <Placemark id="497">
            <name/>
            <Point id="496">
                <coordinates>34.71467428004843,32.238915822439836,-2256.8948520311105</coordinates>
            </Point>
        </Placemark>
        <Placemark id="499">
            <name/>
            <Point id="498">
                <coordinates>34.714933808460934,32.23892654011085,-2253.1246997785393</coordinates>
            </Point>
        </Placemark>
        <Placemark id="501">
            <name/>
            <Point id="500">
                <coordinates>34.7147434724751,32.23898496549881,-2243.1801924775073</coordinates>
            </Point>
        </Placemark>
        <Placemark id="503">
            <name/>
            <Point id="502">
                <coordinates>34.71481810729595,32.23906660959174,-2271.584494940231</coordinates>
            </Point>
        </Placemark>
        <Placemark id="505">
            <name/>
            <Point id="504">
                <coordinates>34.7145800534809,32.23901155587269,-2203.0703003058</coordinates>
            </Point>
        </Placemark>
        <Placemark id="507">
            <name/>
            <Point id="506">
                <coordinates>34.66385223207637,32.22061743652787,5381.209766179146</coordinates>
            </Point>
        </Placemark>
        <Placemark id="509">
            <name/>
            <Point id="508">
                <coordinates>34.69650242937516,32.199272794348424,9364.811692312205</coordinates>
            </Point>
        </Placemark>
        <Placemark id="511">
            <name/>
            <Point id="510">
                <coordinates>34.76134724459977,32.18140758101906,-4072.183842801288</coordinates>
            </Point>
        </Placemark>
        <Placemark id="513">
            <name/>
            <Point id="512">
                <coordinates>34.69645115134965,32.19924369248719,9380.397955180795</coordinates>
            </Point>
        </Placemark>
        <Placemark id="515">
            <name/>
            <Point id="514">
                <coordinates>34.754726192111725,32.18637240682871,-1193.8141609491406</coordinates>
            </Point>
        </Placemark>
        <Placemark id="517">
            <name/>
            <Point id="516">
                <coordinates>34.696488212706726,32.19917784001369,9393.537419720586</coordinates>
            </Point>
        </Placemark>
        <Placemark id="519">
            <name/>
            <Point id="518">
                <coordinates>34.71401358976908,32.23928519874974,-2076.400872616812</coordinates>
            </Point>
        </Placemark>
        <Placemark id="521">
            <name/>
            <Point id="520">
                <coordinates>34.713909547493905,32.239307556269985,-2086.6370508516793</coordinates>
            </Point>
        </Placemark>
        <Placemark id="523">
            <name/>
            <Point id="522">
                <coordinates>34.713896191532235,32.23917680530285,-2127.198802627196</coordinates>
            </Point>
        </Placemark>
        <Placemark id="525">
            <name/>
            <Point id="524">
                <coordinates>34.713933122932474,32.23932432953579,-2088.9972260143686</coordinates>
            </Point>
        </Placemark>
        <Placemark id="527">
            <name/>
            <Point id="526">
                <coordinates>34.71384219309859,32.239311246778136,-2084.5883491253053</coordinates>
            </Point>
        </Placemark>
        <Placemark id="529">
            <name/>
            <Point id="528">
                <coordinates>34.71381362003217,32.23927551894201,-2107.6135496342226</coordinates>
            </Point>
        </Placemark>
        <Placemark id="531">
            <name/>
            <Point id="530">
                <coordinates>34.71372365323501,32.2393046203965,-2070.335352360789</coordinates>
            </Point>
        </Placemark>
        <Placemark id="533">
            <name/>
            <Point id="532">
                <coordinates>34.71355557562692,32.23933314259463,-2060.8491868420524</coordinates>
            </Point>
        </Placemark>
        <Placemark id="535">
            <name/>
            <Point id="534">
                <coordinates>34.66388867859967,32.220130197499216,5398.935378162392</coordinates>
            </Point>
        </Placemark>
        <Placemark id="537">
            <name/>
            <Point id="536">
                <coordinates>34.664272617589894,32.2199044223787,5445.90314097296</coordinates>
            </Point>
        </Placemark>
        <Placemark id="539">
            <name/>
            <Point id="538">
                <coordinates>34.66420138367584,32.21976244532016,5450.772956544546</coordinates>
            </Point>
        </Placemark>
        <Placemark id="541">
            <name/>
            <Point id="540">
                <coordinates>34.664106436935626,32.21965493376238,5466.145706375898</coordinates>
            </Point>
        </Placemark>
        <Placemark id="543">
            <name/>
            <Point id="542">
                <coordinates>34.71291564386772,32.238662812349595,-2053.439264551835</coordinates>
            </Point>
        </Placemark>
        <Placemark id="545">
            <name/>
            <Point id="544">
                <coordinates>34.66385702640367,32.21905638540322,5444.551121410299</coordinates>
            </Point>
        </Placemark>
        <Placemark id="547">
            <name/>
            <Point id="546">
                <coordinates>34.66377764041554,32.218753459460444,5430.009018249621</coordinates>
            </Point>
        </Placemark>
        <Placemark id="549">
            <name/>
            <Point id="548">
                <coordinates>34.73969314805113,32.21136642427428,5902.0954106823165</coordinates>
            </Point>
        </Placemark>
        <Placemark id="551">
            <name/>
            <Point id="550">
                <coordinates>34.73957886497782,32.211293902657005,5896.591887714257</coordinates>
            </Point>
        </Placemark>
        <Placemark id="553">
            <name/>
            <Point id="552">
                <coordinates>34.72057562707429,32.24035548099182,123.99583466991045</coordinates>
            </Point>
        </Placemark>
        <Placemark id="555">
            <name/>
            <Point id="554">
                <coordinates>34.72018838843962,32.239789600277675,114.58499678221752</coordinates>
            </Point>
        </Placemark>
        <Placemark id="557">
            <name/>
            <Point id="556">
                <coordinates>34.72012463285947,32.23970890922067,104.38252525520647</coordinates>
            </Point>
        </Placemark>
        <Placemark id="559">
            <name/>
            <Point id="558">
                <coordinates>34.71118315029113,32.24550678977505,-99.69731407479577</coordinates>
            </Point>
        </Placemark>
        <Placemark id="561">
            <name/>
            <Point id="560">
                <coordinates>34.663503935525256,32.217090847465336,5493.867591169734</coordinates>
            </Point>
        </Placemark>
        <Placemark id="563">
            <name/>
            <Point id="562">
                <coordinates>34.71964704744543,32.239356806068606,97.60288210328926</coordinates>
            </Point>
        </Placemark>
        <Placemark id="565">
            <name/>
            <Point id="564">
                <coordinates>34.71935343162096,32.23919955606451,102.60041030107642</coordinates>
            </Point>
        </Placemark>
        <Placemark id="567">
            <name/>
            <Point id="566">
                <coordinates>34.73845234145108,32.20949689723004,5926.386065272119</coordinates>
            </Point>
        </Placemark>
        <Placemark id="569">
            <name/>
            <Point id="568">
                <coordinates>34.71912503232547,32.23882750251043,94.28089871963812</coordinates>
            </Point>
        </Placemark>
        <Placemark id="571">
            <name/>
            <Point id="570">
                <coordinates>34.71903160795286,32.23871240215288,98.65253644154227</coordinates>
            </Point>
        </Placemark>
        <Placemark id="573">
            <name/>
            <Point id="572">
                <coordinates>34.662936983043636,32.216227077368124,5475.7658655241985</coordinates>
            </Point>
        </Placemark>
        <Placemark id="575">
            <name/>
            <Point id="574">
                <coordinates>34.69129310982724,32.23583326693317,1010.778017116583</coordinates>
            </Point>
        </Placemark>
        <Placemark id="577">
            <name/>
            <Point id="576">
                <coordinates>34.71017843268007,32.243977326088846,-103.90729789755011</coordinates>
            </Point>
        </Placemark>
        <Placemark id="579">
            <name/>
            <Point id="578">
                <coordinates>34.71011588618989,32.24372808660424,-102.56274621753607</coordinates>
            </Point>
        </Placemark>
        <Placemark id="581">
            <name/>
            <Point id="580">
                <coordinates>34.69102226194108,32.23548269106366,1010.1872359036078</coordinates>
            </Point>
        </Placemark>
        <Placemark id="583">
            <name/>
            <Point id="582">
                <coordinates>34.71054499077298,32.2355894118429,-1906.9897247967415</coordinates>
            </Point>
        </Placemark>
        <Placemark id="585">
            <name/>
            <Point id="584">
                <coordinates>34.69112047235868,32.23509727224943,975.1859160381287</coordinates>
            </Point>
        </Placemark>
        <Placemark id="587">
            <name/>
            <Point id="586">
                <coordinates>34.70962055225236,32.24307329571378,-107.12265745498078</coordinates>
            </Point>
        </Placemark>
        <Placemark id="589">
            <name/>
            <Point id="588">
                <coordinates>34.70949136817889,32.24293443238007,-116.77245662396393</coordinates>
            </Point>
        </Placemark>
        <Placemark id="591">
            <name/>
            <Point id="590">
                <coordinates>34.71004046012314,32.23499552921145,-1891.0984817472984</coordinates>
            </Point>
        </Placemark>
        <Placemark id="593">
            <name/>
            <Point id="592">
                <coordinates>34.709917648109645,32.23485429372407,-1900.048943323776</coordinates>
            </Point>
        </Placemark>
        <Placemark id="595">
            <name/>
            <Point id="594">
                <coordinates>34.71004076284925,32.2347923977569,-1909.517900425393</coordinates>
            </Point>
        </Placemark>
        <Placemark id="597">
            <name/>
            <Point id="596">
                <coordinates>34.70967315185344,32.24159704582085,-1286.207959028442</coordinates>
            </Point>
        </Placemark>
        <Placemark id="599">
            <name/>
            <Point id="598">
                <coordinates>34.70897251288424,32.242253141018985,-99.62803102458153</coordinates>
            </Point>
        </Placemark>
        <Placemark id="601">
            <name/>
            <Point id="600">
                <coordinates>34.708983847113984,32.242074517357224,-108.67113986798933</coordinates>
            </Point>
        </Placemark>
        <Placemark id="603">
            <name/>
            <Point id="602">
                <coordinates>34.70882066768688,32.24200575300739,-88.1332808167298</coordinates>
            </Point>
        </Placemark>
        <Placemark id="605">
            <name/>
            <Point id="604">
                <coordinates>34.708676489234854,32.24183812193062,-106.4217194445244</coordinates>
            </Point>
        </Placemark>
        <Placemark id="607">
            <name/>
            <Point id="606">
                <coordinates>34.70920691422477,32.23411875773951,-1866.099849025972</coordinates>
            </Point>
        </Placemark>
        <Placemark id="609">
            <name/>
            <Point id="608">
                <coordinates>34.70847416822174,32.24156089035386,-113.65331625314731</coordinates>
            </Point>
        </Placemark>
        <Placemark id="611">
            <name/>
            <Point id="610">
                <coordinates>34.70835093580514,32.24143539348287,-118.62732286014334</coordinates>
            </Point>
        </Placemark>
        <Placemark id="613">
            <name/>
            <Point id="612">
                <coordinates>34.708377582395045,32.24120661969209,-115.09664321705094</coordinates>
            </Point>
        </Placemark>
        <Placemark id="615">
            <name/>
            <Point id="614">
                <coordinates>34.70811089268946,32.241059638172345,-97.25519218744793</coordinates>
            </Point>
        </Placemark>
        <Placemark id="617">
            <name/>
            <Point id="616">
                <coordinates>34.708159457439244,32.240954952826286,-112.5706004022151</coordinates>
            </Point>
        </Placemark>
        <Placemark id="619">
            <name/>
            <Point id="618">
                <coordinates>34.70799016755661,32.2407164964361,-107.61200656961205</coordinates>
            </Point>
        </Placemark>
        <Placemark id="621">
            <name/>
            <Point id="620">
                <coordinates>34.71589354806775,32.235405974243484,59.61842353081904</coordinates>
            </Point>
        </Placemark>
        <Placemark id="623">
            <name/>
            <Point id="622">
                <coordinates>34.741562842997936,32.24281604721026,6751.056073505281</coordinates>
            </Point>
        </Placemark>
        <Placemark id="625">
            <name/>
            <Point id="624">
                <coordinates>34.6713807472088,32.14137620726906,4575.908909931626</coordinates>
            </Point>
        </Placemark>
        <Placemark id="627">
            <name/>
            <Point id="626">
                <coordinates>34.705596731711886,32.14488913123598,-590.4773023557879</coordinates>
            </Point>
        </Placemark>
        <Placemark id="629">
            <name/>
            <Point id="628">
                <coordinates>34.66113853384606,32.21211391243597,5494.0321611685395</coordinates>
            </Point>
        </Placemark>
        <Placemark id="631">
            <name/>
            <Point id="630">
                <coordinates>34.70531666222898,32.14469437872079,-577.3935386777576</coordinates>
            </Point>
        </Placemark>
        <Placemark id="633">
            <name/>
            <Point id="632">
                <coordinates>34.707849656313726,32.23262062653618,-1780.6746077926603</coordinates>
            </Point>
        </Placemark>
        <Placemark id="635">
            <name/>
            <Point id="634">
                <coordinates>34.70781124114393,32.23249128621152,-1780.8143357058466</coordinates>
            </Point>
        </Placemark>
        <Placemark id="637">
            <name/>
            <Point id="636">
                <coordinates>34.70767818162843,32.23241482623786,-1771.114478641284</coordinates>
            </Point>
        </Placemark>
        <Placemark id="639">
            <name/>
            <Point id="638">
                <coordinates>35.08198525369899,32.27260856884735,-3924.26285200409</coordinates>
            </Point>
        </Placemark>
        <Placemark id="641">
            <name/>
            <Point id="640">
                <coordinates>34.70750542466988,32.2322977323061,-1756.6015514694614</coordinates>
            </Point>
        </Placemark>
        <Placemark id="643">
            <name/>
            <Point id="642">
                <coordinates>34.70745204050393,32.23221182012669,-1761.8430789807442</coordinates>
            </Point>
        </Placemark>
        <Placemark id="645">
            <name/>
            <Point id="644">
                <coordinates>34.70732980348243,32.232271431435336,-1727.0904233838442</coordinates>
            </Point>
        </Placemark>
        <Placemark id="647">
            <name/>
            <Point id="646">
                <coordinates>34.707392943070964,32.232239248192556,-1755.9968727798282</coordinates>
            </Point>
        </Placemark>
        <Placemark id="649">
            <name/>
            <Point id="648">
                <coordinates>34.70733219196781,32.23221080434203,-1758.2029532645677</coordinates>
            </Point>
        </Placemark>
        <Placemark id="651">
            <name/>
            <Point id="650">
                <coordinates>34.707264506227325,32.23227782914131,-1745.1561025698577</coordinates>
            </Point>
        </Placemark>
        <Placemark id="653">
            <name/>
            <Point id="652">
                <coordinates>34.70729251133842,32.23235098932148,-1729.7378249055655</coordinates>
            </Point>
        </Placemark>
        <Placemark id="655">
            <name/>
            <Point id="654">
                <coordinates>34.7072477626897,32.232300220328845,-1728.087736566902</coordinates>
            </Point>
        </Placemark>
        <Placemark id="657">
            <name/>
            <Point id="656">
                <coordinates>34.70469019976696,32.14438451792373,-534.5800598337051</coordinates>
            </Point>
        </Placemark>
        <Placemark id="659">
            <name/>
            <Point id="658">
                <coordinates>34.72239355762456,32.113202926723936,4749.309939863998</coordinates>
            </Point>
        </Placemark>
        <Placemark id="661">
            <name/>
            <Point id="660">
                <coordinates>34.70716237394875,32.232352159172805,-1718.969199004844</coordinates>
            </Point>
        </Placemark>
        <Placemark id="663">
            <name/>
            <Point id="662">
                <coordinates>34.70458214819569,32.14433652402215,-526.6597446646431</coordinates>
            </Point>
        </Placemark>
        <Placemark id="665">
            <name/>
            <Point id="664">
                <coordinates>34.70456346456203,32.1444161832284,-536.8639801162955</coordinates>
            </Point>
        </Placemark>
        <Placemark id="667">
            <name/>
            <Point id="666">
                <coordinates>34.70457009596014,32.144428292222614,-521.7914873112976</coordinates>
            </Point>
        </Placemark>
        <Placemark id="669">
            <name/>
            <Point id="668">
                <coordinates>34.704584628932444,32.14446333490817,-526.7492089833086</coordinates>
            </Point>
        </Placemark>
        <Placemark id="671">
            <name/>
            <Point id="670">
                <coordinates>34.704533095782516,32.14449365279584,-524.8095481981851</coordinates>
            </Point>
        </Placemark>
        <Placemark id="673">
            <name/>
            <Point id="672">
                <coordinates>34.70451016732575,32.14439918569084,-522.7758494126136</coordinates>
            </Point>
        </Placemark>
        <Placemark id="675">
            <name/>
            <Point id="674">
                <coordinates>34.70452003492344,32.14449073187135,-484.23277489060087</coordinates>
            </Point>
        </Placemark>
        <Placemark id="677">
            <name/>
            <Point id="676">
                <coordinates>34.70452870366938,32.144407538878944,-490.2227979104814</coordinates>
            </Point>
        </Placemark>
        <Placemark id="679">
            <name/>
            <Point id="678">
                <coordinates>34.706827395889505,32.232427633846605,-1673.4306034903132</coordinates>
            </Point>
        </Placemark>
        <Placemark id="681">
            <name/>
            <Point id="680">
                <coordinates>34.706375169722044,32.23890646104991,-150.41571538009762</coordinates>
            </Point>
        </Placemark>
        <Placemark id="683">
            <name/>
            <Point id="682">
                <coordinates>34.70584647429852,32.23821737519104,-140.19831817969288</coordinates>
            </Point>
        </Placemark>
        <Placemark id="685">
            <name/>
            <Point id="684">
                <coordinates>34.720473695479434,32.06343108818916,5373.261215542242</coordinates>
            </Point>
        </Placemark>
        <Placemark id="687">
            <name/>
            <Point id="686">
                <coordinates>34.73412253214227,32.20198934695424,6223.083868729544</coordinates>
            </Point>
        </Placemark>
        <Placemark id="689">
            <name/>
            <Point id="688">
                <coordinates>34.72502271747424,32.108177973508575,5648.949731132662</coordinates>
            </Point>
        </Placemark>
        <Placemark id="691">
            <name/>
            <Point id="690">
                <coordinates>34.72519749792035,32.10816343602446,5662.002528098293</coordinates>
            </Point>
        </Placemark>
        <Placemark id="693">
            <name/>
            <Point id="692">
                <coordinates>34.725308929935416,32.10821894615458,5653.28777923542</coordinates>
            </Point>
        </Placemark>
        <Placemark id="695">
            <name/>
            <Point id="694">
                <coordinates>34.725434688659185,32.10806970142909,5666.3729275827545</coordinates>
            </Point>
        </Placemark>
        <Placemark id="697">
            <name/>
            <Point id="696">
                <coordinates>34.72557057447386,32.10804105432649,5666.890437009296</coordinates>
            </Point>
        </Placemark>
        <Placemark id="699">
            <name/>
            <Point id="698">
                <coordinates>34.704929647785356,32.14396475352863,-355.4193051341617</coordinates>
            </Point>
        </Placemark>
        <Placemark id="701">
            <name/>
            <Point id="700">
                <coordinates>34.707556337555964,32.231990536193535,-1431.1254137032347</coordinates>
            </Point>
        </Placemark>
        <Placemark id="703">
            <name/>
            <Point id="702">
                <coordinates>34.70748853281353,32.22560624187918,-1339.8608589585283</coordinates>
            </Point>
        </Placemark>
        <Placemark id="705">
            <name/>
            <Point id="704">
                <coordinates>34.708030125244115,32.23182665311113,-1419.2946214863707</coordinates>
            </Point>
        </Placemark>
        <Placemark id="707">
            <name/>
            <Point id="706">
                <coordinates>34.73622301577253,32.200460237529505,6296.919460498075</coordinates>
            </Point>
        </Placemark>
        <Placemark id="709">
            <name/>
            <Point id="708">
                <coordinates>34.73650577351293,32.20036417767159,6296.569246384127</coordinates>
            </Point>
        </Placemark>
        <Placemark id="711">
            <name/>
            <Point id="710">
                <coordinates>34.736767052659985,32.200332098208094,6318.608934297315</coordinates>
            </Point>
        </Placemark>
        <Placemark id="713">
            <name/>
            <Point id="712">
                <coordinates>34.7368545790685,32.20012585011738,6307.762928156546</coordinates>
            </Point>
        </Placemark>
        <Placemark id="715">
            <name/>
            <Point id="714">
                <coordinates>34.70862288093535,32.2364345131117,-170.86340317251162</coordinates>
            </Point>
        </Placemark>
        <Placemark id="717">
            <name/>
            <Point id="716">
                <coordinates>34.72883992305759,32.21170547242895,3985.36748400663</coordinates>
            </Point>
        </Placemark>
        <Placemark id="719">
            <name/>
            <Point id="718">
                <coordinates>34.71440167134194,32.23262011717051,-55.92138751798051</coordinates>
            </Point>
        </Placemark>
        <Placemark id="721">
            <name/>
            <Point id="720">
                <coordinates>34.73730264511604,32.19961295701592,6346.085247941564</coordinates>
            </Point>
        </Placemark>
        <Placemark id="723">
            <name/>
            <Point id="722">
                <coordinates>34.73750457382088,32.19923135360972,6347.45038672147</coordinates>
            </Point>
        </Placemark>
        <Placemark id="725">
            <name/>
            <Point id="724">
                <coordinates>34.73745653765457,32.19910584033596,6345.57434875921</coordinates>
            </Point>
        </Placemark>
        <Placemark id="727">
            <name/>
            <Point id="726">
                <coordinates>34.73737734320366,32.19897609144777,6351.88189337607</coordinates>
            </Point>
        </Placemark>
        <Placemark id="729">
            <name/>
            <Point id="728">
                <coordinates>34.706815488166775,32.109158856080725,7881.682017751636</coordinates>
            </Point>
        </Placemark>
        <Placemark id="731">
            <name/>
            <Point id="730">
                <coordinates>34.72857733572958,32.10582007741343,5800.370295721554</coordinates>
            </Point>
        </Placemark>
        <Placemark id="733">
            <name/>
            <Point id="732">
                <coordinates>34.728554526742215,32.105691704906974,5815.270869005716</coordinates>
            </Point>
        </Placemark>
        <Placemark id="735">
            <name/>
            <Point id="734">
                <coordinates>34.728551680233636,32.10554369053483,5804.836373134101</coordinates>
            </Point>
        </Placemark>
        <Placemark id="737">
            <name/>
            <Point id="736">
                <coordinates>34.7371135528651,32.198276108660274,6375.022888845751</coordinates>
            </Point>
        </Placemark>
        <Placemark id="739">
            <name/>
            <Point id="738">
                <coordinates>34.73674718214299,32.197817445559124,6383.9606760517845</coordinates>
            </Point>
        </Placemark>
        <Placemark id="741">
            <name/>
            <Point id="740">
                <coordinates>34.708272849808516,32.23439248002974,-194.8435138674512</coordinates>
            </Point>
        </Placemark>
        <Placemark id="743">
            <name/>
            <Point id="742">
                <coordinates>34.70851486787739,32.22979526631077,-1269.1184051104726</coordinates>
            </Point>
        </Placemark>
        <Placemark id="745">
            <name/>
            <Point id="744">
                <coordinates>34.71315600397535,32.23078920622209,-71.33434583279472</coordinates>
            </Point>
        </Placemark>
        <Placemark id="747">
            <name/>
            <Point id="746">
                <coordinates>34.7082223369263,32.236908361152416,-1324.3360256271285</coordinates>
            </Point>
        </Placemark>
        <Placemark id="749">
            <name/>
            <Point id="748">
                <coordinates>34.70697749382934,32.23261390490275,-194.06690761699787</coordinates>
            </Point>
        </Placemark>
        <Placemark id="751">
            <name/>
            <Point id="750">
                <coordinates>34.70686612276707,32.232386562793586,-181.32107099206036</coordinates>
            </Point>
        </Placemark>
        <Placemark id="753">
            <name/>
            <Point id="752">
                <coordinates>34.706779386086154,32.232174993038356,-215.53218939790148</coordinates>
            </Point>
        </Placemark>
        <Placemark id="755">
            <name/>
            <Point id="754">
                <coordinates>34.70666263455722,32.23204831951479,-202.72653856801125</coordinates>
            </Point>
        </Placemark>
        <Placemark id="757">
            <name/>
            <Point id="756">
                <coordinates>34.70660937731428,32.23198872953054,-190.00301840752755</coordinates>
            </Point>
        </Placemark>
        <Placemark id="759">
            <name/>
            <Point id="758">
                <coordinates>34.70644098824551,32.23174750808959,-202.0326296319534</coordinates>
            </Point>
        </Placemark>
        <Placemark id="761">
            <name/>
            <Point id="760">
                <coordinates>34.70654805995159,32.22742600346452,-1180.0397475159675</coordinates>
            </Point>
        </Placemark>
        <Placemark id="763">
            <name/>
            <Point id="762">
                <coordinates>34.7061097496137,32.231139392790574,-165.3562434972758</coordinates>
            </Point>
        </Placemark>
        <Placemark id="765">
            <name/>
            <Point id="764">
                <coordinates>34.70411536795647,32.13856796639445,-206.5890675408484</coordinates>
            </Point>
        </Placemark>
        <Placemark id="767">
            <name/>
            <Point id="766">
                <coordinates>34.704097811504695,32.13857310560347,-215.48963430168106</coordinates>
            </Point>
        </Placemark>
        <Placemark id="769">
            <name/>
            <Point id="768">
                <coordinates>34.67349700075404,32.13526250278712,4566.8724576165105</coordinates>
            </Point>
        </Placemark>
        <Placemark id="771">
            <name/>
            <Point id="770">
                <coordinates>34.726352310569865,32.10087011665695,5918.263898854328</coordinates>
            </Point>
        </Placemark>
        <Placemark id="773">
            <name/>
            <Point id="772">
                <coordinates>34.70557199000953,32.230024537796986,-206.6276172926104</coordinates>
            </Point>
        </Placemark>
        <Placemark id="775">
            <name/>
            <Point id="774">
                <coordinates>34.703790346655786,32.13824275599068,-199.76272604163444</coordinates>
            </Point>
        </Placemark>
        <Placemark id="777">
            <name/>
            <Point id="776">
                <coordinates>34.70536450257012,32.229840991564295,-223.75204951240363</coordinates>
            </Point>
        </Placemark>
        <Placemark id="779">
            <name/>
            <Point id="778">
                <coordinates>34.70505174269636,32.10274755311297,7988.40803951706</coordinates>
            </Point>
        </Placemark>
        <Placemark id="781">
            <name/>
            <Point id="780">
                <coordinates>34.76414252977767,32.093768661677124,2296.9850680045683</coordinates>
            </Point>
        </Placemark>
        <Placemark id="783">
            <name/>
            <Point id="782">
                <coordinates>34.696923960360536,32.22426265514447,159.23574805554858</coordinates>
            </Point>
        </Placemark>
        <Placemark id="785">
            <name/>
            <Point id="784">
                <coordinates>34.66304783142884,32.199572801161985,5606.9026603822485</coordinates>
            </Point>
        </Placemark>
        <Placemark id="787">
            <name/>
            <Point id="786">
                <coordinates>34.69856908499366,32.17690706255411,9652.062661819213</coordinates>
            </Point>
        </Placemark>
        <Placemark id="789">
            <name/>
            <Point id="788">
                <coordinates>34.696735356614916,32.22373447027024,169.00708435110175</coordinates>
            </Point>
        </Placemark>
        <Placemark id="791">
            <name/>
            <Point id="790">
                <coordinates>34.662989710895424,32.19907732473379,5608.557176126912</coordinates>
            </Point>
        </Placemark>
        <Placemark id="793">
            <name/>
            <Point id="792">
                <coordinates>34.69849365390334,32.17619860830898,9653.843885436125</coordinates>
            </Point>
        </Placemark>
        <Placemark id="795">
            <name/>
            <Point id="794">
                <coordinates>34.69836415857561,32.17591630295428,9655.091677979251</coordinates>
            </Point>
        </Placemark>
        <Placemark id="797">
            <name/>
            <Point id="796">
                <coordinates>34.698522057442645,32.17569170291624,9643.29104892779</coordinates>
            </Point>
        </Placemark>
        <Placemark id="799">
            <name/>
            <Point id="798">
                <coordinates>34.6984857591147,32.17522399695007,9652.62368363106</coordinates>
            </Point>
        </Placemark>
        <Placemark id="801">
            <name/>
            <Point id="800">
                <coordinates>34.69654696719337,32.135528281611485,-1623.7297002967161</coordinates>
            </Point>
        </Placemark>
        <Placemark id="803">
            <name/>
            <Point id="802">
                <coordinates>34.697996240108225,32.17453248591727,9686.171983391841</coordinates>
            </Point>
        </Placemark>
        <Placemark id="805">
            <name/>
            <Point id="804">
                <coordinates>34.73173115977199,32.18698782808528,6647.456254315942</coordinates>
            </Point>
        </Placemark>
        <Placemark id="807">
            <name/>
            <Point id="806">
                <coordinates>34.709269330326315,32.119106008671665,2358.2314291855987</coordinates>
            </Point>
        </Placemark>
        <Placemark id="809">
            <name/>
            <Point id="808">
                <coordinates>34.71177582953586,32.2130401572227,1510.3243847744122</coordinates>
            </Point>
        </Placemark>
        <Placemark id="811">
            <name/>
            <Point id="810">
                <coordinates>34.69746143963034,31.972293946081496,1480.5483520804858</coordinates>
            </Point>
        </Placemark>
        <Placemark id="813">
            <name/>
            <Point id="812">
                <coordinates>34.71492514047034,32.05557004346574,-1851.1086161593246</coordinates>
            </Point>
        </Placemark>
        <Placemark id="815">
            <name/>
            <Point id="814">
                <coordinates>34.775075177397106,32.10243351276322,-2942.6958920422176</coordinates>
            </Point>
        </Placemark>
        <Placemark id="817">
            <name/>
            <Point id="816">
                <coordinates>34.545078649476196,32.20627108097737,2968.4711106562204</coordinates>
            </Point>
        </Placemark>
        <Placemark id="819">
            <name/>
            <Point id="818">
                <coordinates>34.62637603319358,32.137086491107354,9644.226880415057</coordinates>
            </Point>
        </Placemark>
        <Placemark id="821">
            <name/>
            <Point id="820">
                <coordinates>34.713447711686975,32.13012206358267,158.81944369037316</coordinates>
            </Point>
        </Placemark>
        <Placemark id="823">
            <name/>
            <Point id="822">
                <coordinates>34.71373060000743,32.13014936509346,176.30828543676859</coordinates>
            </Point>
        </Placemark>
        <Placemark id="825">
            <name/>
            <Point id="824">
                <coordinates>34.716785243370445,32.130241411795296,240.12840272774926</coordinates>
            </Point>
        </Placemark>
        <Placemark id="827">
            <name/>
            <Point id="826">
                <coordinates>34.71716921069752,32.13023986642933,219.71093513683343</coordinates>
            </Point>
        </Placemark>
        <Placemark id="829">
            <name/>
            <Point id="828">
                <coordinates>34.717440530552715,32.13007118240131,218.21868634901148</coordinates>
            </Point>
        </Placemark>
        <Placemark id="831">
            <name/>
            <Point id="830">
                <coordinates>34.71923331656865,32.2180327149358,-324.5753409380209</coordinates>
            </Point>
        </Placemark>
        <Placemark id="833">
            <name/>
            <Point id="832">
                <coordinates>34.75338005539578,32.0871096416825,6734.736914452014</coordinates>
            </Point>
        </Placemark>
        <Placemark id="835">
            <name/>
            <Point id="834">
                <coordinates>34.700863010247694,32.12550672244547,4770.0520297551275</coordinates>
            </Point>
        </Placemark>
        <Placemark id="837">
            <name/>
            <Point id="836">
                <coordinates>34.701086457385195,32.12538389272653,4770.22640935745</coordinates>
            </Point>
        </Placemark>
        <Placemark id="839">
            <name/>
            <Point id="838">
                <coordinates>34.701374290346955,32.12527222837166,4781.047490515271</coordinates>
            </Point>
        </Placemark>
        <Placemark id="841">
            <name/>
            <Point id="840">
                <coordinates>34.70158765292815,32.125171221194364,4754.808650388987</coordinates>
            </Point>
        </Placemark>
        <Placemark id="843">
            <name/>
            <Point id="842">
                <coordinates>34.75462511075004,32.08646747148763,6765.339033589306</coordinates>
            </Point>
        </Placemark>
        <Placemark id="845">
            <name/>
            <Point id="844">
                <coordinates>34.75479817011633,32.08634297501066,6766.092229475306</coordinates>
            </Point>
        </Placemark>
        <Placemark id="847">
            <name/>
            <Point id="846">
                <coordinates>34.75506830686262,32.086134596915244,6776.992726499071</coordinates>
            </Point>
        </Placemark>
        <Placemark id="849">
            <name/>
            <Point id="848">
                <coordinates>34.75527970192869,32.086016963458874,6783.335483257926</coordinates>
            </Point>
        </Placemark>
        <Placemark id="851">
            <name/>
            <Point id="850">
                <coordinates>34.75576297120328,32.08562187318858,6815.041091754692</coordinates>
            </Point>
        </Placemark>
        <Placemark id="853">
            <name/>
            <Point id="852">
                <coordinates>34.756018517661516,32.08550105456251,6799.061189996286</coordinates>
            </Point>
        </Placemark>
        <Placemark id="855">
            <name/>
            <Point id="854">
                <coordinates>34.75626385076413,32.085362914099036,6783.342156638211</coordinates>
            </Point>
        </Placemark>
        <Placemark id="857">
            <name/>
            <Point id="856">
                <coordinates>34.75647026946028,32.08518387156856,6756.895825705782</coordinates>
            </Point>
        </Placemark>
        <Placemark id="859">
            <name/>
            <Point id="858">
                <coordinates>34.75657422466168,32.08523944826249,6792.8761070961955</coordinates>
            </Point>
        </Placemark>
        <Placemark id="861">
            <name/>
            <Point id="860">
                <coordinates>34.756886705922646,32.084940159627585,6820.358106849764</coordinates>
            </Point>
        </Placemark>
        <Placemark id="863">
            <name/>
            <Point id="862">
                <coordinates>34.75715148681666,32.08472760591722,6810.512523634261</coordinates>
            </Point>
        </Placemark>
        <Placemark id="865">
            <name/>
            <Point id="864">
                <coordinates>34.75732517638952,32.08454389561845,6814.99365636023</coordinates>
            </Point>
        </Placemark>
        <Placemark id="867">
            <name/>
            <Point id="866">
                <coordinates>34.73123181865457,32.12570126658975,484.95304487843146</coordinates>
            </Point>
        </Placemark>
        <Placemark id="869">
            <name/>
            <Point id="868">
                <coordinates>34.755782390705164,32.044359154050845,6612.411712356281</coordinates>
            </Point>
        </Placemark>
        <Placemark id="871">
            <name/>
            <Point id="870">
                <coordinates>34.76589947843466,32.21878493233594,7633.4144376344475</coordinates>
            </Point>
        </Placemark>
        <Placemark id="873">
            <name/>
            <Point id="872">
                <coordinates>34.76606614727451,32.218637317692504,7640.378491322122</coordinates>
            </Point>
        </Placemark>
        <Placemark id="875">
            <name/>
            <Point id="874">
                <coordinates>34.76627150767294,32.21857923070873,7664.888883221468</coordinates>
            </Point>
        </Placemark>
        <Placemark id="877">
            <name/>
            <Point id="876">
                <coordinates>34.766479934296264,32.21842251870629,7665.613745305185</coordinates>
            </Point>
        </Placemark>
        <Placemark id="879">
            <name/>
            <Point id="878">
                <coordinates>34.76671070668455,32.21828710740989,7658.399475286976</coordinates>
            </Point>
        </Placemark>
        <Placemark id="881">
            <name/>
            <Point id="880">
                <coordinates>34.70678991093433,32.12253165268659,4782.909536293028</coordinates>
            </Point>
        </Placemark>
        <Placemark id="883">
            <name/>
            <Point id="882">
                <coordinates>34.75981212614167,32.083247301785526,6859.128911721327</coordinates>
            </Point>
        </Placemark>
        <Placemark id="885">
            <name/>
            <Point id="884">
                <coordinates>34.75999889301051,32.08319528072326,6874.358409613732</coordinates>
            </Point>
        </Placemark>
        <Placemark id="887">
            <name/>
            <Point id="886">
                <coordinates>34.76054914127245,32.082959278548465,6855.3976647563</coordinates>
            </Point>
        </Placemark>
        <Placemark id="889">
            <name/>
            <Point id="888">
                <coordinates>34.76054200901337,32.08294568066039,6877.9143023947645</coordinates>
            </Point>
        </Placemark>
        <Placemark id="891">
            <name/>
            <Point id="890">
                <coordinates>34.76078450851285,32.08288119739082,6872.708814120301</coordinates>
            </Point>
        </Placemark>
        <Placemark id="893">
            <name/>
            <Point id="892">
                <coordinates>34.708394240750316,32.122059504305106,4754.209258993986</coordinates>
            </Point>
        </Placemark>
        <Placemark id="895">
            <name/>
            <Point id="894">
                <coordinates>34.734600618718055,32.124180968601515,532.270980871902</coordinates>
            </Point>
        </Placemark>
        <Placemark id="897">
            <name/>
            <Point id="896">
                <coordinates>34.761502768761154,32.082559031499564,6882.724928675986</coordinates>
            </Point>
        </Placemark>
        <Placemark id="899">
            <name/>
            <Point id="898">
                <coordinates>34.76176775659369,32.08249706469586,6873.549951222367</coordinates>
            </Point>
        </Placemark>
        <Placemark id="901">
            <name/>
            <Point id="900">
                <coordinates>34.762076435243614,32.082326822634165,6884.744237654674</coordinates>
            </Point>
        </Placemark>
        <Placemark id="903">
            <name/>
            <Point id="902">
                <coordinates>34.76232842906384,32.08223044834714,6882.049867238097</coordinates>
            </Point>
        </Placemark>
        <Placemark id="905">
            <name/>
            <Point id="904">
                <coordinates>34.7356626727507,32.12386413915912,520.6300786642931</coordinates>
            </Point>
        </Placemark>
        <Placemark id="907">
            <name/>
            <Point id="906">
                <coordinates>34.762680829274025,32.0820747031519,6901.385902556201</coordinates>
            </Point>
        </Placemark>
        <Placemark id="909">
            <name/>
            <Point id="908">
                <coordinates>34.763030373462044,32.0819043359634,6906.482172309021</coordinates>
            </Point>
        </Placemark>
        <Placemark id="911">
            <name/>
            <Point id="910">
                <coordinates>34.76329849895397,32.0818009411441,6904.059502356908</coordinates>
            </Point>
        </Placemark>
        <Placemark id="913">
            <name/>
            <Point id="912">
                <coordinates>34.76805827542139,32.16850671765589,7417.491491272949</coordinates>
            </Point>
        </Placemark>
        <Placemark id="915">
            <name/>
            <Point id="914">
                <coordinates>34.76421120164314,32.08074599198882,7050.8357835770385</coordinates>
            </Point>
        </Placemark>
        <Placemark id="917">
            <name/>
            <Point id="916">
                <coordinates>34.80280595448774,32.07366253266927,3470.0324057287694</coordinates>
            </Point>
        </Placemark>
        <Placemark id="919">
            <name/>
            <Point id="918">
                <coordinates>34.768958285070184,32.07914117645845,7021.885232474174</coordinates>
            </Point>
        </Placemark>
        <Placemark id="921">
            <name/>
            <Point id="920">
                <coordinates>34.74160136079549,32.12140081574353,635.2879706752137</coordinates>
            </Point>
        </Placemark>
        <Placemark id="923">
            <name/>
            <Point id="922">
                <coordinates>34.74189350918523,32.12127408661535,629.8676588131933</coordinates>
            </Point>
        </Placemark>
        <Placemark id="925">
            <name/>
            <Point id="924">
                <coordinates>34.76952776932764,32.078990934639236,7012.288565236492</coordinates>
            </Point>
        </Placemark>
        <Placemark id="927">
            <name/>
            <Point id="926">
                <coordinates>34.769817360419204,32.07874521330967,7025.466793443486</coordinates>
            </Point>
        </Placemark>
        <Placemark id="929">
            <name/>
            <Point id="928">
                <coordinates>34.73932217507548,32.2083080833798,-513.7991038616289</coordinates>
            </Point>
        </Placemark>
        <Placemark id="931">
            <name/>
            <Point id="930">
                <coordinates>34.77551453908562,32.16402311972208,7540.111540827279</coordinates>
            </Point>
        </Placemark>
        <Placemark id="933">
            <name/>
            <Point id="932">
                <coordinates>34.77570843111637,32.16386626897655,7562.914090396946</coordinates>
            </Point>
        </Placemark>
        <Placemark id="935">
            <name/>
            <Point id="934">
                <coordinates>34.74420226394232,32.120350848911734,657.4154223653932</coordinates>
            </Point>
        </Placemark>
        <Placemark id="937">
            <name/>
            <Point id="936">
                <coordinates>34.772363766082215,32.07770391035863,7033.255930560152</coordinates>
            </Point>
        </Placemark>
        <Placemark id="939">
            <name/>
            <Point id="938">
                <coordinates>34.77271026707902,32.07751667214555,7037.178761970078</coordinates>
            </Point>
        </Placemark>
        <Placemark id="941">
            <name/>
            <Point id="940">
                <coordinates>34.7728475061541,32.077482652424656,7053.207698482522</coordinates>
            </Point>
        </Placemark>
        <Placemark id="943">
            <name/>
            <Point id="942">
                <coordinates>34.7732486176388,32.077139329295285,7086.548768133776</coordinates>
            </Point>
        </Placemark>
        <Placemark id="945">
            <name/>
            <Point id="944">
                <coordinates>34.773483050630134,32.07709818629285,7074.719161373598</coordinates>
            </Point>
        </Placemark>
        <Placemark id="947">
            <name/>
            <Point id="946">
                <coordinates>34.773745827741706,32.07703907943582,7055.685441487221</coordinates>
            </Point>
        </Placemark>
        <Placemark id="949">
            <name/>
            <Point id="948">
                <coordinates>34.74604073922071,32.11960494593794,668.4513004461834</coordinates>
            </Point>
        </Placemark>
        <Placemark id="951">
            <name/>
            <Point id="950">
                <coordinates>34.77827551417312,32.16240369691209,7585.650883757439</coordinates>
            </Point>
        </Placemark>
        <Placemark id="953">
            <name/>
            <Point id="952">
                <coordinates>34.77438439898491,32.07669383953691,7090.336823179543</coordinates>
            </Point>
        </Placemark>
        <Placemark id="955">
            <name/>
            <Point id="954">
                <coordinates>34.77470104504812,32.076513232972516,7099.868601062432</coordinates>
            </Point>
        </Placemark>
        <Placemark id="957">
            <name/>
            <Point id="956">
                <coordinates>34.598253917943026,32.196634149059705,3463.4632056154683</coordinates>
            </Point>
        </Placemark>
        <Placemark id="959">
            <name/>
            <Point id="958">
                <coordinates>34.5989328839082,32.19662830950867,3428.434269782877</coordinates>
            </Point>
        </Placemark>
        <Placemark id="961">
            <name/>
            <Point id="960">
                <coordinates>34.753029557481675,32.19714362878674,619.5488880097113</coordinates>
            </Point>
        </Placemark>
        <Placemark id="963">
            <name/>
            <Point id="962">
                <coordinates>34.75316877826219,32.11673715733213,786.5714744915442</coordinates>
            </Point>
        </Placemark>
        <Placemark id="965">
            <name/>
            <Point id="964">
                <coordinates>34.75338169917901,32.11661078048394,810.1812326972807</coordinates>
            </Point>
        </Placemark>
        <Placemark id="967">
            <name/>
            <Point id="966">
                <coordinates>34.782224330972625,32.07314833515204,7240.8899019672945</coordinates>
            </Point>
        </Placemark>
        <Placemark id="969">
            <name/>
            <Point id="968">
                <coordinates>34.75384547985288,32.116427713578275,820.0721498284405</coordinates>
            </Point>
        </Placemark>
        <Placemark id="971">
            <name/>
            <Point id="970">
                <coordinates>34.75403982092883,32.11636742182558,819.2503013306934</coordinates>
            </Point>
        </Placemark>
        <Placemark id="973">
            <name/>
            <Point id="972">
                <coordinates>34.75428989899366,32.11624462699007,808.4840007687242</coordinates>
            </Point>
        </Placemark>
        <Placemark id="975">
            <name/>
            <Point id="974">
                <coordinates>34.75449743103237,32.1160926358954,834.2216657710078</coordinates>
            </Point>
        </Placemark>
        <Placemark id="977">
            <name/>
            <Point id="976">
                <coordinates>34.75468577546781,32.11611093934578,786.9989315722655</coordinates>
            </Point>
        </Placemark>
        <Placemark id="979">
            <name/>
            <Point id="978">
                <coordinates>34.754905422952525,32.11591660773533,860.1039472280216</coordinates>
            </Point>
        </Placemark>
        <Placemark id="981">
            <name/>
            <Point id="980">
                <coordinates>34.75510187728338,32.11586945920775,812.6267564525778</coordinates>
            </Point>
        </Placemark>
        <Placemark id="983">
            <name/>
            <Point id="982">
                <coordinates>34.75532457068681,32.1157602387248,828.2623358112427</coordinates>
            </Point>
        </Placemark>
        <Placemark id="985">
            <name/>
            <Point id="984">
                <coordinates>34.75567420295297,32.11554881695377,867.0067484858789</coordinates>
            </Point>
        </Placemark>
        <Placemark id="987">
            <name/>
            <Point id="986">
                <coordinates>34.78569444812708,32.07159851748278,7289.157060034328</coordinates>
            </Point>
        </Placemark>
        <Placemark id="989">
            <name/>
            <Point id="988">
                <coordinates>34.819823099604704,32.065499399175664,3877.8621192740593</coordinates>
            </Point>
        </Placemark>
        <Placemark id="991">
            <name/>
            <Point id="990">
                <coordinates>34.78713132267469,32.07125157785939,7319.145959198017</coordinates>
            </Point>
        </Placemark>
        <Placemark id="993">
            <name/>
            <Point id="992">
                <coordinates>34.78078161361683,32.08125392158021,5928.403420615111</coordinates>
            </Point>
        </Placemark>
        <Placemark id="995">
            <name/>
            <Point id="994">
                <coordinates>34.78790255374108,32.071091253377865,7322.198365206078</coordinates>
            </Point>
        </Placemark>
        <Placemark id="997">
            <name/>
            <Point id="996">
                <coordinates>34.759113936330955,32.11502096514135,822.6396614168351</coordinates>
            </Point>
        </Placemark>
        <Placemark id="999">
            <name/>
            <Point id="998">
                <coordinates>34.78842449924036,32.071106649831094,7275.33223624687</coordinates>
            </Point>
        </Placemark>
        <Placemark id="1001">
            <name/>
            <Point id="1000">
                <coordinates>34.75928823220658,32.11495074870472,874.2376894707031</coordinates>
            </Point>
        </Placemark>
        <Placemark id="1003">
            <name/>
            <Point id="1002">
                <coordinates>34.821708213345104,32.0651073283551,3914.1497302012217</coordinates>
            </Point>
        </Placemark>
        <Placemark id="1005">
            <name/>
            <Point id="1004">
                <coordinates>34.760471105666724,32.1935231760912,776.1944154782686</coordinates>
            </Point>
        </Placemark>
        <Placemark id="1007">
            <name/>
            <Point id="1006">
                <coordinates>34.7722794612962,32.20246821128293,-1169.9000256075205</coordinates>
            </Point>
        </Placemark>
        <Placemark id="1009">
            <name/>
            <Point id="1008">
                <coordinates>34.82651555826254,32.06322835778837,4033.6945200054115</coordinates>
            </Point>
        </Placemark>
        <Placemark id="1011">
            <name/>
            <Point id="1010">
                <coordinates>34.82673090983221,32.06314449348391,4032.244622497196</coordinates>
            </Point>
        </Placemark>
        <Placemark id="1013">
            <name/>
            <Point id="1012">
                <coordinates>34.826933344576595,32.06308852586857,4036.8261843194746</coordinates>
            </Point>
        </Placemark>
        <Placemark id="1015">
            <name/>
            <Point id="1014">
                <coordinates>34.82708405689063,32.06299233421905,4049.3442072418034</coordinates>
            </Point>
        </Placemark>
        <Placemark id="1017">
            <name/>
            <Point id="1016">
                <coordinates>34.795201352844934,32.068677679957,7430.606621252746</coordinates>
            </Point>
        </Placemark>
        <Placemark id="1019">
            <name/>
            <Point id="1018">
                <coordinates>34.79533898648806,32.068674920579866,7425.146361278749</coordinates>
            </Point>
        </Placemark>
        <Placemark id="1021">
            <name/>
            <Point id="1020">
                <coordinates>34.79564429732789,32.06850302600244,7438.164739751207</coordinates>
            </Point>
        </Placemark>
        <Placemark id="1023">
            <name/>
            <Point id="1022">
                <coordinates>34.828004267017995,32.06259919967366,4064.0287518480836</coordinates>
            </Point>
        </Placemark>
        <Placemark id="1025">
            <name/>
            <Point id="1024">
                <coordinates>34.82819303319696,32.062500086464595,4074.8406453900325</coordinates>
            </Point>
        </Placemark>
        <Placemark id="1027">
            <name/>
            <Point id="1026">
                <coordinates>34.82846237559284,32.062367145262634,4084.610953798271</coordinates>
            </Point>
        </Placemark>
        <Placemark id="1029">
            <name/>
            <Point id="1028">
                <coordinates>34.82846866083179,32.062196849851695,4131.868015411152</coordinates>
            </Point>
        </Placemark>
        <Placemark id="1031">
            <name/>
            <Point id="1030">
                <coordinates>34.82894414847785,32.062165533072296,4083.723173561675</coordinates>
            </Point>
        </Placemark>
        <Placemark id="1033">
            <name/>
            <Point id="1032">
                <coordinates>34.82908171949702,32.06208505240952,4102.302542362381</coordinates>
            </Point>
        </Placemark>
        <Placemark id="1035">
            <name/>
            <Point id="1034">
                <coordinates>34.829323602702736,32.06201773871595,4104.746106365177</coordinates>
            </Point>
        </Placemark>
        <Placemark id="1037">
            <name/>
            <Point id="1036">
                <coordinates>34.82955942547841,32.061893975214915,4118.470447017614</coordinates>
            </Point>
        </Placemark>
        <Placemark id="1039">
            <name/>
            <Point id="1038">
                <coordinates>34.82983244782982,32.06180390645252,4124.505082111013</coordinates>
            </Point>
        </Placemark>
        <Placemark id="1041">
            <name/>
            <Point id="1040">
                <coordinates>34.79835905031472,32.06762968484859,7517.765411670283</coordinates>
            </Point>
        </Placemark>
        <Placemark id="1043">
            <name/>
            <Point id="1042">
                <coordinates>34.79877355598754,32.06748910320169,7501.3366188930195</coordinates>
            </Point>
        </Placemark>
        <Placemark id="1045">
            <name/>
            <Point id="1044">
                <coordinates>34.79911403362145,32.06744599293655,7490.633329139543</coordinates>
            </Point>
        </Placemark>
        <Placemark id="1047">
            <name/>
            <Point id="1046">
                <coordinates>34.799467028801665,32.06729900813011,7491.115186022686</coordinates>
            </Point>
        </Placemark>
        <Placemark id="1049">
            <name/>
            <Point id="1048">
                <coordinates>34.79986210773445,32.067364196005634,7484.607412037878</coordinates>
            </Point>
        </Placemark>
        <Placemark id="1051">
            <name/>
            <Point id="1050">
                <coordinates>34.80054258311503,32.06726949064524,7515.627096246026</coordinates>
            </Point>
        </Placemark>
        <Placemark id="1053">
            <name/>
            <Point id="1052">
                <coordinates>34.80092743460222,32.06730099363835,7501.715683501367</coordinates>
            </Point>
        </Placemark>
        <Placemark id="1055">
            <name/>
            <Point id="1054">
                <coordinates>34.80156969744626,32.06702088413436,7493.909975634721</coordinates>
            </Point>
        </Placemark>
        <Placemark id="1057">
            <name/>
            <Point id="1056">
                <coordinates>34.77133660290279,32.19977186511464,1087.0133634839863</coordinates>
            </Point>
        </Placemark>
        <Placemark id="1059">
            <name/>
            <Point id="1058">
                <coordinates>34.80215905101386,32.06723943644046,7531.381508762282</coordinates>
            </Point>
        </Placemark>
        <Placemark id="1061">
            <name/>
            <Point id="1060">
                <coordinates>34.79185218166636,32.06945795457732,8602.024610048977</coordinates>
            </Point>
        </Placemark>
        <Placemark id="1063">
            <name/>
            <Point id="1062">
                <coordinates>34.74984574848074,32.11091365044696,4801.022383717122</coordinates>
            </Point>
        </Placemark>
        <Placemark id="1065">
            <name/>
            <Point id="1064">
                <coordinates>34.80308092348512,32.06756353360979,7530.22085883744</coordinates>
            </Point>
        </Placemark>
        <Placemark id="1067">
            <name/>
            <Point id="1066">
                <coordinates>34.8033173532583,32.06761094148716,7535.853223189641</coordinates>
            </Point>
        </Placemark>
        <Placemark id="1069">
            <name/>
            <Point id="1068">
                <coordinates>34.803532586930565,32.06759819994434,7573.2432929687875</coordinates>
            </Point>
        </Placemark>
        <Placemark id="1071">
            <name/>
            <Point id="1070">
                <coordinates>34.80389029352,32.067585620644124,7570.4365638853715</coordinates>
            </Point>
        </Placemark>
        <Placemark id="1073">
            <name/>
            <Point id="1072">
                <coordinates>34.835541617881084,32.061930105300576,4237.124522370914</coordinates>
            </Point>
        </Placemark>
        <Placemark id="1075">
            <name/>
            <Point id="1074">
                <coordinates>34.77403336539351,32.01491697068894,1071.9243227079328</coordinates>
            </Point>
        </Placemark>
        <Placemark id="1077">
            <name/>
            <Point id="1076">
                <coordinates>34.80764447133824,32.06921856776045,7640.051337462907</coordinates>
            </Point>
        </Placemark>
        <Placemark id="1079">
            <name/>
            <Point id="1078">
                <coordinates>34.80792612322817,32.06928304115152,7648.608423580326</coordinates>
            </Point>
        </Placemark>
        <Placemark id="1081">
            <name/>
            <Point id="1080">
                <coordinates>34.80804385820476,32.06949712158454,7652.926955160642</coordinates>
            </Point>
        </Placemark>
        <Placemark id="1083">
            <name/>
            <Point id="1082">
                <coordinates>34.808387056997084,32.06954490790098,7661.011059741727</coordinates>
            </Point>
        </Placemark>
        <Placemark id="1085">
            <name/>
            <Point id="1084">
                <coordinates>34.80848899352115,32.06981510779961,7646.985417971615</coordinates>
            </Point>
        </Placemark>
        <Placemark id="1087">
            <name/>
            <Point id="1086">
                <coordinates>34.80880111055632,32.06987961169515,7659.723071467082</coordinates>
            </Point>
        </Placemark>
        <Placemark id="1089">
            <name/>
            <Point id="1088">
                <coordinates>34.809013690758874,32.07005285333293,7656.852358395086</coordinates>
            </Point>
        </Placemark>
        <Placemark id="1091">
            <name/>
            <Point id="1090">
                <coordinates>34.81688362866806,32.1059012238011,9541.375858606752</coordinates>
            </Point>
        </Placemark>
        <Placemark id="1093">
            <name/>
            <Point id="1092">
                <coordinates>34.7785021703841,32.11612694875268,1181.4054490173125</coordinates>
            </Point>
        </Placemark>
        <Placemark id="1095">
            <name/>
            <Point id="1094">
                <coordinates>34.77857520437257,32.11632168762589,1184.7663908651045</coordinates>
            </Point>
        </Placemark>
        <Placemark id="1097">
            <name/>
            <Point id="1096">
                <coordinates>34.77890542803857,32.11638182688189,1171.5802993067898</coordinates>
            </Point>
        </Placemark>
        <Placemark id="1099">
            <name/>
            <Point id="1098">
                <coordinates>34.77918615015142,32.11635260526069,1207.1959810112182</coordinates>
            </Point>
        </Placemark>
        <Placemark id="1101">
            <name/>
            <Point id="1100">
                <coordinates>34.77911388843724,32.19112548431246,1294.4851608392444</coordinates>
            </Point>
        </Placemark>
        <Placemark id="1103">
            <name/>
            <Point id="1102">
                <coordinates>34.77961838934889,32.11671644098008,1193.7906562945527</coordinates>
            </Point>
        </Placemark>
        <Placemark id="1105">
            <name/>
            <Point id="1104">
                <coordinates>34.81121634260964,32.07084819729908,7686.227695858526</coordinates>
            </Point>
        </Placemark>
        <Placemark id="1107">
            <name/>
            <Point id="1106">
                <coordinates>34.81154252891885,32.07090941203233,7686.268438878452</coordinates>
            </Point>
        </Placemark>
        <Placemark id="1109">
            <name/>
            <Point id="1108">
                <coordinates>34.8117985668545,32.07101697284081,7693.936903870332</coordinates>
            </Point>
        </Placemark>
        <Placemark id="1111">
            <name/>
            <Point id="1110">
                <coordinates>34.84772145543338,32.06570833579388,4527.094086221363</coordinates>
            </Point>
        </Placemark>
        <Placemark id="1113">
            <name/>
            <Point id="1112">
                <coordinates>34.84825782841495,32.06565883410729,4547.797759097457</coordinates>
            </Point>
        </Placemark>
        <Placemark id="1115">
            <name/>
            <Point id="1114">
                <coordinates>34.817699968526384,32.0371017760168,7561.985422975394</coordinates>
            </Point>
        </Placemark>
        <Placemark id="1117">
            <name/>
            <Point id="1116">
                <coordinates>34.818570296331686,32.071719192026826,7786.726218719281</coordinates>
            </Point>
        </Placemark>
        <Placemark id="1119">
            <name/>
            <Point id="1118">
                <coordinates>34.81894776099762,32.07144328392627,7777.349335631107</coordinates>
            </Point>
        </Placemark>
        <Placemark id="1121">
            <name/>
            <Point id="1120">
                <coordinates>34.820678035046726,32.15262153710411,8301.465117425641</coordinates>
            </Point>
        </Placemark>
        <Placemark id="1123">
            <name/>
            <Point id="1122">
                <coordinates>34.819606804986456,32.07128772005117,7800.968588324221</coordinates>
            </Point>
        </Placemark>
        <Placemark id="1125">
            <name/>
            <Point id="1124">
                <coordinates>34.819811929612754,32.071305564805535,7805.813672815909</coordinates>
            </Point>
        </Placemark>
        <Placemark id="1127">
            <name/>
            <Point id="1126">
                <coordinates>34.82024048666675,32.07123224263781,7788.658840697183</coordinates>
            </Point>
        </Placemark>
        <Placemark id="1129">
            <name/>
            <Point id="1128">
                <coordinates>34.820405303199855,32.071276785491456,7801.201668594007</coordinates>
            </Point>
        </Placemark>
        <Placemark id="1131">
            <name/>
            <Point id="1130">
                <coordinates>34.8212905887121,32.07115223735131,7809.349995668851</coordinates>
            </Point>
        </Placemark>
        <Placemark id="1133">
            <name/>
            <Point id="1132">
                <coordinates>34.796067570933424,32.19587687459083,-759.9277764220273</coordinates>
            </Point>
        </Placemark>
        <Placemark id="1135">
            <name/>
            <Point id="1134">
                <coordinates>34.798153348863714,32.11702208669143,1473.0222881729678</coordinates>
            </Point>
        </Placemark>
        <Placemark id="1137">
            <name/>
            <Point id="1136">
                <coordinates>34.79830609387788,32.11710111527042,1466.1684219818553</coordinates>
            </Point>
        </Placemark>
        <Placemark id="1139">
            <name/>
            <Point id="1138">
                <coordinates>34.79983229479767,32.11687237893346,1521.9523807548628</coordinates>
            </Point>
        </Placemark>
        <Placemark id="1141">
            <name/>
            <Point id="1140">
                <coordinates>34.833575495404766,32.06922349613033,7969.583984205788</coordinates>
            </Point>
        </Placemark>
        <Placemark id="1143">
            <name/>
            <Point id="1142">
                <coordinates>34.80623510830131,32.115160554235445,1164.234759311983</coordinates>
            </Point>
        </Placemark>
        <Placemark id="1145">
            <name/>
            <Point id="1144">
                <coordinates>34.83998991951029,32.06726549139918,8082.940361740232</coordinates>
            </Point>
        </Placemark>
        <Placemark id="1147">
            <name/>
            <Point id="1146">
                <coordinates>34.84021043182356,32.067090741401856,8108.961802003874</coordinates>
            </Point>
        </Placemark>
        <Placemark id="1149">
            <name/>
            <Point id="1148">
                <coordinates>34.840400709737125,32.06711881102384,8107.7260827676555</coordinates>
            </Point>
        </Placemark>
        <Placemark id="1151">
            <name/>
            <Point id="1150">
                <coordinates>34.86928717200601,32.06124129050735,4988.591059234497</coordinates>
            </Point>
        </Placemark>
        <Placemark id="1153">
            <name/>
            <Point id="1152">
                <coordinates>34.86957001283744,32.06114912250526,4996.796662209404</coordinates>
            </Point>
        </Placemark>
        <Placemark id="1155">
            <name/>
            <Point id="1154">
                <coordinates>34.869731434555945,32.06107985573602,5012.238871870755</coordinates>
            </Point>
        </Placemark>
        <Placemark id="1157">
            <name/>
            <Point id="1156">
                <coordinates>34.87004291268673,32.06103242730221,4991.436650545735</coordinates>
            </Point>
        </Placemark>
        <Placemark id="1159">
            <name/>
            <Point id="1158">
                <coordinates>34.870506026989794,32.06077155519444,5019.41728277926</coordinates>
            </Point>
        </Placemark>
        <Placemark id="1161">
            <name/>
            <Point id="1160">
                <coordinates>34.870758422640094,32.06075599883711,5013.40845173386</coordinates>
            </Point>
        </Placemark>
        <Placemark id="1163">
            <name/>
            <Point id="1162">
                <coordinates>34.87094694019158,32.0606588207328,5033.3579945122865</coordinates>
            </Point>
        </Placemark>
        <Placemark id="1165">
            <name/>
            <Point id="1164">
                <coordinates>34.84273814512627,32.06628638742041,8148.003302887966</coordinates>
            </Point>
        </Placemark>
        <Placemark id="1167">
            <name/>
            <Point id="1166">
                <coordinates>34.843221753344295,32.06626898462879,8102.164116182246</coordinates>
            </Point>
        </Placemark>
        <Placemark id="1169">
            <name/>
            <Point id="1168">
                <coordinates>34.87168544588076,32.060372191548936,5051.617076660226</coordinates>
            </Point>
        </Placemark>
        <Placemark id="1171">
            <name/>
            <Point id="1170">
                <coordinates>34.871954740964334,32.06027627134311,5057.564988968425</coordinates>
            </Point>
        </Placemark>
        <Placemark id="1173">
            <name/>
            <Point id="1172">
                <coordinates>34.872144599928404,32.060209209727134,5078.882901220776</coordinates>
            </Point>
        </Placemark>
        <Placemark id="1175">
            <name/>
            <Point id="1174">
                <coordinates>34.87241041624297,32.06012004987394,5070.244212239954</coordinates>
            </Point>
        </Placemark>
        <Placemark id="1177">
            <name/>
            <Point id="1176">
                <coordinates>34.81902844115417,32.10118862519974,3541.596716913224</coordinates>
            </Point>
        </Placemark>
        <Placemark id="1179">
            <name/>
            <Point id="1178">
                <coordinates>34.844803571221746,32.06567154891904,8158.989270347858</coordinates>
            </Point>
        </Placemark>
        <Placemark id="1181">
            <name/>
            <Point id="1180">
                <coordinates>34.84507728407588,32.0655902084021,8161.987467198346</coordinates>
            </Point>
        </Placemark>
        <Placemark id="1183">
            <name/>
            <Point id="1182">
                <coordinates>34.845652482337876,32.144280847034054,8690.12471113808</coordinates>
            </Point>
        </Placemark>
        <Placemark id="1185">
            <name/>
            <Point id="1184">
                <coordinates>34.845548367147664,32.06547274697651,8166.7855929939515</coordinates>
            </Point>
        </Placemark>
        <Placemark id="1187">
            <name/>
            <Point id="1186">
                <coordinates>34.84585131433396,32.14419010149159,8697.956564314254</coordinates>
            </Point>
        </Placemark>
        <Placemark id="1189">
            <name/>
            <Point id="1188">
                <coordinates>34.846744091515504,32.14398010194502,8713.797273907641</coordinates>
            </Point>
        </Placemark>
        <Placemark id="1191">
            <name/>
            <Point id="1190">
                <coordinates>34.84690118075408,32.14384436476013,8706.628314975496</coordinates>
            </Point>
        </Placemark>
        <Placemark id="1193">
            <name/>
            <Point id="1192">
                <coordinates>34.847317454049616,32.143936243859166,8702.616131073726</coordinates>
            </Point>
        </Placemark>
        <Placemark id="1195">
            <name/>
            <Point id="1194">
                <coordinates>34.8474234069205,32.06509928847523,8183.928877188026</coordinates>
            </Point>
        </Placemark>
        <Placemark id="1197">
            <name/>
            <Point id="1196">
                <coordinates>34.84785467392062,32.06503450061855,8183.395014214208</coordinates>
            </Point>
        </Placemark>
        <Placemark id="1199">
            <name/>
            <Point id="1198">
                <coordinates>34.8480249575683,32.065009273307496,8195.039613272964</coordinates>
            </Point>
        </Placemark>
        <Placemark id="1201">
            <name/>
            <Point id="1200">
                <coordinates>34.848243124126924,32.06504895108848,8206.337979697666</coordinates>
            </Point>
        </Placemark>
        <Placemark id="1203">
            <name/>
            <Point id="1202">
                <coordinates>34.84868219820113,32.065010303006986,8185.960787963096</coordinates>
            </Point>
        </Placemark>
        <Placemark id="1205">
            <name/>
            <Point id="1204">
                <coordinates>34.84891238118978,32.06495843033593,8208.620378324358</coordinates>
            </Point>
        </Placemark>
        <Placemark id="1207">
            <name/>
            <Point id="1206">
                <coordinates>34.84927441436962,32.064809829520094,8202.815435597642</coordinates>
            </Point>
        </Placemark>
        <Placemark id="1209">
            <name/>
            <Point id="1208">
                <coordinates>34.84968437059839,32.06482603205965,8198.201886789815</coordinates>
            </Point>
        </Placemark>
        <Placemark id="1211">
            <name/>
            <Point id="1210">
                <coordinates>34.84979016656048,32.06491653167125,8208.457990576553</coordinates>
            </Point>
        </Placemark>
        <Placemark id="1213">
            <name/>
            <Point id="1212">
                <coordinates>34.85024275944032,32.06476116013555,8212.529381044564</coordinates>
            </Point>
        </Placemark>
        <Placemark id="1215">
            <name/>
            <Point id="1214">
                <coordinates>34.85046269358331,32.06470177772402,8218.680572945794</coordinates>
            </Point>
        </Placemark>
        <Placemark id="1217">
            <name/>
            <Point id="1216">
                <coordinates>34.81616046469505,32.13108000395888,1850.6400444602637</coordinates>
            </Point>
        </Placemark>
        <Placemark id="1219">
            <name/>
            <Point id="1218">
                <coordinates>34.86416927376421,27.37589329333753,-1279.487030529839</coordinates>
            </Point>
        </Placemark>
        <Placemark id="1221">
            <name/>
            <Point id="1220">
                <coordinates>34.865386573251435,27.291004329056495,-1051.895602870622</coordinates>
            </Point>
        </Placemark>
        <Placemark id="1223">
            <name/>
            <Point id="1222">
                <coordinates>34.82362389084495,32.1135275008925,2943.8786199280985</coordinates>
            </Point>
        </Placemark>
        <Placemark id="1225">
            <name/>
            <Point id="1224">
                <coordinates>34.852554923856474,32.197442993142985,-1636.7780547935886</coordinates>
            </Point>
        </Placemark>
        <Placemark id="1227">
            <name/>
            <Point id="1226">
                <coordinates>34.711489918403316,32.19597757531874,1102.363934585979</coordinates>
            </Point>
        </Placemark>
        <Placemark id="1229">
            <name/>
            <Point id="1228">
                <coordinates>34.85765565754308,32.200497712615544,-2308.9285592386464</coordinates>
            </Point>
        </Placemark>
        <Placemark id="1231">
            <name/>
            <Point id="1230">
                <coordinates>34.81702531854176,32.11199816831747,4919.531063940426</coordinates>
            </Point>
        </Placemark>
        <Placemark id="1233">
            <name/>
            <Point id="1232">
                <coordinates>34.833375947150145,32.11284086266788,2044.8640915911367</coordinates>
            </Point>
        </Placemark>
        <Placemark id="1235">
            <name/>
            <Point id="1234">
                <coordinates>34.8336846974269,32.112767508054525,2051.1465927278127</coordinates>
            </Point>
        </Placemark>
        <Placemark id="1237">
            <name/>
            <Point id="1236">
                <coordinates>34.833731506090714,32.112772850264214,2067.4740227898524</coordinates>
            </Point>
        </Placemark>
        <Placemark id="1239">
            <name/>
            <Point id="1238">
                <coordinates>34.83422186702599,32.112679287666666,2049.7483809444752</coordinates>
            </Point>
        </Placemark>
        <Placemark id="1241">
            <name/>
            <Point id="1240">
                <coordinates>34.87095428897948,32.061929172733905,8523.408698658315</coordinates>
            </Point>
        </Placemark>
        <Placemark id="1243">
            <name/>
            <Point id="1242">
                <coordinates>34.87148996738088,32.061565379446456,8546.207152278756</coordinates>
            </Point>
        </Placemark>
        <Placemark id="1245">
            <name/>
            <Point id="1244">
                <coordinates>34.87170087076061,32.06149985672074,8551.642723998548</coordinates>
            </Point>
        </Placemark>
        <Placemark id="1247">
            <name/>
            <Point id="1246">
                <coordinates>34.871856739250404,32.06162822322265,8526.017828041659</coordinates>
            </Point>
        </Placemark>
        <Placemark id="1249">
            <name/>
            <Point id="1248">
                <coordinates>34.87207349152965,32.06139133003737,8558.358426683717</coordinates>
            </Point>
        </Placemark>
        <Placemark id="1251">
            <name/>
            <Point id="1250">
                <coordinates>34.872104236741826,32.06137823515039,8580.532785513124</coordinates>
            </Point>
        </Placemark>
        <Placemark id="1253">
            <name/>
            <Point id="1252">
                <coordinates>34.86903936018915,32.061908713470054,8970.024832573685</coordinates>
            </Point>
        </Placemark>
        <Placemark id="1255">
            <name/>
            <Point id="1254">
                <coordinates>34.86875237582074,32.062169206085876,8991.006409191126</coordinates>
            </Point>
        </Placemark>
        <Placemark id="1257">
            <name/>
            <Point id="1256">
                <coordinates>34.89871861919122,32.05559238821178,5667.851945310311</coordinates>
            </Point>
        </Placemark>
        <Placemark id="1259">
            <name/>
            <Point id="1258">
                <coordinates>34.87321799292477,32.06114015097488,8550.323898240918</coordinates>
            </Point>
        </Placemark>
        <Placemark id="1261">
            <name/>
            <Point id="1260">
                <coordinates>34.89899449816795,32.055386129985244,5709.320643769442</coordinates>
            </Point>
        </Placemark>
        <Placemark id="1263">
            <name/>
            <Point id="1262">
                <coordinates>34.89953465398976,32.05536028349224,5676.105744442434</coordinates>
            </Point>
        </Placemark>
        <Placemark id="1265">
            <name/>
            <Point id="1264">
                <coordinates>34.83675133732836,32.11201229601676,2117.159009538942</coordinates>
            </Point>
        </Placemark>
        <Placemark id="1267">
            <name/>
            <Point id="1266">
                <coordinates>34.874144404184165,32.060809886733246,8573.84710029571</coordinates>
            </Point>
        </Placemark>
        <Placemark id="1269">
            <name/>
            <Point id="1268">
                <coordinates>34.87458973911091,32.06066366426236,8562.000201318113</coordinates>
            </Point>
        </Placemark>
        <Placemark id="1271">
            <name/>
            <Point id="1270">
                <coordinates>34.874743802502785,32.0605436767775,8568.946529719296</coordinates>
            </Point>
        </Placemark>
        <Placemark id="1273">
            <name/>
            <Point id="1272">
                <coordinates>34.874982550375215,32.06046715596158,8591.314216138493</coordinates>
            </Point>
        </Placemark>
        <Placemark id="1275">
            <name/>
            <Point id="1274">
                <coordinates>34.87526049619019,32.06030852479336,8610.153218989848</coordinates>
            </Point>
        </Placemark>
        <Placemark id="1277">
            <name/>
            <Point id="1276">
                <coordinates>34.87556179673591,32.060254082600636,8595.055921799703</coordinates>
            </Point>
        </Placemark>
        <Placemark id="1279">
            <name/>
            <Point id="1278">
                <coordinates>34.875892975118546,32.06015594635574,8585.726442449093</coordinates>
            </Point>
        </Placemark>
        <Placemark id="1281">
            <name/>
            <Point id="1280">
                <coordinates>34.83846253702362,32.11157007602832,2134.5562438965094</coordinates>
            </Point>
        </Placemark>
        <Placemark id="1283">
            <name/>
            <Point id="1282">
                <coordinates>34.876253320690886,32.05993958235587,8614.883332023557</coordinates>
            </Point>
        </Placemark>
        <Placemark id="1285">
            <name/>
            <Point id="1284">
                <coordinates>34.8388079205052,32.111463055915934,2166.0664387358506</coordinates>
            </Point>
        </Placemark>
        <Placemark id="1287">
            <name/>
            <Point id="1286">
                <coordinates>34.876676341929794,32.05977695128828,8630.287978945053</coordinates>
            </Point>
        </Placemark>
        <Placemark id="1289">
            <name/>
            <Point id="1288">
                <coordinates>34.87692737441657,32.05972658508974,8638.111510911156</coordinates>
            </Point>
        </Placemark>
        <Placemark id="1291">
            <name/>
            <Point id="1290">
                <coordinates>34.876917453394505,32.05982752942472,8625.374026275345</coordinates>
            </Point>
        </Placemark>
        <Placemark id="1293">
            <name/>
            <Point id="1292">
                <coordinates>34.87719872174931,32.05968548988367,8639.924871994206</coordinates>
            </Point>
        </Placemark>
        <Placemark id="1295">
            <name/>
            <Point id="1294">
                <coordinates>34.87743418528344,32.059640136732455,8635.325272002956</coordinates>
            </Point>
        </Placemark>
        <Placemark id="1297">
            <name/>
            <Point id="1296">
                <coordinates>34.87763313428306,32.05951895806543,8643.24341452164</coordinates>
            </Point>
        </Placemark>
        <Placemark id="1299">
            <name/>
            <Point id="1298">
                <coordinates>34.90309427000577,32.05379785031759,5842.759852395801</coordinates>
            </Point>
        </Placemark>
        <Placemark id="1301">
            <name/>
            <Point id="1300">
                <coordinates>34.903342993684134,32.05372237549193,5833.914365293889</coordinates>
            </Point>
        </Placemark>
        <Placemark id="1303">
            <name/>
            <Point id="1302">
                <coordinates>34.9034276216002,32.05364359357737,5850.312762868788</coordinates>
            </Point>
        </Placemark>
        <Placemark id="1305">
            <name/>
            <Point id="1304">
                <coordinates>34.87856385150014,32.059276405599455,8627.551374611992</coordinates>
            </Point>
        </Placemark>
        <Placemark id="1307">
            <name/>
            <Point id="1306">
                <coordinates>34.878789597183975,32.05915882687883,8624.872484351808</coordinates>
            </Point>
        </Placemark>
        <Placemark id="1309">
            <name/>
            <Point id="1308">
                <coordinates>34.879031172333406,32.05901023780414,8646.606171641371</coordinates>
            </Point>
        </Placemark>
        <Placemark id="1311">
            <name/>
            <Point id="1310">
                <coordinates>34.87925398017685,32.05887641491844,8653.386281323641</coordinates>
            </Point>
        </Placemark>
        <Placemark id="1313">
            <name/>
            <Point id="1312">
                <coordinates>34.879491360771055,32.05872460181826,8659.507133318679</coordinates>
            </Point>
        </Placemark>
        <Placemark id="1315">
            <name/>
            <Point id="1314">
                <coordinates>34.879717062132585,32.058633792307845,8663.763512207894</coordinates>
            </Point>
        </Placemark>
        <Placemark id="1317">
            <name/>
            <Point id="1316">
                <coordinates>34.90501306379228,32.05290199460437,5851.831302987211</coordinates>
            </Point>
        </Placemark>
        <Placemark id="1319">
            <name/>
            <Point id="1318">
                <coordinates>34.879997392020776,32.058411677925974,8697.071683563063</coordinates>
            </Point>
        </Placemark>
        <Placemark id="1321">
            <name/>
            <Point id="1320">
                <coordinates>34.88036232658413,32.05819997498254,8685.40625252995</coordinates>
            </Point>
        </Placemark>
        <Placemark id="1323">
            <name/>
            <Point id="1322">
                <coordinates>34.88056693120008,32.0580707080052,8690.98926297386</coordinates>
            </Point>
        </Placemark>
        <Placemark id="1325">
            <name/>
            <Point id="1324">
                <coordinates>34.880823785659985,32.05788187574453,8685.890100484665</coordinates>
            </Point>
        </Placemark>
        <Placemark id="1327">
            <name/>
            <Point id="1326">
                <coordinates>34.880975609402235,32.057767562618444,8706.6366090312</coordinates>
            </Point>
        </Placemark>
        <Placemark id="1329">
            <name/>
            <Point id="1328">
                <coordinates>34.88123517761472,32.05758562104479,8699.292198131214</coordinates>
            </Point>
        </Placemark>
        <Placemark id="1331">
            <name/>
            <Point id="1330">
                <coordinates>34.88151554224475,32.05746343989782,8693.866743586608</coordinates>
            </Point>
        </Placemark>
        <Placemark id="1333">
            <name/>
            <Point id="1332">
                <coordinates>34.881653168442185,32.05733368994496,8718.525125447535</coordinates>
            </Point>
        </Placemark>
        <Placemark id="1335">
            <name/>
            <Point id="1334">
                <coordinates>34.881942925463385,32.05715339360528,8717.842779285691</coordinates>
            </Point>
        </Placemark>
        <Placemark id="1337">
            <name/>
            <Point id="1336">
                <coordinates>34.88224095579781,32.05693689201851,8712.382103252325</coordinates>
            </Point>
        </Placemark>
        <Placemark id="1339">
            <name/>
            <Point id="1338">
                <coordinates>34.882350893610976,32.05688208806818,8728.130398679166</coordinates>
            </Point>
        </Placemark>
        <Placemark id="1341">
            <name/>
            <Point id="1340">
                <coordinates>34.88255497996069,32.05678920751113,8733.107835816372</coordinates>
            </Point>
        </Placemark>
        <Placemark id="1343">
            <name/>
            <Point id="1342">
                <coordinates>34.882740610582076,32.056659030055656,8738.076971025112</coordinates>
            </Point>
        </Placemark>
        <Placemark id="1345">
            <name/>
            <Point id="1344">
                <coordinates>34.88293467783406,32.05654830270108,8751.955827510948</coordinates>
            </Point>
        </Placemark>
        <Placemark id="1347">
            <name/>
            <Point id="1346">
                <coordinates>34.883175457087766,32.05641730741902,8771.62712154347</coordinates>
            </Point>
        </Placemark>
        <Placemark id="1349">
            <name/>
            <Point id="1348">
                <coordinates>34.883579160912205,32.05613415959003,8747.222582098668</coordinates>
            </Point>
        </Placemark>
        <Placemark id="1351">
            <name/>
            <Point id="1350">
                <coordinates>34.88366097187455,32.05606899760388,8781.619559461375</coordinates>
            </Point>
        </Placemark>
        <Placemark id="1353">
            <name/>
            <Point id="1352">
                <coordinates>34.88388435190098,32.055903206825285,8767.860486713658</coordinates>
            </Point>
        </Placemark>
        <Placemark id="1355">
            <name/>
            <Point id="1354">
                <coordinates>34.884196261018594,32.05572583468765,8770.93298560695</coordinates>
            </Point>
        </Placemark>
        <Placemark id="1357">
            <name/>
            <Point id="1356">
                <coordinates>34.88446412420351,32.05554215659906,8772.079063906154</coordinates>
            </Point>
        </Placemark>
        <Placemark id="1359">
            <name/>
            <Point id="1358">
                <coordinates>34.884573475118934,32.05540207898829,8784.771424193377</coordinates>
            </Point>
        </Placemark>
        <Placemark id="1361">
            <name/>
            <Point id="1360">
                <coordinates>34.88486083363702,32.055280870402974,8766.397240836912</coordinates>
            </Point>
        </Placemark>
        <Placemark id="1363">
            <name/>
            <Point id="1362">
                <coordinates>34.88506017867129,32.055112398737265,8772.299122078926</coordinates>
            </Point>
        </Placemark>
        <Placemark id="1365">
            <name/>
            <Point id="1364">
                <coordinates>34.90975351490654,32.04946214429206,6027.331190136862</coordinates>
            </Point>
        </Placemark>
        <Placemark id="1367">
            <name/>
            <Point id="1366">
                <coordinates>34.885527979752375,32.054806305498005,8816.09146847059</coordinates>
            </Point>
        </Placemark>
        <Placemark id="1369">
            <name/>
            <Point id="1368">
                <coordinates>34.88571840196985,32.054683700311706,8783.098380151694</coordinates>
            </Point>
        </Placemark>
        <Placemark id="1371">
            <name/>
            <Point id="1370">
                <coordinates>34.883773659529226,32.054948171695735,9051.375650207281</coordinates>
            </Point>
        </Placemark>
        <Placemark id="1373">
            <name/>
            <Point id="1372">
                <coordinates>34.883987965839125,32.05488875963896,9064.644683898969</coordinates>
            </Point>
        </Placemark>
        <Placemark id="1375">
            <name/>
            <Point id="1374">
                <coordinates>34.884240399533724,32.05466214138635,9037.410435342514</coordinates>
            </Point>
        </Placemark>
        <Placemark id="1377">
            <name/>
            <Point id="1376">
                <coordinates>34.88667966561172,32.054101098126395,8833.774319632235</coordinates>
            </Point>
        </Placemark>
        <Placemark id="1379">
            <name/>
            <Point id="1378">
                <coordinates>34.884653851226474,32.05454156187483,9100.074264728428</coordinates>
            </Point>
        </Placemark>
        <Placemark id="1381">
            <name/>
            <Point id="1380">
                <coordinates>34.88720083543717,32.053863040205314,8820.02186087795</coordinates>
            </Point>
        </Placemark>
        <Placemark id="1383">
            <name/>
            <Point id="1382">
                <coordinates>34.88726260001794,32.05364659332816,8835.249135293227</coordinates>
            </Point>
        </Placemark>
        <Placemark id="1385">
            <name/>
            <Point id="1384">
                <coordinates>34.88763221508835,32.0534311226318,8790.683149018421</coordinates>
            </Point>
        </Placemark>
        <Placemark id="1387">
            <name/>
            <Point id="1386">
                <coordinates>34.91205797730575,32.04784668018731,6074.584028056162</coordinates>
            </Point>
        </Placemark>
        <Placemark id="1389">
            <name/>
            <Point id="1388">
                <coordinates>34.885872114222366,32.05369344576899,9038.079386209705</coordinates>
            </Point>
        </Placemark>
        <Placemark id="1391">
            <name/>
            <Point id="1390">
                <coordinates>34.888181249137475,32.053064128005374,8833.923810699807</coordinates>
            </Point>
        </Placemark>
        <Placemark id="1393">
            <name/>
            <Point id="1392">
                <coordinates>34.88844281376053,32.05290939091943,8840.481622148976</coordinates>
            </Point>
        </Placemark>
        <Placemark id="1395">
            <name/>
            <Point id="1394">
                <coordinates>34.88874426796946,32.052713034026226,8830.199156053754</coordinates>
            </Point>
        </Placemark>
        <Placemark id="1397">
            <name/>
            <Point id="1396">
                <coordinates>34.88877050551113,32.05264596247092,8883.929870656097</coordinates>
            </Point>
        </Placemark>
        <Placemark id="1399">
            <name/>
            <Point id="1398">
                <coordinates>34.889163149866285,32.052449243009825,8848.02285272976</coordinates>
            </Point>
        </Placemark>
        <Placemark id="1401">
            <name/>
            <Point id="1400">
                <coordinates>34.88937856992169,32.0522868937583,8833.985319064166</coordinates>
            </Point>
        </Placemark>
        <Placemark id="1403">
            <name/>
            <Point id="1402">
                <coordinates>34.88968958408462,32.052144426485306,8833.220721375008</coordinates>
            </Point>
        </Placemark>
        <Placemark id="1405">
            <name/>
            <Point id="1404">
                <coordinates>34.889760764051374,32.05205721240774,8868.915456642868</coordinates>
            </Point>
        </Placemark>
        <Placemark id="1407">
            <name/>
            <Point id="1406">
                <coordinates>34.890076341096204,32.0518657192357,8866.33128822781</coordinates>
            </Point>
        </Placemark>
        <Placemark id="1409">
            <name/>
            <Point id="1408">
                <coordinates>34.89023738692487,32.05168800384166,8884.1045458688</coordinates>
            </Point>
        </Placemark>
        <Placemark id="1411">
            <name/>
            <Point id="1410">
                <coordinates>34.89049946581624,32.05160227115511,8881.114996687684</coordinates>
            </Point>
        </Placemark>
        <Placemark id="1413">
            <name/>
            <Point id="1412">
                <coordinates>34.89069709009802,32.05145019824701,8889.444238917702</coordinates>
            </Point>
        </Placemark>
        <Placemark id="1415">
            <name/>
            <Point id="1414">
                <coordinates>34.88914899769679,32.05169414789921,9089.382580782054</coordinates>
            </Point>
        </Placemark>
        <Placemark id="1417">
            <name/>
            <Point id="1416">
                <coordinates>34.89132269380497,32.0511724271469,8890.804979947416</coordinates>
            </Point>
        </Placemark>
        <Placemark id="1419">
            <name/>
            <Point id="1418">
                <coordinates>34.89153845779551,32.05096280633199,8886.280616597274</coordinates>
            </Point>
        </Placemark>
        <Placemark id="1421">
            <name/>
            <Point id="1420">
                <coordinates>34.89174727407162,32.05084070493238,8881.466981207333</coordinates>
            </Point>
        </Placemark>
        <Placemark id="1423">
            <name/>
            <Point id="1422">
                <coordinates>34.89199957652518,32.05070634166553,8872.959299322396</coordinates>
            </Point>
        </Placemark>
        <Placemark id="1425">
            <name/>
            <Point id="1424">
                <coordinates>34.89221691750561,32.05062630028015,8894.02267420735</coordinates>
            </Point>
        </Placemark>
        <Placemark id="1427">
            <name/>
            <Point id="1426">
                <coordinates>34.8924028444979,32.05048363548832,8907.512843410197</coordinates>
            </Point>
        </Placemark>
        <Placemark id="1429">
            <name/>
            <Point id="1428">
                <coordinates>34.89267320867774,32.05038645427467,8906.24647423127</coordinates>
            </Point>
        </Placemark>
        <Placemark id="1431">
            <name/>
            <Point id="1430">
                <coordinates>34.892799385252694,32.05032048538085,8908.719095514582</coordinates>
            </Point>
        </Placemark>
        <Placemark id="1433">
            <name/>
            <Point id="1432">
                <coordinates>34.91687882986562,32.04467294741396,6225.253966760944</coordinates>
            </Point>
        </Placemark>
        <Placemark id="1435">
            <name/>
            <Point id="1434">
                <coordinates>34.91716963385493,32.04462420847265,6198.312354938329</coordinates>
            </Point>
        </Placemark>
        <Placemark id="1437">
            <name/>
            <Point id="1436">
                <coordinates>34.917291311300346,32.04444370395132,6234.877346816778</coordinates>
            </Point>
        </Placemark>
        <Placemark id="1439">
            <name/>
            <Point id="1438">
                <coordinates>34.9176399697279,32.0441594656321,6287.728711970297</coordinates>
            </Point>
        </Placemark>
        <Placemark id="1441">
            <name/>
            <Point id="1440">
                <coordinates>34.91823288921646,32.044133102381764,6244.534016105485</coordinates>
            </Point>
        </Placemark>
        <Placemark id="1443">
            <name/>
            <Point id="1442">
                <coordinates>34.918475905965494,32.04405507830686,6258.926284304687</coordinates>
            </Point>
        </Placemark>
        <Placemark id="1445">
            <name/>
            <Point id="1444">
                <coordinates>34.91870088724067,32.04395072814206,6255.917801124486</coordinates>
            </Point>
        </Placemark>
        <Placemark id="1447">
            <name/>
            <Point id="1446">
                <coordinates>34.918863719844,32.04387974658267,6277.839513602394</coordinates>
            </Point>
        </Placemark>
        <Placemark id="1449">
            <name/>
            <Point id="1448">
                <coordinates>34.919165837811136,32.043760982519196,6263.655342150973</coordinates>
            </Point>
        </Placemark>
        <Placemark id="1451">
            <name/>
            <Point id="1450">
                <coordinates>34.919426589419984,32.043772279918606,6286.326139324683</coordinates>
            </Point>
        </Placemark>
        <Placemark id="1453">
            <name/>
            <Point id="1452">
                <coordinates>34.919715287520944,32.04370249271325,6265.174374513914</coordinates>
            </Point>
        </Placemark>
        <Placemark id="1455">
            <name/>
            <Point id="1454">
                <coordinates>34.91991305664374,32.04357663001745,6290.144987466899</coordinates>
            </Point>
        </Placemark>
        <Placemark id="1457">
            <name/>
            <Point id="1456">
                <coordinates>34.92043562428129,32.043537922784814,6281.678251563349</coordinates>
            </Point>
        </Placemark>
        <Placemark id="1459">
            <name/>
            <Point id="1458">
                <coordinates>34.92056824483308,32.04346040740888,6329.110181029183</coordinates>
            </Point>
        </Placemark>
        <Placemark id="1461">
            <name/>
            <Point id="1460">
                <coordinates>34.86113332398963,32.10241789037883,2611.205720260238</coordinates>
            </Point>
        </Placemark>
        <Placemark id="1463">
            <name/>
            <Point id="1462">
                <coordinates>34.861594400016905,32.10238260972654,2591.182128486557</coordinates>
            </Point>
        </Placemark>
        <Placemark id="1465">
            <name/>
            <Point id="1464">
                <coordinates>34.859948842226984,32.18757730798583,3607.297115375293</coordinates>
            </Point>
        </Placemark>
        <Placemark id="1467">
            <name/>
            <Point id="1466">
                <coordinates>34.862229508985514,32.10245133077299,2619.350446045855</coordinates>
            </Point>
        </Placemark>
        <Placemark id="1469">
            <name/>
            <Point id="1468">
                <coordinates>34.86251376017692,32.10239344222307,2589.1547870415366</coordinates>
            </Point>
        </Placemark>
        <Placemark id="1471">
            <name/>
            <Point id="1470">
                <coordinates>34.90366932782798,32.04835102203093,9000.717138530294</coordinates>
            </Point>
        </Placemark>
        <Placemark id="1473">
            <name/>
            <Point id="1472">
                <coordinates>34.92667421073488,32.04307423660439,6380.80309945857</coordinates>
            </Point>
        </Placemark>
        <Placemark id="1475">
            <name/>
            <Point id="1474">
                <coordinates>34.903981710434685,32.04832018490513,9018.629478158877</coordinates>
            </Point>
        </Placemark>
        <Placemark id="1477">
            <name/>
            <Point id="1476">
                <coordinates>34.90415890844678,32.04840180609965,9032.137933569924</coordinates>
            </Point>
        </Placemark>
        <Placemark id="1479">
            <name/>
            <Point id="1478">
                <coordinates>34.92743518881646,32.04300405551422,6406.4807865489065</coordinates>
            </Point>
        </Placemark>
        <Placemark id="1481">
            <name/>
            <Point id="1480">
                <coordinates>34.92773963378118,32.043021733092715,6405.073995497771</coordinates>
            </Point>
        </Placemark>
        <Placemark id="1483">
            <name/>
            <Point id="1482">
                <coordinates>34.92795386009274,32.042959364227876,6414.837517450811</coordinates>
            </Point>
        </Placemark>
        <Placemark id="1485">
            <name/>
            <Point id="1484">
                <coordinates>34.92820132312522,32.042936077785384,6420.879632654846</coordinates>
            </Point>
        </Placemark>
        <Placemark id="1487">
            <name/>
            <Point id="1486">
                <coordinates>34.92838819766436,32.04284000075571,6457.542820854941</coordinates>
            </Point>
        </Placemark>
        <Placemark id="1489">
            <name/>
            <Point id="1488">
                <coordinates>34.928711621798946,32.04289867434366,6433.569680876672</coordinates>
            </Point>
        </Placemark>
        <Placemark id="1491">
            <name/>
            <Point id="1490">
                <coordinates>34.92895086886845,32.04284410454843,6450.850354347204</coordinates>
            </Point>
        </Placemark>
        <Placemark id="1493">
            <name/>
            <Point id="1492">
                <coordinates>34.92917811039041,32.042923153838544,6448.913836775821</coordinates>
            </Point>
        </Placemark>
        <Placemark id="1495">
            <name/>
            <Point id="1494">
                <coordinates>34.92937726038037,32.042886045533955,6464.3686728663915</coordinates>
            </Point>
        </Placemark>
        <Placemark id="1497">
            <name/>
            <Point id="1496">
                <coordinates>34.91370319420641,32.04883459114252,9146.84087961991</coordinates>
            </Point>
        </Placemark>
        <Placemark id="1499">
            <name/>
            <Point id="1498">
                <coordinates>34.872583417845206,32.10396111122061,2797.12868804394</coordinates>
            </Point>
        </Placemark>
        <Placemark id="1501">
            <name/>
            <Point id="1500">
                <coordinates>34.87280035577898,32.1041217782795,2810.531675917376</coordinates>
            </Point>
        </Placemark>
        <Placemark id="1503">
            <name/>
            <Point id="1502">
                <coordinates>34.87307538466436,32.10416210984254,2827.9987977891624</coordinates>
            </Point>
        </Placemark>
        <Placemark id="1505">
            <name/>
            <Point id="1504">
                <coordinates>34.8732439865503,32.10446053850758,2814.364055133632</coordinates>
            </Point>
        </Placemark>
        <Placemark id="1507">
            <name/>
            <Point id="1506">
                <coordinates>34.87348267860299,32.10456980048561,2826.2846913542403</coordinates>
            </Point>
        </Placemark>
        <Placemark id="1509">
            <name/>
            <Point id="1508">
                <coordinates>34.87364658567318,32.104731060836635,2827.3939706151978</coordinates>
            </Point>
        </Placemark>
        <Placemark id="1511">
            <name/>
            <Point id="1510">
                <coordinates>34.87399367185896,32.10483187888012,2823.862286383243</coordinates>
            </Point>
        </Placemark>
        <Placemark id="1513">
            <name/>
            <Point id="1512">
                <coordinates>34.91562514274575,32.05012807703492,9134.571735618729</coordinates>
            </Point>
        </Placemark>
        <Placemark id="1515">
            <name/>
            <Point id="1514">
                <coordinates>34.91620044905496,32.04987878137478,9155.091930711174</coordinates>
            </Point>
        </Placemark>
        <Placemark id="1517">
            <name/>
            <Point id="1516">
                <coordinates>34.916386043831245,32.05016235059928,9142.497073738481</coordinates>
            </Point>
        </Placemark>
        <Placemark id="1519">
            <name/>
            <Point id="1518">
                <coordinates>34.91680932721036,32.05016832497539,9147.164490159144</coordinates>
            </Point>
        </Placemark>
        <Placemark id="1521">
            <name/>
            <Point id="1520">
                <coordinates>34.91686241324598,32.05044198599071,9145.51077124716</coordinates>
            </Point>
        </Placemark>
        <Placemark id="1523">
            <name/>
            <Point id="1522">
                <coordinates>34.91716118434961,32.05058015735064,9165.12771692761</coordinates>
            </Point>
        </Placemark>
        <Placemark id="1525">
            <name/>
            <Point id="1524">
                <coordinates>34.91750025590502,32.0505950828691,9163.105962722635</coordinates>
            </Point>
        </Placemark>
        <Placemark id="1527">
            <name/>
            <Point id="1526">
                <coordinates>34.9178321033863,32.050664063575795,9174.031942341691</coordinates>
            </Point>
        </Placemark>
        <Placemark id="1529">
            <name/>
            <Point id="1528">
                <coordinates>34.875931460226404,32.10629557388574,2863.5798250994917</coordinates>
            </Point>
        </Placemark>
        <Placemark id="1531">
            <name/>
            <Point id="1530">
                <coordinates>34.918227628765074,32.05107284179085,9174.580797167455</coordinates>
            </Point>
        </Placemark>
        <Placemark id="1533">
            <name/>
            <Point id="1532">
                <coordinates>34.918235858910386,32.05118714203463,9203.813077068904</coordinates>
            </Point>
        </Placemark>
        <Placemark id="1535">
            <name/>
            <Point id="1534">
                <coordinates>34.91846365976953,32.05132712669175,9202.866591603653</coordinates>
            </Point>
        </Placemark>
        <Placemark id="1537">
            <name/>
            <Point id="1536">
                <coordinates>34.919109521863504,32.05129959409869,9169.729294386598</coordinates>
            </Point>
        </Placemark>
        <Placemark id="1539">
            <name/>
            <Point id="1538">
                <coordinates>34.91918756012955,32.05161936005244,9152.885990728484</coordinates>
            </Point>
        </Placemark>
        <Placemark id="1541">
            <name/>
            <Point id="1540">
                <coordinates>34.91974299614434,32.05158904381874,9153.169372134791</coordinates>
            </Point>
        </Placemark>
        <Placemark id="1543">
            <name/>
            <Point id="1542">
                <coordinates>34.919430786232105,32.05180323906327,9209.693461315946</coordinates>
            </Point>
        </Placemark>
        <Placemark id="1545">
            <name/>
            <Point id="1544">
                <coordinates>34.919691928423404,32.0518845878183,9226.096536285795</coordinates>
            </Point>
        </Placemark>
        <Placemark id="1547">
            <name/>
            <Point id="1546">
                <coordinates>34.920428775925124,32.051942625066445,9162.154256299613</coordinates>
            </Point>
        </Placemark>
        <Placemark id="1549">
            <name/>
            <Point id="1548">
                <coordinates>34.92074068898154,32.051959917010045,9153.572745945214</coordinates>
            </Point>
        </Placemark>
        <Placemark id="1551">
            <name/>
            <Point id="1550">
                <coordinates>34.87840659820765,32.10773901711629,2923.392986931195</coordinates>
            </Point>
        </Placemark>
        <Placemark id="1553">
            <name/>
            <Point id="1552">
                <coordinates>34.92141037039677,32.052013678130706,9171.488228702578</coordinates>
            </Point>
        </Placemark>
        <Placemark id="1555">
            <name/>
            <Point id="1554">
                <coordinates>34.92099473911196,32.052234529608995,9250.5585029755</coordinates>
            </Point>
        </Placemark>
        <Placemark id="1557">
            <name/>
            <Point id="1556">
                <coordinates>34.94250376219818,32.04700572289417,6804.753563871418</coordinates>
            </Point>
        </Placemark>
        <Placemark id="1559">
            <name/>
            <Point id="1558">
                <coordinates>34.94273347401478,32.04713066793018,6806.373604124555</coordinates>
            </Point>
        </Placemark>
        <Placemark id="1561">
            <name/>
            <Point id="1560">
                <coordinates>34.94299780313154,32.04709115876818,6832.839452695441</coordinates>
            </Point>
        </Placemark>
        <Placemark id="1563">
            <name/>
            <Point id="1562">
                <coordinates>34.94331236488265,32.04721265682803,6806.213305888837</coordinates>
            </Point>
        </Placemark>
        <Placemark id="1565">
            <name/>
            <Point id="1564">
                <coordinates>34.923234751560976,32.05228226436732,9157.161785514</coordinates>
            </Point>
        </Placemark>
        <Placemark id="1567">
            <name/>
            <Point id="1566">
                <coordinates>34.923464474360955,32.05226834766744,9181.577510234594</coordinates>
            </Point>
        </Placemark>
        <Placemark id="1569">
            <name/>
            <Point id="1568">
                <coordinates>34.923810508962156,32.052260462069135,9180.921540607822</coordinates>
            </Point>
        </Placemark>
        <Placemark id="1571">
            <name/>
            <Point id="1570">
                <coordinates>34.92409354986561,32.05231757494613,9184.942931911814</coordinates>
            </Point>
        </Placemark>
        <Placemark id="1573">
            <name/>
            <Point id="1572">
                <coordinates>34.9242989187274,32.05239206303356,9183.595157736001</coordinates>
            </Point>
        </Placemark>
        <Placemark id="1575">
            <name/>
            <Point id="1574">
                <coordinates>34.924771145951226,32.052325603466414,9180.851929221864</coordinates>
            </Point>
        </Placemark>
        <Placemark id="1577">
            <name/>
            <Point id="1576">
                <coordinates>34.92509208925511,32.052299325250246,9189.766243902346</coordinates>
            </Point>
        </Placemark>
        <Placemark id="1579">
            <name/>
            <Point id="1578">
                <coordinates>34.92523609884923,32.05243013726661,9190.460611039307</coordinates>
            </Point>
        </Placemark>
        <Placemark id="1581">
            <name/>
            <Point id="1580">
                <coordinates>34.92564513875497,32.05241793809836,9195.746970534386</coordinates>
            </Point>
        </Placemark>
        <Placemark id="1583">
            <name/>
            <Point id="1582">
                <coordinates>34.92604585239319,32.05236683842554,9181.708525172835</coordinates>
            </Point>
        </Placemark>
        <Placemark id="1585">
            <name/>
            <Point id="1584">
                <coordinates>34.92620939251057,32.05241565488478,9205.034604895445</coordinates>
            </Point>
        </Placemark>
        <Placemark id="1587">
            <name/>
            <Point id="1586">
                <coordinates>34.92650237573764,32.052529514089215,9186.319303784285</coordinates>
            </Point>
        </Placemark>
        <Placemark id="1589">
            <name/>
            <Point id="1588">
                <coordinates>34.92689545233445,32.05242090819296,9189.190950221602</coordinates>
            </Point>
        </Placemark>
        <Placemark id="1591">
            <name/>
            <Point id="1590">
                <coordinates>34.9271434476081,32.052439372903976,9208.630509207916</coordinates>
            </Point>
        </Placemark>
        <Placemark id="1593">
            <name/>
            <Point id="1592">
                <coordinates>34.9273646175059,32.05255658069847,9200.379982509165</coordinates>
            </Point>
        </Placemark>
        <Placemark id="1595">
            <name/>
            <Point id="1594">
                <coordinates>34.92786523140712,32.05244830597095,9197.879008022104</coordinates>
            </Point>
        </Placemark>
        <Placemark id="1597">
            <name/>
            <Point id="1596">
                <coordinates>34.92690595474737,32.05279235676557,9339.003265008849</coordinates>
            </Point>
        </Placemark>
        <Placemark id="1599">
            <name/>
            <Point id="1598">
                <coordinates>34.94799316685959,32.04764355336452,6923.736200413813</coordinates>
            </Point>
        </Placemark>
        <Placemark id="1601">
            <name/>
            <Point id="1600">
                <coordinates>34.94823415152238,32.04765271685747,6927.031749460609</coordinates>
            </Point>
        </Placemark>
        <Placemark id="1603">
            <name/>
            <Point id="1602">
                <coordinates>34.94850697960161,32.047676587342394,6935.473329487923</coordinates>
            </Point>
        </Placemark>
        <Placemark id="1605">
            <name/>
            <Point id="1604">
                <coordinates>34.9280764227933,32.05290564512244,9338.45793413765</coordinates>
            </Point>
        </Placemark>
        <Placemark id="1607">
            <name/>
            <Point id="1606">
                <coordinates>34.948915109255964,32.04779410602606,6963.761786063192</coordinates>
            </Point>
        </Placemark>
        <Placemark id="1609">
            <name/>
            <Point id="1608">
                <coordinates>34.94919727711818,32.047737998605385,6977.75560349602</coordinates>
            </Point>
        </Placemark>
        <Placemark id="1611">
            <name/>
            <Point id="1610">
                <coordinates>34.94947287840288,32.04780392384889,6966.466793677325</coordinates>
            </Point>
        </Placemark>
        <Placemark id="1613">
            <name/>
            <Point id="1612">
                <coordinates>34.949641340994326,32.0477369719214,7004.07538119205</coordinates>
            </Point>
        </Placemark>
        <Placemark id="1615">
            <name/>
            <Point id="1614">
                <coordinates>34.94999932940819,32.0479010662584,6968.638353266916</coordinates>
            </Point>
        </Placemark>
        <Placemark id="1617">
            <name/>
            <Point id="1616">
                <coordinates>34.9503967654994,32.04775802854828,7033.684927338711</coordinates>
            </Point>
        </Placemark>
        <Placemark id="1619">
            <name/>
            <Point id="1618">
                <coordinates>34.9511961631613,32.04790954761601,7025.166205404274</coordinates>
            </Point>
        </Placemark>
        <Placemark id="1621">
            <name/>
            <Point id="1620">
                <coordinates>34.951415682215305,32.04794102667813,7021.719372029269</coordinates>
            </Point>
        </Placemark>
        <Placemark id="1623">
            <name/>
            <Point id="1622">
                <coordinates>34.951689825189504,32.04796318228637,7023.413869765833</coordinates>
            </Point>
        </Placemark>
        <Placemark id="1625">
            <name/>
            <Point id="1624">
                <coordinates>34.954107060882635,32.04819576406636,7069.823227521822</coordinates>
            </Point>
        </Placemark>
        <Placemark id="1627">
            <name/>
            <Point id="1626">
                <coordinates>34.95454215180398,32.04821933126072,7100.089017495064</coordinates>
            </Point>
        </Placemark>
        <Placemark id="1629">
            <name/>
            <Point id="1628">
                <coordinates>34.95509733920208,32.048317543987885,7087.268840378291</coordinates>
            </Point>
        </Placemark>
        <Placemark id="1631">
            <name/>
            <Point id="1630">
                <coordinates>34.95528739930232,32.04830064915464,7115.429605447574</coordinates>
            </Point>
        </Placemark>
        <Placemark id="1633">
            <name/>
            <Point id="1632">
                <coordinates>34.95578209438916,32.04836119470529,7135.235369661824</coordinates>
            </Point>
        </Placemark>
        <Placemark id="1635">
            <name/>
            <Point id="1634">
                <coordinates>34.95604981083114,32.048383674136964,7140.379406402403</coordinates>
            </Point>
        </Placemark>
        <Placemark id="1637">
            <name/>
            <Point id="1636">
                <coordinates>34.956581611457,32.048450898746545,7133.043706265999</coordinates>
            </Point>
        </Placemark>
        <Placemark id="1639">
            <name/>
            <Point id="1638">
                <coordinates>34.95704292447194,32.04850000747447,7162.858104100072</coordinates>
            </Point>
        </Placemark>
        <Placemark id="1641">
            <name/>
            <Point id="1640">
                <coordinates>34.957863246171144,32.04861166561468,7164.414247431921</coordinates>
            </Point>
        </Placemark>
        <Placemark id="1643">
            <name/>
            <Point id="1642">
                <coordinates>34.960645092714444,32.048427532198964,7247.627796976118</coordinates>
            </Point>
        </Placemark>
        <Placemark id="1645">
            <name/>
            <Point id="1644">
                <coordinates>34.9609278343692,32.04852895969904,7232.894498559872</coordinates>
            </Point>
        </Placemark>
        <Placemark id="1647">
            <name/>
            <Point id="1646">
                <coordinates>34.96122578189413,32.04843614176018,7243.891045384992</coordinates>
            </Point>
        </Placemark>
        <Placemark id="1649">
            <name/>
            <Point id="1648">
                <coordinates>34.961459311427895,32.04842042094338,7231.774711695055</coordinates>
            </Point>
        </Placemark>
        <Placemark id="1651">
            <name/>
            <Point id="1650">
                <coordinates>34.96166886889555,32.04831429438309,7272.451969408164</coordinates>
            </Point>
        </Placemark>
        <Placemark id="1653">
            <name/>
            <Point id="1652">
                <coordinates>34.96197436641643,32.04831950762413,7254.020859063813</coordinates>
            </Point>
        </Placemark>
        <Placemark id="1655">
            <name/>
            <Point id="1654">
                <coordinates>34.962238661963134,32.0482038198294,7267.619637937869</coordinates>
            </Point>
        </Placemark>
        <Placemark id="1657">
            <name/>
            <Point id="1656">
                <coordinates>34.962480911307686,32.04811750035941,7284.660949868494</coordinates>
            </Point>
        </Placemark>
        <Placemark id="1659">
            <name/>
            <Point id="1658">
                <coordinates>34.96282617136105,32.048231878159235,7223.706776450527</coordinates>
            </Point>
        </Placemark>
        <Placemark id="1661">
            <name/>
            <Point id="1660">
                <coordinates>34.96306872271503,32.048103194297894,7272.021266375592</coordinates>
            </Point>
        </Placemark>
        <Placemark id="1663">
            <name/>
            <Point id="1662">
                <coordinates>34.96324474180535,32.04800705357896,7311.624643875662</coordinates>
            </Point>
        </Placemark>
        <Placemark id="1665">
            <name/>
            <Point id="1664">
                <coordinates>34.96343190747281,32.047950556215255,7323.666644324323</coordinates>
            </Point>
        </Placemark>
        <Placemark id="1667">
            <name/>
            <Point id="1666">
                <coordinates>34.96365082665182,32.04790866369733,7341.278655586984</coordinates>
            </Point>
        </Placemark>
        <Placemark id="1669">
            <name/>
            <Point id="1668">
                <coordinates>34.964109876197305,32.047915032995334,7294.33637712721</coordinates>
            </Point>
        </Placemark>
        <Placemark id="1671">
            <name/>
            <Point id="1670">
                <coordinates>34.964341695665084,32.04789406289646,7289.378832358832</coordinates>
            </Point>
        </Placemark>
        <Placemark id="1673">
            <name/>
            <Point id="1672">
                <coordinates>34.96462959796143,32.04786865762642,7285.770067740907</coordinates>
            </Point>
        </Placemark>
        <Placemark id="1675">
            <name/>
            <Point id="1674">
                <coordinates>34.94574072080036,32.05273701695379,9573.555851797464</coordinates>
            </Point>
        </Placemark>
        <Placemark id="1677">
            <name/>
            <Point id="1676">
                <coordinates>34.96514655186163,32.047727872425845,7326.333978925503</coordinates>
            </Point>
        </Placemark>
        <Placemark id="1679">
            <name/>
            <Point id="1678">
                <coordinates>34.96520406696976,32.0476889438032,7371.616096784212</coordinates>
            </Point>
        </Placemark>
        <Placemark id="1681">
            <name/>
            <Point id="1680">
                <coordinates>34.96566665586915,32.04763511946998,7319.091236314224</coordinates>
            </Point>
        </Placemark>
        <Placemark id="1683">
            <name/>
            <Point id="1682">
                <coordinates>34.965874887744874,32.04756253689484,7354.928914856335</coordinates>
            </Point>
        </Placemark>
        <Placemark id="1685">
            <name/>
            <Point id="1684">
                <coordinates>34.96618362821159,32.04771170738495,7316.184473913567</coordinates>
            </Point>
        </Placemark>
        <Placemark id="1687">
            <name/>
            <Point id="1686">
                <coordinates>34.96635701162142,32.0475071811349,7369.886216941519</coordinates>
            </Point>
        </Placemark>
        <Placemark id="1689">
            <name/>
            <Point id="1688">
                <coordinates>34.89386825626584,32.11000583272932,5158.6342928156455</coordinates>
            </Point>
        </Placemark>
        <Placemark id="1691">
            <name/>
            <Point id="1690">
                <coordinates>34.90355113421056,32.11033233372306,3375.3635006493996</coordinates>
            </Point>
        </Placemark>
        <Placemark id="1693">
            <name/>
            <Point id="1692">
                <coordinates>34.904060298933764,32.11018352450779,3397.073058003985</coordinates>
            </Point>
        </Placemark>
        <Placemark id="1695">
            <name/>
            <Point id="1694">
                <coordinates>34.90427455358299,32.110144165498234,3416.6970138149</coordinates>
            </Point>
        </Placemark>
        <Placemark id="1697">
            <name/>
            <Point id="1696">
                <coordinates>34.949246966692236,32.051826631565596,9636.356376183741</coordinates>
            </Point>
        </Placemark>
        <Placemark id="1699">
            <name/>
            <Point id="1698">
                <coordinates>34.90276123766659,32.193602445072436,4874.660962281787</coordinates>
            </Point>
        </Placemark>
        <Placemark id="1701">
            <name/>
            <Point id="1700">
                <coordinates>34.949788713254705,32.05166323615384,9628.22252988947</coordinates>
            </Point>
        </Placemark>
        <Placemark id="1703">
            <name/>
            <Point id="1702">
                <coordinates>34.9500899720733,32.05151255075088,9636.328530162962</coordinates>
            </Point>
        </Placemark>
        <Placemark id="1705">
            <name/>
            <Point id="1704">
                <coordinates>34.950337001369526,32.051395834369345,9643.659556245544</coordinates>
            </Point>
        </Placemark>
        <Placemark id="1707">
            <name/>
            <Point id="1706">
                <coordinates>34.95052970467211,32.05128820697192,9646.619349504082</coordinates>
            </Point>
        </Placemark>
        <Placemark id="1709">
            <name/>
            <Point id="1708">
                <coordinates>34.95083577766603,32.051173728873174,9633.486829639465</coordinates>
            </Point>
        </Placemark>
        <Placemark id="1711">
            <name/>
            <Point id="1710">
                <coordinates>34.95101245824537,32.05101537475253,9663.855712464081</coordinates>
            </Point>
        </Placemark>
        <Placemark id="1713">
            <name/>
            <Point id="1712">
                <coordinates>34.95128227487943,32.05085504460326,9661.828216277607</coordinates>
            </Point>
        </Placemark>
        <Placemark id="1715">
            <name/>
            <Point id="1714">
                <coordinates>34.95169574068743,32.050698987262244,9648.164328392388</coordinates>
            </Point>
        </Placemark>
        <Placemark id="1717">
            <name/>
            <Point id="1716">
                <coordinates>34.95195032999619,32.0505137195559,9653.479945639798</coordinates>
            </Point>
        </Placemark>
        <Placemark id="1719">
            <name/>
            <Point id="1718">
                <coordinates>34.95210680526598,32.050449874074324,9658.01150740747</coordinates>
            </Point>
        </Placemark>
        <Placemark id="1721">
            <name/>
            <Point id="1720">
                <coordinates>34.952326798820806,32.05032152676773,9661.53639809511</coordinates>
            </Point>
        </Placemark>
        <Placemark id="1723">
            <name/>
            <Point id="1722">
                <coordinates>34.95538322296628,32.04946254401972,9343.072302392055</coordinates>
            </Point>
        </Placemark>
        <Placemark id="1725">
            <name/>
            <Point id="1724">
                <coordinates>34.95582896588354,32.04926378340084,9324.55401929219</coordinates>
            </Point>
        </Placemark>
        <Placemark id="1727">
            <name/>
            <Point id="1726">
                <coordinates>34.9561213630405,32.04907644590611,9329.790367315618</coordinates>
            </Point>
        </Placemark>
        <Placemark id="1729">
            <name/>
            <Point id="1728">
                <coordinates>34.9564410043482,32.04896002068759,9310.94889919387</coordinates>
            </Point>
        </Placemark>
        <Placemark id="1731">
            <name/>
            <Point id="1730">
                <coordinates>34.956654501633544,32.048834217956404,9321.393028225775</coordinates>
            </Point>
        </Placemark>
        <Placemark id="1733">
            <name/>
            <Point id="1732">
                <coordinates>34.956986448128795,32.04863679449101,9329.235063041373</coordinates>
            </Point>
        </Placemark>
        <Placemark id="1735">
            <name/>
            <Point id="1734">
                <coordinates>34.95716367617332,32.04856335186727,9334.075360740311</coordinates>
            </Point>
        </Placemark>
        <Placemark id="1737">
            <name/>
            <Point id="1736">
                <coordinates>34.95749145944424,32.048324599248474,9345.259565426604</coordinates>
            </Point>
        </Placemark>
        <Placemark id="1739">
            <name/>
            <Point id="1738">
                <coordinates>34.9577275695056,32.048229698522015,9340.722616937888</coordinates>
            </Point>
        </Placemark>
        <Placemark id="1741">
            <name/>
            <Point id="1740">
                <coordinates>34.957966295384246,32.04812745011266,9341.996731928968</coordinates>
            </Point>
        </Placemark>
        <Placemark id="1743">
            <name/>
            <Point id="1742">
                <coordinates>34.95525796686349,32.0487416316675,9711.138843691288</coordinates>
            </Point>
        </Placemark>
        <Placemark id="1745">
            <name/>
            <Point id="1744">
                <coordinates>34.955457994159474,32.04859672279596,9718.116297133363</coordinates>
            </Point>
        </Placemark>
        <Placemark id="1747">
            <name/>
            <Point id="1746">
                <coordinates>34.955727439062365,32.04848659498017,9721.765341250473</coordinates>
            </Point>
        </Placemark>
        <Placemark id="1749">
            <name/>
            <Point id="1748">
                <coordinates>34.95925558697871,32.047417492713144,9336.019908736193</coordinates>
            </Point>
        </Placemark>
        <Placemark id="1751">
            <name/>
            <Point id="1750">
                <coordinates>34.95944825437122,32.04734086323833,9346.754392422488</coordinates>
            </Point>
        </Placemark>
        <Placemark id="1753">
            <name/>
            <Point id="1752">
                <coordinates>34.959755421687596,32.04722842795104,9335.379179294523</coordinates>
            </Point>
        </Placemark>
        <Placemark id="1755">
            <name/>
            <Point id="1754">
                <coordinates>34.96009403430346,32.047028047954804,9341.39236339301</coordinates>
            </Point>
        </Placemark>
        <Placemark id="1757">
            <name/>
            <Point id="1756">
                <coordinates>34.96038025794109,32.04685311223932,9342.425050725924</coordinates>
            </Point>
        </Placemark>
        <Placemark id="1759">
            <name/>
            <Point id="1758">
                <coordinates>34.96075369286344,32.046664789938,9341.938627210817</coordinates>
            </Point>
        </Placemark>
        <Placemark id="1761">
            <name/>
            <Point id="1760">
                <coordinates>34.96097384676473,32.046541837093955,9342.221593262366</coordinates>
            </Point>
        </Placemark>
        <Placemark id="1763">
            <name/>
            <Point id="1762">
                <coordinates>34.96137468876821,32.04631450576946,9340.9121240272</coordinates>
            </Point>
        </Placemark>
        <Placemark id="1765">
            <name/>
            <Point id="1764">
                <coordinates>34.96154511948703,32.04628148251939,9351.46910245962</coordinates>
            </Point>
        </Placemark>
        <Placemark id="1767">
            <name/>
            <Point id="1766">
                <coordinates>34.9618297698484,32.046135156587155,9344.713806694712</coordinates>
            </Point>
        </Placemark>
        <Placemark id="1769">
            <name/>
            <Point id="1768">
                <coordinates>34.962118605923365,32.04595873371941,9352.876668617078</coordinates>
            </Point>
        </Placemark>
        <Placemark id="1771">
            <name/>
            <Point id="1770">
                <coordinates>34.96232382457306,32.04583424990999,9357.580416939974</coordinates>
            </Point>
        </Placemark>
        <Placemark id="1773">
            <name/>
            <Point id="1772">
                <coordinates>34.96256988138073,32.04572472936146,9352.500558855001</coordinates>
            </Point>
        </Placemark>
        <Placemark id="1775">
            <name/>
            <Point id="1774">
                <coordinates>34.96289894374183,32.04556032215753,9349.17936432799</coordinates>
            </Point>
        </Placemark>
        <Placemark id="1777">
            <name/>
            <Point id="1776">
                <coordinates>34.96315136180739,32.045437687494214,9352.275012741173</coordinates>
            </Point>
        </Placemark>
        <Placemark id="1779">
            <name/>
            <Point id="1778">
                <coordinates>34.963368146248406,32.045314422774325,9361.914885774848</coordinates>
            </Point>
        </Placemark>
        <Placemark id="1781">
            <name/>
            <Point id="1780">
                <coordinates>34.963578599957806,32.04517033603993,9369.51569719841</coordinates>
            </Point>
        </Placemark>
        <Placemark id="1783">
            <name/>
            <Point id="1782">
                <coordinates>34.96038746016982,32.04601186198564,9775.502915154579</coordinates>
            </Point>
        </Placemark>
        <Placemark id="1785">
            <name/>
            <Point id="1784">
                <coordinates>34.960697214738694,32.04582739162801,9792.952588288916</coordinates>
            </Point>
        </Placemark>
        <Placemark id="1787">
            <name/>
            <Point id="1786">
                <coordinates>34.96438672477964,32.044855674941054,9376.352892325549</coordinates>
            </Point>
        </Placemark>
        <Placemark id="1789">
            <name/>
            <Point id="1788">
                <coordinates>34.96462722922522,32.044758386821286,9365.88214138732</coordinates>
            </Point>
        </Placemark>
        <Placemark id="1791">
            <name/>
            <Point id="1790">
                <coordinates>34.961423065183,32.045509436079115,9790.521076881758</coordinates>
            </Point>
        </Placemark>
        <Placemark id="1793">
            <name/>
            <Point id="1792">
                <coordinates>34.96148080128796,32.045494186939266,9822.589593195786</coordinates>
            </Point>
        </Placemark>
        <Placemark id="1795">
            <name/>
            <Point id="1794">
                <coordinates>34.97935084835874,32.04068965079265,7725.795661566564</coordinates>
            </Point>
        </Placemark>
        <Placemark id="1797">
            <name/>
            <Point id="1796">
                <coordinates>34.97960758848208,32.04054624376616,7721.1375677094165</coordinates>
            </Point>
        </Placemark>
        <Placemark id="1799">
            <name/>
            <Point id="1798">
                <coordinates>34.979833832749,32.04045946357538,7733.848733944349</coordinates>
            </Point>
        </Placemark>
        <Placemark id="1801">
            <name/>
            <Point id="1800">
                <coordinates>34.98004453165592,32.040381682233566,7738.102851255501</coordinates>
            </Point>
        </Placemark>
        <Placemark id="1803">
            <name/>
            <Point id="1802">
                <coordinates>34.96288230226459,32.04515979985191,9793.336855759337</coordinates>
            </Point>
        </Placemark>
        <Placemark id="1805">
            <name/>
            <Point id="1804">
                <coordinates>34.98063662984031,32.04031470057879,7720.8979533603</coordinates>
            </Point>
        </Placemark>
        <Placemark id="1807">
            <name/>
            <Point id="1806">
                <coordinates>34.980819024065525,32.040239088424784,7753.994479526175</coordinates>
            </Point>
        </Placemark>
        <Placemark id="1809">
            <name/>
            <Point id="1808">
                <coordinates>34.981105538806254,32.04023572458924,7705.915326976905</coordinates>
            </Point>
        </Placemark>
        <Placemark id="1811">
            <name/>
            <Point id="1810">
                <coordinates>34.981229938079906,32.04007406551534,7761.138349558543</coordinates>
            </Point>
        </Placemark>
        <Placemark id="1813">
            <name/>
            <Point id="1812">
                <coordinates>34.98156168536312,32.04013459503943,7747.110869476057</coordinates>
            </Point>
        </Placemark>
        <Placemark id="1815">
            <name/>
            <Point id="1814">
                <coordinates>34.98183117126248,32.04017924717105,7739.468609673193</coordinates>
            </Point>
        </Placemark>
        <Placemark id="1817">
            <name/>
            <Point id="1816">
                <coordinates>34.98201506799826,32.040236549421486,7786.298845696228</coordinates>
            </Point>
        </Placemark>
        <Placemark id="1819">
            <name/>
            <Point id="1818">
                <coordinates>34.98223965247974,32.04018876044083,7788.561626031468</coordinates>
            </Point>
        </Placemark>
        <Placemark id="1821">
            <name/>
            <Point id="1820">
                <coordinates>34.9693040320291,32.04371661279192,9362.808142175425</coordinates>
            </Point>
        </Placemark>
        <Placemark id="1823">
            <name/>
            <Point id="1822">
                <coordinates>34.96952791906166,32.04375232483279,9371.10463605981</coordinates>
            </Point>
        </Placemark>
        <Placemark id="1825">
            <name/>
            <Point id="1824">
                <coordinates>34.96981606990137,32.043813664883075,9379.24995835811</coordinates>
            </Point>
        </Placemark>
        <Placemark id="1827">
            <name/>
            <Point id="1826">
                <coordinates>34.97012492901162,32.0437885184514,9374.51639620914</coordinates>
            </Point>
        </Placemark>
        <Placemark id="1829">
            <name/>
            <Point id="1828">
                <coordinates>34.98339585554673,32.04029105829743,7834.014345164008</coordinates>
            </Point>
        </Placemark>
        <Placemark id="1831">
            <name/>
            <Point id="1830">
                <coordinates>34.983646437077475,32.04033796570326,7833.62992605713</coordinates>
            </Point>
        </Placemark>
        <Placemark id="1833">
            <name/>
            <Point id="1832">
                <coordinates>34.98387207504521,32.040335553824704,7840.941973143103</coordinates>
            </Point>
        </Placemark>
        <Placemark id="1835">
            <name/>
            <Point id="1834">
                <coordinates>34.971106157115884,32.043947513481044,9409.135325990757</coordinates>
            </Point>
        </Placemark>
        <Placemark id="1837">
            <name/>
            <Point id="1836">
                <coordinates>34.984362227335644,32.04055395953255,7844.7050789346495</coordinates>
            </Point>
        </Placemark>
        <Placemark id="1839">
            <name/>
            <Point id="1838">
                <coordinates>34.984558921407775,32.04062487347392,7846.823830438178</coordinates>
            </Point>
        </Placemark>
        <Placemark id="1841">
            <name/>
            <Point id="1840">
                <coordinates>34.9678888200214,32.04525582441088,9883.564522620301</coordinates>
            </Point>
        </Placemark>
        <Placemark id="1843">
            <name/>
            <Point id="1842">
                <coordinates>34.96828607600537,32.045177655267416,9889.758210432268</coordinates>
            </Point>
        </Placemark>
        <Placemark id="1845">
            <name/>
            <Point id="1844">
                <coordinates>34.96845649291931,32.0454061817986,9882.35678013182</coordinates>
            </Point>
        </Placemark>
        <Placemark id="1847">
            <name/>
            <Point id="1846">
                <coordinates>34.96878785562662,32.04533815580724,9897.54690037858</coordinates>
            </Point>
        </Placemark>
        <Placemark id="1849">
            <name/>
            <Point id="1848">
                <coordinates>34.96895539085,32.04549254438995,9888.4394738576</coordinates>
            </Point>
        </Placemark>
        <Placemark id="1851">
            <name/>
            <Point id="1850">
                <coordinates>34.969130543165875,32.04569686132109,9892.148556287213</coordinates>
            </Point>
        </Placemark>
        <Placemark id="1853">
            <name/>
            <Point id="1852">
                <coordinates>34.96947891733006,32.04568674234052,9893.539447832538</coordinates>
            </Point>
        </Placemark>
        <Placemark id="1855">
            <name/>
            <Point id="1854">
                <coordinates>34.9741815060399,32.044405357076265,9392.064512049272</coordinates>
            </Point>
        </Placemark>
        <Placemark id="1857">
            <name/>
            <Point id="1856">
                <coordinates>34.96995824808831,32.045830371998555,9907.911787576353</coordinates>
            </Point>
        </Placemark>
        <Placemark id="1859">
            <name/>
            <Point id="1858">
                <coordinates>34.97017064631007,32.045954341397554,9894.731932316394</coordinates>
            </Point>
        </Placemark>
        <Placemark id="1861">
            <name/>
            <Point id="1860">
                <coordinates>34.974833811628976,32.044670082579955,9402.730721123271</coordinates>
            </Point>
        </Placemark>
        <Placemark id="1863">
            <name/>
            <Point id="1862">
                <coordinates>34.970782185114956,32.04597028140583,9928.587198927127</coordinates>
            </Point>
        </Placemark>
        <Placemark id="1865">
            <name/>
            <Point id="1864">
                <coordinates>34.97104065713119,32.04609842963238,9926.937505857522</coordinates>
            </Point>
        </Placemark>
        <Placemark id="1867">
            <name/>
            <Point id="1866">
                <coordinates>34.97132322688868,32.04615063049854,9915.143646937151</coordinates>
            </Point>
        </Placemark>
        <Placemark id="1869">
            <name/>
            <Point id="1868">
                <coordinates>34.971513154282725,32.04626762792826,9937.452079455596</coordinates>
            </Point>
        </Placemark>
        <Placemark id="1871">
            <name/>
            <Point id="1870">
                <coordinates>34.97626060139262,32.045112039029135,9406.193270038651</coordinates>
            </Point>
        </Placemark>
        <Placemark id="1873">
            <name/>
            <Point id="1872">
                <coordinates>34.97641424894454,32.045231255132975,9409.279046158774</coordinates>
            </Point>
        </Placemark>
        <Placemark id="1875">
            <name/>
            <Point id="1874">
                <coordinates>34.97677311152652,32.04524659827254,9423.816566370671</coordinates>
            </Point>
        </Placemark>
        <Placemark id="1877">
            <name/>
            <Point id="1876">
                <coordinates>34.97804658960095,32.044193657767764,9501.103394796102</coordinates>
            </Point>
        </Placemark>
        <Placemark id="1879">
            <name/>
            <Point id="1878">
                <coordinates>34.97736898615927,32.045368411179766,9416.641892079122</coordinates>
            </Point>
        </Placemark>
        <Placemark id="1881">
            <name/>
            <Point id="1880">
                <coordinates>34.977794561079776,32.04522871798811,9426.324522279829</coordinates>
            </Point>
        </Placemark>
        <Placemark id="1883">
            <name/>
            <Point id="1882">
                <coordinates>34.98980432330615,32.04221005523164,7993.322762503421</coordinates>
            </Point>
        </Placemark>
        <Placemark id="1885">
            <name/>
            <Point id="1884">
                <coordinates>34.990048285653025,32.04220989791794,8016.413492286746</coordinates>
            </Point>
        </Placemark>
        <Placemark id="1887">
            <name/>
            <Point id="1886">
                <coordinates>34.99033045221576,32.04224715598044,8018.465365998776</coordinates>
            </Point>
        </Placemark>
        <Placemark id="1889">
            <name/>
            <Point id="1888">
                <coordinates>34.990667524068364,32.04223022000569,7996.070541520271</coordinates>
            </Point>
        </Placemark>
        <Placemark id="1891">
            <name/>
            <Point id="1890">
                <coordinates>34.99097987076858,32.042259630314305,8004.961872590014</coordinates>
            </Point>
        </Placemark>
        <Placemark id="1893">
            <name/>
            <Point id="1892">
                <coordinates>34.999292200620765,32.04050900992821,8166.957649810668</coordinates>
            </Point>
        </Placemark>
        <Placemark id="1895">
            <name/>
            <Point id="1894">
                <coordinates>34.99943516328309,32.04045622044691,8187.36387714206</coordinates>
            </Point>
        </Placemark>
        <Placemark id="1897">
            <name/>
            <Point id="1896">
                <coordinates>34.999796170021696,32.04039947876464,8174.810361066841</coordinates>
            </Point>
        </Placemark>
        <Placemark id="1899">
            <name/>
            <Point id="1898">
                <coordinates>34.99022661781404,32.04302297128397,9443.340640052644</coordinates>
            </Point>
        </Placemark>
        <Placemark id="1901">
            <name/>
            <Point id="1900">
                <coordinates>34.99037924384226,32.04304573401778,9426.117553560185</coordinates>
            </Point>
        </Placemark>
        <Placemark id="1903">
            <name/>
            <Point id="1902">
                <coordinates>34.99086354843901,32.04283956383354,9436.574985685786</coordinates>
            </Point>
        </Placemark>
        <Placemark id="1905">
            <name/>
            <Point id="1904">
                <coordinates>34.990999078295566,32.04289430557906,9449.161584509813</coordinates>
            </Point>
        </Placemark>
        <Placemark id="1907">
            <name/>
            <Point id="1906">
                <coordinates>34.99133048236078,32.042844851987034,9433.148179330072</coordinates>
            </Point>
        </Placemark>
        <Placemark id="1909">
            <name/>
            <Point id="1908">
                <coordinates>34.9918850749085,32.04254625955257,9448.986053704513</coordinates>
            </Point>
        </Placemark>
        <Placemark id="1911">
            <name/>
            <Point id="1910">
                <coordinates>34.992202007847666,32.042473298412936,9446.03354612172</coordinates>
            </Point>
        </Placemark>
        <Placemark id="1913">
            <name/>
            <Point id="1912">
                <coordinates>34.99231017220764,32.042621993308614,9427.467456269012</coordinates>
            </Point>
        </Placemark>
        <Placemark id="1915">
            <name/>
            <Point id="1914">
                <coordinates>34.99261730560689,32.04257066726018,9430.082636454588</coordinates>
            </Point>
        </Placemark>
        <Placemark id="1917">
            <name/>
            <Point id="1916">
                <coordinates>34.93912783609067,32.105620024473616,4136.316314897461</coordinates>
            </Point>
        </Placemark>
        <Placemark id="1919">
            <name/>
            <Point id="1918">
                <coordinates>34.933491911918715,32.10548055123718,5310.946888946279</coordinates>
            </Point>
        </Placemark>
        <Placemark id="1921">
            <name/>
            <Point id="1920">
                <coordinates>34.99376500515141,32.04227766862287,9435.18732952905</coordinates>
            </Point>
        </Placemark>
        <Placemark id="1923">
            <name/>
            <Point id="1922">
                <coordinates>34.93978357242304,32.105571975135334,4167.695921492182</coordinates>
            </Point>
        </Placemark>
        <Placemark id="1925">
            <name/>
            <Point id="1924">
                <coordinates>34.93435677489011,32.10533373637012,5310.037748480797</coordinates>
            </Point>
        </Placemark>
        <Placemark id="1927">
            <name/>
            <Point id="1926">
                <coordinates>35.004764679785815,32.03899313454039,8338.283719106586</coordinates>
            </Point>
        </Placemark>
        <Placemark id="1929">
            <name/>
            <Point id="1928">
                <coordinates>35.00502345415545,32.03908458664636,8310.177283196823</coordinates>
            </Point>
        </Placemark>
        <Placemark id="1931">
            <name/>
            <Point id="1930">
                <coordinates>35.005315334391646,32.03889320983692,8335.483749880523</coordinates>
            </Point>
        </Placemark>
        <Placemark id="1933">
            <name/>
            <Point id="1932">
                <coordinates>34.99654185973467,32.04154457528319,9450.861333897787</coordinates>
            </Point>
        </Placemark>
        <Placemark id="1935">
            <name/>
            <Point id="1934">
                <coordinates>34.99673016520227,32.04157453980487,9440.356823797329</coordinates>
            </Point>
        </Placemark>
        <Placemark id="1937">
            <name/>
            <Point id="1936">
                <coordinates>34.997151176860044,32.041390280012315,9447.21492689774</coordinates>
            </Point>
        </Placemark>
        <Placemark id="1939">
            <name/>
            <Point id="1938">
                <coordinates>34.99763879247225,32.041179104282946,9454.774664018494</coordinates>
            </Point>
        </Placemark>
        <Placemark id="1941">
            <name/>
            <Point id="1940">
                <coordinates>34.93763918665801,32.104802324400964,5322.934132843468</coordinates>
            </Point>
        </Placemark>
        <Placemark id="1943">
            <name/>
            <Point id="1942">
                <coordinates>34.99806012540979,32.041207128489646,9457.380821876917</coordinates>
            </Point>
        </Placemark>
        <Placemark id="1945">
            <name/>
            <Point id="1944">
                <coordinates>35.01445434855617,32.0362684064021,8533.745721008825</coordinates>
            </Point>
        </Placemark>
        <Placemark id="1947">
            <name/>
            <Point id="1946">
                <coordinates>35.01465051565417,32.0362746847976,8544.987556294796</coordinates>
            </Point>
        </Placemark>
        <Placemark id="1949">
            <name/>
            <Point id="1948">
                <coordinates>35.014519195332824,32.036117406172096,8623.871996343627</coordinates>
            </Point>
        </Placemark>
        <Placemark id="1951">
            <name/>
            <Point id="1950">
                <coordinates>35.015089293897326,32.03605402305241,8556.29788990318</coordinates>
            </Point>
        </Placemark>
        <Placemark id="1953">
            <name/>
            <Point id="1952">
                <coordinates>35.01531623182851,32.03597115093348,8574.160764642687</coordinates>
            </Point>
        </Placemark>
        <Placemark id="1955">
            <name/>
            <Point id="1954">
                <coordinates>35.00775630567429,32.03820944632907,9538.251058115187</coordinates>
            </Point>
        </Placemark>
        <Placemark id="1957">
            <name/>
            <Point id="1956">
                <coordinates>35.09248064853917,32.16074422359741,-2880.4790052541393</coordinates>
            </Point>
        </Placemark>
        <Placemark id="1959">
            <name/>
            <Point id="1958">
                <coordinates>35.016125025424095,32.035748154936364,8603.677833545271</coordinates>
            </Point>
        </Placemark>
        <Placemark id="1961">
            <name/>
            <Point id="1960">
                <coordinates>35.01650763817618,32.03559234718599,8610.564279450899</coordinates>
            </Point>
        </Placemark>
        <Placemark id="1963">
            <name/>
            <Point id="1962">
                <coordinates>35.01668352459358,32.035630432459556,8610.637686886817</coordinates>
            </Point>
        </Placemark>
        <Placemark id="1965">
            <name/>
            <Point id="1964">
                <coordinates>35.034579913968656,32.031199464690815,9040.47204651983</coordinates>
            </Point>
        </Placemark>
        <Placemark id="1967">
            <name/>
            <Point id="1966">
                <coordinates>35.0348556804668,32.03124466162901,9046.24385450252</coordinates>
            </Point>
        </Placemark>
        <Placemark id="1969">
            <name/>
            <Point id="1968">
                <coordinates>35.03517418094362,32.03130718367638,9043.100547460897</coordinates>
            </Point>
        </Placemark>
        <Placemark id="1971">
            <name/>
            <Point id="1970">
                <coordinates>35.035397415614675,32.03120484739191,9083.125420727998</coordinates>
            </Point>
        </Placemark>
        <Placemark id="1973">
            <name/>
            <Point id="1972">
                <coordinates>34.97177737188913,32.10048105771334,4758.766272419408</coordinates>
            </Point>
        </Placemark>
        <Placemark id="1975">
            <name/>
            <Point id="1974">
                <coordinates>34.97220265713623,32.1003819157333,4757.2752775214985</coordinates>
            </Point>
        </Placemark>
        <Placemark id="1977">
            <name/>
            <Point id="1976">
                <coordinates>34.97280802531303,32.100093282237985,4800.972134590852</coordinates>
            </Point>
        </Placemark>
        <Placemark id="1979">
            <name/>
            <Point id="1978">
                <coordinates>34.903643782754074,32.186916455864186,-2712.8019711254688</coordinates>
            </Point>
        </Placemark>
        <Placemark id="1981">
            <name/>
            <Point id="1980">
                <coordinates>34.97328228781386,32.10022630438093,4808.45816971992</coordinates>
            </Point>
        </Placemark>
        <Placemark id="1983">
            <name/>
            <Point id="1982">
                <coordinates>35.08622302166275,32.14170516919784,-1534.389493973903</coordinates>
            </Point>
        </Placemark>
        <Placemark id="1985">
            <name/>
            <Point id="1984">
                <coordinates>34.97412366602523,32.10021871952155,4844.505901294324</coordinates>
            </Point>
        </Placemark>
        <Placemark id="1987">
            <name/>
            <Point id="1986">
                <coordinates>34.97431730313308,32.10052428406021,4804.227099694024</coordinates>
            </Point>
        </Placemark>
        <Placemark id="1989">
            <name/>
            <Point id="1988">
                <coordinates>34.97460181423975,32.10072854608884,4767.573523993851</coordinates>
            </Point>
        </Placemark>
        <Placemark id="1991">
            <name/>
            <Point id="1990">
                <coordinates>34.97494542775072,32.10053677350236,4807.927768419673</coordinates>
            </Point>
        </Placemark>
        <Placemark id="1993">
            <name/>
            <Point id="1992">
                <coordinates>34.97517432331831,32.10055245101492,4839.7398945072155</coordinates>
            </Point>
        </Placemark>
        <Placemark id="1995">
            <name/>
            <Point id="1994">
                <coordinates>35.08627970672441,32.14193588745883,-1506.1104200143823</coordinates>
            </Point>
        </Placemark>
        <Placemark id="1997">
            <name/>
            <Point id="1996">
                <coordinates>35.039896784170026,32.031428391377894,9114.58951535507</coordinates>
            </Point>
        </Placemark>
        <Placemark id="1999">
            <name/>
            <Point id="1998">
                <coordinates>35.100260661133724,32.16604263979241,-2682.365344302805</coordinates>
            </Point>
        </Placemark>
        <Placemark id="2001">
            <name/>
            <Point id="2000">
                <coordinates>34.977363260445564,32.100726084022746,4842.010974329783</coordinates>
            </Point>
        </Placemark>
        <Placemark id="2003">
            <name/>
            <Point id="2002">
                <coordinates>34.977814958409986,32.10065607143626,4846.081011422741</coordinates>
            </Point>
        </Placemark>
        <Placemark id="2005">
            <name/>
            <Point id="2004">
                <coordinates>34.97802059771113,32.10076389404807,4847.81014782308</coordinates>
            </Point>
        </Placemark>
        <Placemark id="2007">
            <name/>
            <Point id="2006">
                <coordinates>34.978259698889296,32.100635933675115,4897.688224317459</coordinates>
            </Point>
        </Placemark>
        <Placemark id="2009">
            <name/>
            <Point id="2008">
                <coordinates>34.97855650717963,32.10080268670559,4865.779295805734</coordinates>
            </Point>
        </Placemark>
        <Placemark id="2011">
            <name/>
            <Point id="2010">
                <coordinates>34.97899379550648,32.100680816976535,4882.183709741369</coordinates>
            </Point>
        </Placemark>
        <Placemark id="2013">
            <name/>
            <Point id="2012">
                <coordinates>34.978989980076875,32.100825777343026,4919.073603195758</coordinates>
            </Point>
        </Placemark>
        <Placemark id="2015">
            <name/>
            <Point id="2014">
                <coordinates>34.97682729283975,32.10068357024902,5459.471843255011</coordinates>
            </Point>
        </Placemark>
        <Placemark id="2017">
            <name/>
            <Point id="2016">
                <coordinates>34.897366931278185,32.18652195684872,351.4617950773914</coordinates>
            </Point>
        </Placemark>
        <Placemark id="2019">
            <name/>
            <Point id="2018">
                <coordinates>34.89768058664763,32.18656373282492,361.88523077925737</coordinates>
            </Point>
        </Placemark>
        <Placemark id="2021">
            <name/>
            <Point id="2020">
                <coordinates>34.89797194364633,32.186610740367826,362.0898233089902</coordinates>
            </Point>
        </Placemark>
        <Placemark id="2023">
            <name/>
            <Point id="2022">
                <coordinates>34.97785448374996,32.10095397219726,5461.463431115421</coordinates>
            </Point>
        </Placemark>
        <Placemark id="2025">
            <name/>
            <Point id="2024">
                <coordinates>35.041807076101925,32.032248103879326,9557.998005696832</coordinates>
            </Point>
        </Placemark>
        <Placemark id="2027">
            <name/>
            <Point id="2026">
                <coordinates>35.04200044736952,32.032425651541146,9565.645857838814</coordinates>
            </Point>
        </Placemark>
        <Placemark id="2029">
            <name/>
            <Point id="2028">
                <coordinates>35.092486669335294,32.16158343705056,-2207.3227562755415</coordinates>
            </Point>
        </Placemark>
        <Placemark id="2031">
            <name/>
            <Point id="2030">
                <coordinates>35.08110859146498,32.154518089835314,-1607.1223325983278</coordinates>
            </Point>
        </Placemark>
        <Placemark id="2033">
            <name/>
            <Point id="2032">
                <coordinates>35.043802977258295,32.032713701568035,9543.933694541374</coordinates>
            </Point>
        </Placemark>
        <Placemark id="2035">
            <name/>
            <Point id="2034">
                <coordinates>34.98045737025111,32.10164352697807,5466.093290490112</coordinates>
            </Point>
        </Placemark>
        <Placemark id="2037">
            <name/>
            <Point id="2036">
                <coordinates>34.98079806792077,32.101733143391414,5452.492438589238</coordinates>
            </Point>
        </Placemark>
        <Placemark id="2039">
            <name/>
            <Point id="2038">
                <coordinates>34.98097839161985,32.101741804026425,5465.208925480819</coordinates>
            </Point>
        </Placemark>
        <Placemark id="2041">
            <name/>
            <Point id="2040">
                <coordinates>34.98122234433988,32.10194048074304,5447.491832523759</coordinates>
            </Point>
        </Placemark>
        <Placemark id="2043">
            <name/>
            <Point id="2042">
                <coordinates>35.04532772104807,32.033003164390394,9551.21065439108</coordinates>
            </Point>
        </Placemark>
        <Placemark id="2045">
            <name/>
            <Point id="2044">
                <coordinates>35.04788066103807,32.03230045877477,9295.35731986352</coordinates>
            </Point>
        </Placemark>
        <Placemark id="2047">
            <name/>
            <Point id="2046">
                <coordinates>34.984614016686294,32.102283212634696,4935.709357631483</coordinates>
            </Point>
        </Placemark>
        <Placemark id="2049">
            <name/>
            <Point id="2048">
                <coordinates>35.098137236264996,32.16549793723961,-2428.487360792808</coordinates>
            </Point>
        </Placemark>
        <Placemark id="2051">
            <name/>
            <Point id="2050">
                <coordinates>35.04703415897147,32.033216588918194,9537.787826226786</coordinates>
            </Point>
        </Placemark>
        <Placemark id="2053">
            <name/>
            <Point id="2052">
                <coordinates>35.04711680402542,32.03341818439871,9556.062834532233</coordinates>
            </Point>
        </Placemark>
        <Placemark id="2055">
            <name/>
            <Point id="2054">
                <coordinates>34.98347407212067,32.10280716540772,5452.870549342697</coordinates>
            </Point>
        </Placemark>
        <Placemark id="2057">
            <name/>
            <Point id="2056">
                <coordinates>34.98368988946924,32.102937921841985,5465.914034081301</coordinates>
            </Point>
        </Placemark>
        <Placemark id="2059">
            <name/>
            <Point id="2058">
                <coordinates>34.984021390818654,32.10303443805322,5464.144907029351</coordinates>
            </Point>
        </Placemark>
        <Placemark id="2061">
            <name/>
            <Point id="2060">
                <coordinates>35.04827966370581,32.03379874687865,9557.92343367261</coordinates>
            </Point>
        </Placemark>
        <Placemark id="2063">
            <name/>
            <Point id="2062">
                <coordinates>34.98737987908948,32.103846415174175,5017.95718107102</coordinates>
            </Point>
        </Placemark>
        <Placemark id="2065">
            <name/>
            <Point id="2064">
                <coordinates>34.98762726303961,32.10421476851244,5037.403861354954</coordinates>
            </Point>
        </Placemark>
        <Placemark id="2067">
            <name/>
            <Point id="2066">
                <coordinates>34.98831387465713,32.10454803530621,5072.945611029592</coordinates>
            </Point>
        </Placemark>
        <Placemark id="2069">
            <name/>
            <Point id="2068">
                <coordinates>34.98891973678096,32.10481834531516,5062.506345651753</coordinates>
            </Point>
        </Placemark>
        <Placemark id="2071">
            <name/>
            <Point id="2070">
                <coordinates>34.98908300317891,32.105086063601576,5054.633188845768</coordinates>
            </Point>
        </Placemark>
        <Placemark id="2073">
            <name/>
            <Point id="2072">
                <coordinates>34.989359060799515,32.10513288863851,5068.619192420762</coordinates>
            </Point>
        </Placemark>
        <Placemark id="2075">
            <name/>
            <Point id="2074">
                <coordinates>34.989630847802914,32.10517994194324,5089.727928853307</coordinates>
            </Point>
        </Placemark>
        <Placemark id="2077">
            <name/>
            <Point id="2076">
                <coordinates>34.98990046625701,32.105436126817764,5088.348436736431</coordinates>
            </Point>
        </Placemark>
        <Placemark id="2079">
            <name/>
            <Point id="2078">
                <coordinates>34.99014339222159,32.105508621796155,5084.46809017026</coordinates>
            </Point>
        </Placemark>
        <Placemark id="2081">
            <name/>
            <Point id="2080">
                <coordinates>35.004374471660675,32.10565933481382,5096.037993889577</coordinates>
            </Point>
        </Placemark>
        <Placemark id="2083">
            <name/>
            <Point id="2082">
                <coordinates>34.99019471587986,32.106707373484326,5484.795305697796</coordinates>
            </Point>
        </Placemark>
        <Placemark id="2085">
            <name/>
            <Point id="2084">
                <coordinates>34.9922701968171,32.10674109737423,5125.667110599551</coordinates>
            </Point>
        </Placemark>
        <Placemark id="2087">
            <name/>
            <Point id="2086">
                <coordinates>34.99230767842269,32.10705966679919,5122.840165009921</coordinates>
            </Point>
        </Placemark>
        <Placemark id="2089">
            <name/>
            <Point id="2088">
                <coordinates>34.992593637050376,32.10714710544952,5134.797030446574</coordinates>
            </Point>
        </Placemark>
        <Placemark id="2091">
            <name/>
            <Point id="2090">
                <coordinates>34.992810517910634,32.10728627392795,5137.816473765696</coordinates>
            </Point>
        </Placemark>
        <Placemark id="2093">
            <name/>
            <Point id="2092">
                <coordinates>34.99337742022961,32.10773348579088,5157.363937841638</coordinates>
            </Point>
        </Placemark>
        <Placemark id="2095">
            <name/>
            <Point id="2094">
                <coordinates>34.99372797295668,32.107758095921454,5165.077184584049</coordinates>
            </Point>
        </Placemark>
        <Placemark id="2097">
            <name/>
            <Point id="2096">
                <coordinates>34.99389132796599,32.10792481854227,5179.325628067288</coordinates>
            </Point>
        </Placemark>
        <Placemark id="2099">
            <name/>
            <Point id="2098">
                <coordinates>34.99238115599879,32.108233171655655,5488.732923728711</coordinates>
            </Point>
        </Placemark>
        <Placemark id="2101">
            <name/>
            <Point id="2100">
                <coordinates>34.99284950195479,32.108226208772436,5488.843629842008</coordinates>
            </Point>
        </Placemark>
        <Placemark id="2103">
            <name/>
            <Point id="2102">
                <coordinates>34.99307340817354,32.10837253648248,5493.368189725766</coordinates>
            </Point>
        </Placemark>
        <Placemark id="2105">
            <name/>
            <Point id="2104">
                <coordinates>34.993368189168116,32.108337757293555,5501.6207570864135</coordinates>
            </Point>
        </Placemark>
        <Placemark id="2107">
            <name/>
            <Point id="2106">
                <coordinates>34.99339376856263,32.1087019382715,5475.729067954121</coordinates>
            </Point>
        </Placemark>
        <Placemark id="2109">
            <name/>
            <Point id="2108">
                <coordinates>34.993619482596024,32.10895430173617,5495.917414428899</coordinates>
            </Point>
        </Placemark>
        <Placemark id="2111">
            <name/>
            <Point id="2110">
                <coordinates>34.993995144091826,32.10887267571587,5489.4661067347215</coordinates>
            </Point>
        </Placemark>
        <Placemark id="2113">
            <name/>
            <Point id="2112">
                <coordinates>34.99416477586904,32.109060194365625,5503.655749461957</coordinates>
            </Point>
        </Placemark>
        <Placemark id="2115">
            <name/>
            <Point id="2114">
                <coordinates>34.994595542011545,32.10914382176058,5483.387398488357</coordinates>
            </Point>
        </Placemark>
        <Placemark id="2117">
            <name/>
            <Point id="2116">
                <coordinates>34.99606617810275,32.10933285876457,5202.146034594565</coordinates>
            </Point>
        </Placemark>
        <Placemark id="2119">
            <name/>
            <Point id="2118">
                <coordinates>34.99622550352707,32.10944997864364,5235.616642624127</coordinates>
            </Point>
        </Placemark>
        <Placemark id="2121">
            <name/>
            <Point id="2120">
                <coordinates>34.99648752476675,32.109567758120626,5241.4443914358</coordinates>
            </Point>
        </Placemark>
        <Placemark id="2123">
            <name/>
            <Point id="2122">
                <coordinates>34.99539324206432,32.109766593102925,5509.310560896027</coordinates>
            </Point>
        </Placemark>
        <Placemark id="2125">
            <name/>
            <Point id="2124">
                <coordinates>34.9956136387188,32.10993016257629,5497.358468580638</coordinates>
            </Point>
        </Placemark>
        <Placemark id="2127">
            <name/>
            <Point id="2126">
                <coordinates>34.99590118433698,32.11006678114993,5514.034487306773</coordinates>
            </Point>
        </Placemark>
        <Placemark id="2129">
            <name/>
            <Point id="2128">
                <coordinates>34.996262890862226,32.11017862472864,5506.383839979005</coordinates>
            </Point>
        </Placemark>
        <Placemark id="2131">
            <name/>
            <Point id="2130">
                <coordinates>34.997675844873335,32.110336488633656,5251.117334180774</coordinates>
            </Point>
        </Placemark>
        <Placemark id="2133">
            <name/>
            <Point id="2132">
                <coordinates>34.99770975800706,32.11058302603737,5243.4581051047535</coordinates>
            </Point>
        </Placemark>
        <Placemark id="2135">
            <name/>
            <Point id="2134">
                <coordinates>34.99681918616601,32.11064791918895,5500.297979073132</coordinates>
            </Point>
        </Placemark>
        <Placemark id="2137">
            <name/>
            <Point id="2136">
                <coordinates>34.997104407953245,32.110732302761434,5509.4569768850015</coordinates>
            </Point>
        </Placemark>
        <Placemark id="2139">
            <name/>
            <Point id="2138">
                <coordinates>34.99738722263057,32.110895394548265,5504.530259968834</coordinates>
            </Point>
        </Placemark>
        <Placemark id="2141">
            <name/>
            <Point id="2140">
                <coordinates>34.99760277883395,32.11104895698348,5512.600563578348</coordinates>
            </Point>
        </Placemark>
        <Placemark id="2143">
            <name/>
            <Point id="2142">
                <coordinates>34.99780989520187,32.11127143117118,5508.653008473392</coordinates>
            </Point>
        </Placemark>
        <Placemark id="2145">
            <name/>
            <Point id="2144">
                <coordinates>34.99806633849858,32.11142892961963,5500.110812504179</coordinates>
            </Point>
        </Placemark>
        <Placemark id="2147">
            <name/>
            <Point id="2146">
                <coordinates>34.998386155077824,32.11150312653959,5512.490321153228</coordinates>
            </Point>
        </Placemark>
        <Placemark id="2149">
            <name/>
            <Point id="2148">
                <coordinates>34.998551331377726,32.111675602011786,5527.833965226409</coordinates>
            </Point>
        </Placemark>
        <Placemark id="2151">
            <name/>
            <Point id="2150">
                <coordinates>34.99868852001131,32.1119877216726,5509.057673959957</coordinates>
            </Point>
        </Placemark>
        <Placemark id="2153">
            <name/>
            <Point id="2152">
                <coordinates>34.99890071399072,32.11209709684918,5496.649441746586</coordinates>
            </Point>
        </Placemark>
        <Placemark id="2155">
            <name/>
            <Point id="2154">
                <coordinates>34.99914636473779,32.11229377577434,5516.524527970342</coordinates>
            </Point>
        </Placemark>
        <Placemark id="2157">
            <name/>
            <Point id="2156">
                <coordinates>34.99934184743097,32.11244362327361,5508.764426684505</coordinates>
            </Point>
        </Placemark>
        <Placemark id="2159">
            <name/>
            <Point id="2158">
                <coordinates>35.06454617776875,32.04146284706722,9560.374132321022</coordinates>
            </Point>
        </Placemark>
        <Placemark id="2161">
            <name/>
            <Point id="2160">
                <coordinates>35.06473904425165,32.04167313848914,9555.944682436002</coordinates>
            </Point>
        </Placemark>
        <Placemark id="2163">
            <name/>
            <Point id="2162">
                <coordinates>35.06504965013283,32.04168322030481,9535.57070122152</coordinates>
            </Point>
        </Placemark>
        <Placemark id="2165">
            <name/>
            <Point id="2164">
                <coordinates>35.06510284947828,32.04201336298024,9552.982592151859</coordinates>
            </Point>
        </Placemark>
        <Placemark id="2167">
            <name/>
            <Point id="2166">
                <coordinates>35.00129871368575,32.11325202952482,5325.885348118374</coordinates>
            </Point>
        </Placemark>
        <Placemark id="2169">
            <name/>
            <Point id="2168">
                <coordinates>35.00154481188803,32.113274714388034,5341.091915926126</coordinates>
            </Point>
        </Placemark>
        <Placemark id="2171">
            <name/>
            <Point id="2170">
                <coordinates>35.001046429091424,32.11339044529329,5557.152079082386</coordinates>
            </Point>
        </Placemark>
        <Placemark id="2173">
            <name/>
            <Point id="2172">
                <coordinates>35.00116844044211,32.1135660317979,5523.753712658587</coordinates>
            </Point>
        </Placemark>
        <Placemark id="2175">
            <name/>
            <Point id="2174">
                <coordinates>35.001353127670576,32.11375082421186,5519.8543953878325</coordinates>
            </Point>
        </Placemark>
        <Placemark id="2177">
            <name/>
            <Point id="2176">
                <coordinates>35.00154467509001,32.11385723206116,5531.36967490176</coordinates>
            </Point>
        </Placemark>
        <Placemark id="2179">
            <name/>
            <Point id="2178">
                <coordinates>35.00176859724478,32.11409368016132,5533.012137017747</coordinates>
            </Point>
        </Placemark>
        <Placemark id="2181">
            <name/>
            <Point id="2180">
                <coordinates>35.00212866430618,32.11409107650867,5542.701022681586</coordinates>
            </Point>
        </Placemark>
        <Placemark id="2183">
            <name/>
            <Point id="2182">
                <coordinates>35.00217148225107,32.114427940967126,5522.028249725113</coordinates>
            </Point>
        </Placemark>
        <Placemark id="2185">
            <name/>
            <Point id="2184">
                <coordinates>35.002401442762604,32.11458362305397,5506.2014748883375</coordinates>
            </Point>
        </Placemark>
        <Placemark id="2187">
            <name/>
            <Point id="2186">
                <coordinates>35.002773048080584,32.11463387413869,5528.435167287597</coordinates>
            </Point>
        </Placemark>
        <Placemark id="2189">
            <name/>
            <Point id="2188">
                <coordinates>35.06777389811698,32.04367915762017,9524.4955139962</coordinates>
            </Point>
        </Placemark>
        <Placemark id="2191">
            <name/>
            <Point id="2190">
                <coordinates>35.0037457087305,32.11502970116744,5384.578356821887</coordinates>
            </Point>
        </Placemark>
        <Placemark id="2193">
            <name/>
            <Point id="2192">
                <coordinates>35.06836368744447,32.0443435633628,9510.240030298626</coordinates>
            </Point>
        </Placemark>
        <Placemark id="2195">
            <name/>
            <Point id="2194">
                <coordinates>35.068611247441666,32.04432749760673,9528.915911611306</coordinates>
            </Point>
        </Placemark>
        <Placemark id="2197">
            <name/>
            <Point id="2196">
                <coordinates>35.0688667425309,32.0444543051591,9511.589874017225</coordinates>
            </Point>
        </Placemark>
        <Placemark id="2199">
            <name/>
            <Point id="2198">
                <coordinates>35.069113042144714,32.04451188830349,9521.181985357029</coordinates>
            </Point>
        </Placemark>
        <Placemark id="2201">
            <name/>
            <Point id="2200">
                <coordinates>35.069370203645065,32.044681740904686,9504.899158360966</coordinates>
            </Point>
        </Placemark>
        <Placemark id="2203">
            <name/>
            <Point id="2202">
                <coordinates>35.06957422897121,32.044839303979984,9516.332267486172</coordinates>
            </Point>
        </Placemark>
        <Placemark id="2205">
            <name/>
            <Point id="2204">
                <coordinates>35.00511925438265,32.11604976211748,5544.882484149011</coordinates>
            </Point>
        </Placemark>
        <Placemark id="2207">
            <name/>
            <Point id="2206">
                <coordinates>35.005393533333425,32.11616984035976,5539.501164639621</coordinates>
            </Point>
        </Placemark>
        <Placemark id="2209">
            <name/>
            <Point id="2208">
                <coordinates>35.0056658210805,32.1162460003035,5553.305345219522</coordinates>
            </Point>
        </Placemark>
        <Placemark id="2211">
            <name/>
            <Point id="2210">
                <coordinates>35.0059097845316,32.116480535598896,5536.526197819335</coordinates>
            </Point>
        </Placemark>
        <Placemark id="2213">
            <name/>
            <Point id="2212">
                <coordinates>35.07084124697412,32.04540801043385,9502.483139307145</coordinates>
            </Point>
        </Placemark>
        <Placemark id="2215">
            <name/>
            <Point id="2214">
                <coordinates>35.07104713226203,32.0456085375152,9499.64527542619</coordinates>
            </Point>
        </Placemark>
        <Placemark id="2217">
            <name/>
            <Point id="2216">
                <coordinates>35.07135861390011,32.04560691054021,9503.50451475492</coordinates>
            </Point>
        </Placemark>
        <Placemark id="2219">
            <name/>
            <Point id="2218">
                <coordinates>35.07158434841698,32.04579681737055,9500.683883623467</coordinates>
            </Point>
        </Placemark>
        <Placemark id="2221">
            <name/>
            <Point id="2220">
                <coordinates>35.071859532731594,32.045911821534695,9493.857422989808</coordinates>
            </Point>
        </Placemark>
        <Placemark id="2223">
            <name/>
            <Point id="2222">
                <coordinates>35.072069658208626,32.046125261934996,9495.710645181385</coordinates>
            </Point>
        </Placemark>
        <Placemark id="2225">
            <name/>
            <Point id="2224">
                <coordinates>35.07228825958748,32.046256400012545,9503.145531100297</coordinates>
            </Point>
        </Placemark>
        <Placemark id="2227">
            <name/>
            <Point id="2226">
                <coordinates>35.072573658108524,32.046328350379106,9494.239371027608</coordinates>
            </Point>
        </Placemark>
        <Placemark id="2229">
            <name/>
            <Point id="2228">
                <coordinates>35.07283377029696,32.046412654662554,9489.165395217688</coordinates>
            </Point>
        </Placemark>
        <Placemark id="2231">
            <name/>
            <Point id="2230">
                <coordinates>35.0730567128671,32.04657657764088,9494.802025575804</coordinates>
            </Point>
        </Placemark>
        <Placemark id="2233">
            <name/>
            <Point id="2232">
                <coordinates>35.07332587668807,32.04668199223464,9501.082518873807</coordinates>
            </Point>
        </Placemark>
        <Placemark id="2235">
            <name/>
            <Point id="2234">
                <coordinates>35.00903997189536,32.11797051608593,5561.624724800316</coordinates>
            </Point>
        </Placemark>
        <Placemark id="2237">
            <name/>
            <Point id="2236">
                <coordinates>35.009283681710635,32.11808231907128,5555.454300346695</coordinates>
            </Point>
        </Placemark>
        <Placemark id="2239">
            <name/>
            <Point id="2238">
                <coordinates>35.009464148765716,32.11823200838567,5549.176504837147</coordinates>
            </Point>
        </Placemark>
        <Placemark id="2241">
            <name/>
            <Point id="2240">
                <coordinates>35.0097118041685,32.11837946690421,5549.4416087655045</coordinates>
            </Point>
        </Placemark>
        <Placemark id="2243">
            <name/>
            <Point id="2242">
                <coordinates>35.00991834077167,32.11849995192843,5546.451798469157</coordinates>
            </Point>
        </Placemark>
        <Placemark id="2245">
            <name/>
            <Point id="2244">
                <coordinates>35.01024052191442,32.118611077394505,5558.204296342611</coordinates>
            </Point>
        </Placemark>
        <Placemark id="2247">
            <name/>
            <Point id="2246">
                <coordinates>35.01042003223897,32.11875769417304,5551.798484167717</coordinates>
            </Point>
        </Placemark>
        <Placemark id="2249">
            <name/>
            <Point id="2248">
                <coordinates>35.01062944294295,32.118843821990225,5551.688415184619</coordinates>
            </Point>
        </Placemark>
        <Placemark id="2251">
            <name/>
            <Point id="2250">
                <coordinates>35.01081968163677,32.119002778154005,5555.809545600736</coordinates>
            </Point>
        </Placemark>
        <Placemark id="2253">
            <name/>
            <Point id="2252">
                <coordinates>35.01104464717539,32.11912537005897,5565.953117694243</coordinates>
            </Point>
        </Placemark>
        <Placemark id="2255">
            <name/>
            <Point id="2254">
                <coordinates>35.011319951074945,32.119162372992534,5557.84499129103</coordinates>
            </Point>
        </Placemark>
        <Placemark id="2257">
            <name/>
            <Point id="2256">
                <coordinates>35.01150609529149,32.11930865812167,5562.087393659243</coordinates>
            </Point>
        </Placemark>
        <Placemark id="2259">
            <name/>
            <Point id="2258">
                <coordinates>35.011728153344656,32.11937559607129,5558.300842083906</coordinates>
            </Point>
        </Placemark>
        <Placemark id="2261">
            <name/>
            <Point id="2260">
                <coordinates>35.01181395411836,32.11948961759774,5603.182387176222</coordinates>
            </Point>
        </Placemark>
        <Placemark id="2263">
            <name/>
            <Point id="2262">
                <coordinates>35.01212474891033,32.11954834909642,5569.845092455079</coordinates>
            </Point>
        </Placemark>
        <Placemark id="2265">
            <name/>
            <Point id="2264">
                <coordinates>35.07680331312315,32.04848156857823,9471.13843092869</coordinates>
            </Point>
        </Placemark>
        <Placemark id="2267">
            <name/>
            <Point id="2266">
                <coordinates>35.07700976122584,32.0485279800978,9471.664353463006</coordinates>
            </Point>
        </Placemark>
        <Placemark id="2269">
            <name/>
            <Point id="2268">
                <coordinates>35.0124250899564,32.119855019663426,5635.005987794944</coordinates>
            </Point>
        </Placemark>
        <Placemark id="2271">
            <name/>
            <Point id="2270">
                <coordinates>35.012798999517855,32.12002892923905,5611.981862146607</coordinates>
            </Point>
        </Placemark>
        <Placemark id="2273">
            <name/>
            <Point id="2272">
                <coordinates>35.01330654578922,32.119950531020145,5579.5091635596655</coordinates>
            </Point>
        </Placemark>
        <Placemark id="2275">
            <name/>
            <Point id="2274">
                <coordinates>35.00483847120072,32.13215036402077,-3404.794790152637</coordinates>
            </Point>
        </Placemark>
        <Placemark id="2277">
            <name/>
            <Point id="2276">
                <coordinates>35.05138703109086,32.07576648286026,6666.452355606525</coordinates>
            </Point>
        </Placemark>
        <Placemark id="2279">
            <name/>
            <Point id="2278">
                <coordinates>35.07877039872346,32.049321928343254,9437.813526911024</coordinates>
            </Point>
        </Placemark>
        <Placemark id="2281">
            <name/>
            <Point id="2280">
                <coordinates>35.05184453163433,32.07648330121612,6800.312410927098</coordinates>
            </Point>
        </Placemark>
        <Placemark id="2283">
            <name/>
            <Point id="2282">
                <coordinates>35.01280684217713,32.19822873516465,8266.605224975325</coordinates>
            </Point>
        </Placemark>
        <Placemark id="2285">
            <name/>
            <Point id="2284">
                <coordinates>35.01310516112672,32.198285468320414,8238.05737727793</coordinates>
            </Point>
        </Placemark>
        <Placemark id="2287">
            <name/>
            <Point id="2286">
                <coordinates>35.013716612682316,32.19829552447063,8254.109709886607</coordinates>
            </Point>
        </Placemark>
        <Placemark id="2289">
            <name/>
            <Point id="2288">
                <coordinates>35.019339775284685,32.120948798002395,5873.673772509424</coordinates>
            </Point>
        </Placemark>
        <Placemark id="2291">
            <name/>
            <Point id="2290">
                <coordinates>35.01953090811911,32.1209410402145,5900.601989569832</coordinates>
            </Point>
        </Placemark>
        <Placemark id="2293">
            <name/>
            <Point id="2292">
                <coordinates>35.01981392917747,32.12105407636463,5850.571227714841</coordinates>
            </Point>
        </Placemark>
        <Placemark id="2295">
            <name/>
            <Point id="2294">
                <coordinates>35.02001395768962,32.12098518519502,5878.308212243575</coordinates>
            </Point>
        </Placemark>
        <Placemark id="2297">
            <name/>
            <Point id="2296">
                <coordinates>35.02055358183857,32.12093025499157,5893.2365188398335</coordinates>
            </Point>
        </Placemark>
        <Placemark id="2299">
            <name/>
            <Point id="2298">
                <coordinates>35.02069764521657,32.12090146656151,5913.294083994427</coordinates>
            </Point>
        </Placemark>
        <Placemark id="2301">
            <name/>
            <Point id="2300">
                <coordinates>34.95123507732116,32.20684107063139,-147.09343091053074</coordinates>
            </Point>
        </Placemark>
        <Placemark id="2303">
            <name/>
            <Point id="2302">
                <coordinates>34.95137753565481,32.20685868738125,-115.78254437429965</coordinates>
            </Point>
        </Placemark>
        <Placemark id="2305">
            <name/>
            <Point id="2304">
                <coordinates>35.02232887859488,32.12100086884429,5924.709115034738</coordinates>
            </Point>
        </Placemark>
        <Placemark id="2307">
            <name/>
            <Point id="2306">
                <coordinates>35.022606884776344,32.12087842577876,5965.605640525924</coordinates>
            </Point>
        </Placemark>
        <Placemark id="2309">
            <name/>
            <Point id="2308">
                <coordinates>35.02294328041578,32.12094926500821,5937.608063095508</coordinates>
            </Point>
        </Placemark>
        <Placemark id="2311">
            <name/>
            <Point id="2310">
                <coordinates>35.023286027531434,32.12100168172184,5976.809666533906</coordinates>
            </Point>
        </Placemark>
        <Placemark id="2313">
            <name/>
            <Point id="2312">
                <coordinates>35.02353501543401,32.121079361442305,5968.288053668102</coordinates>
            </Point>
        </Placemark>
        <Placemark id="2315">
            <name/>
            <Point id="2314">
                <coordinates>35.08978092035156,32.04971461797927,9372.620638691531</coordinates>
            </Point>
        </Placemark>
        <Placemark id="2317">
            <name/>
            <Point id="2316">
                <coordinates>35.09000105565106,32.04975187382918,9378.416245632703</coordinates>
            </Point>
        </Placemark>
        <Placemark id="2319">
            <name/>
            <Point id="2318">
                <coordinates>35.090268393193526,32.049776279095994,9384.48961513658</coordinates>
            </Point>
        </Placemark>
        <Placemark id="2321">
            <name/>
            <Point id="2320">
                <coordinates>35.09050674171086,32.049853506435085,9382.211003716513</coordinates>
            </Point>
        </Placemark>
        <Placemark id="2323">
            <name/>
            <Point id="2322">
                <coordinates>35.09090238760503,32.049781538596925,9379.711446852229</coordinates>
            </Point>
        </Placemark>
        <Placemark id="2325">
            <name/>
            <Point id="2324">
                <coordinates>35.09112592009421,32.04979760156535,9385.253274664916</coordinates>
            </Point>
        </Placemark>
        <Placemark id="2327">
            <name/>
            <Point id="2326">
                <coordinates>35.091374691508086,32.04986895976013,9371.437406109531</coordinates>
            </Point>
        </Placemark>
        <Placemark id="2329">
            <name/>
            <Point id="2328">
                <coordinates>35.09151322108436,32.05000161094825,9372.146441437457</coordinates>
            </Point>
        </Placemark>
        <Placemark id="2331">
            <name/>
            <Point id="2330">
                <coordinates>35.0918835142606,32.04990801761736,9378.124958541252</coordinates>
            </Point>
        </Placemark>
        <Placemark id="2333">
            <name/>
            <Point id="2332">
                <coordinates>35.09207577892912,32.04999725985013,9373.696999282776</coordinates>
            </Point>
        </Placemark>
        <Placemark id="2335">
            <name/>
            <Point id="2334">
                <coordinates>35.09238178808747,32.05000062729384,9377.109415316509</coordinates>
            </Point>
        </Placemark>
        <Placemark id="2337">
            <name/>
            <Point id="2336">
                <coordinates>35.09253857219724,32.05013616342747,9364.066084783866</coordinates>
            </Point>
        </Placemark>
        <Placemark id="2339">
            <name/>
            <Point id="2338">
                <coordinates>35.092959677329574,32.049946119822906,9368.590935544778</coordinates>
            </Point>
        </Placemark>
        <Placemark id="2341">
            <name/>
            <Point id="2340">
                <coordinates>35.0931377245146,32.05012829098483,9368.081181906009</coordinates>
            </Point>
        </Placemark>
        <Placemark id="2343">
            <name/>
            <Point id="2342">
                <coordinates>35.09356332642499,32.04998571315992,9368.242689528814</coordinates>
            </Point>
        </Placemark>
        <Placemark id="2345">
            <name/>
            <Point id="2344">
                <coordinates>35.09370707756265,32.05004744624618,9375.017959112074</coordinates>
            </Point>
        </Placemark>
        <Placemark id="2347">
            <name/>
            <Point id="2346">
                <coordinates>35.09400370563229,32.050126962585196,9359.388353530254</coordinates>
            </Point>
        </Placemark>
        <Placemark id="2349">
            <name/>
            <Point id="2348">
                <coordinates>35.09439181343173,32.05000026002683,9379.921972559221</coordinates>
            </Point>
        </Placemark>
        <Placemark id="2351">
            <name/>
            <Point id="2350">
                <coordinates>35.09452861454907,32.05017530020797,9364.646779484492</coordinates>
            </Point>
        </Placemark>
        <Placemark id="2353">
            <name/>
            <Point id="2352">
                <coordinates>35.094878107648505,32.05011124126648,9371.185706388056</coordinates>
            </Point>
        </Placemark>
        <Placemark id="2355">
            <name/>
            <Point id="2354">
                <coordinates>35.09512815982082,32.050147815435,9380.36398305993</coordinates>
            </Point>
        </Placemark>
        <Placemark id="2357">
            <name/>
            <Point id="2356">
                <coordinates>35.09534296271627,32.050320503904544,9356.031170051898</coordinates>
            </Point>
        </Placemark>
        <Placemark id="2359">
            <name/>
            <Point id="2358">
                <coordinates>35.09568102258523,32.05023800911685,9356.74331947082</coordinates>
            </Point>
        </Placemark>
        <Placemark id="2361">
            <name/>
            <Point id="2360">
                <coordinates>35.09593075705813,32.05027145814487,9358.055640761386</coordinates>
            </Point>
        </Placemark>
        <Placemark id="2363">
            <name/>
            <Point id="2362">
                <coordinates>35.033009175441315,32.19852862155789,7781.144051227276</coordinates>
            </Point>
        </Placemark>
        <Placemark id="2365">
            <name/>
            <Point id="2364">
                <coordinates>35.0351829222087,32.19857482720854,7809.534842247579</coordinates>
            </Point>
        </Placemark>
        <Placemark id="2367">
            <name/>
            <Point id="2366">
                <coordinates>35.09812504864321,32.05047726937091,9352.051253266462</coordinates>
            </Point>
        </Placemark>
        <Placemark id="2369">
            <name/>
            <Point id="2368">
                <coordinates>35.098472224433344,32.05037951405066,9359.034013331435</coordinates>
            </Point>
        </Placemark>
        <Placemark id="2371">
            <name/>
            <Point id="2370">
                <coordinates>35.03623915945582,32.198725665425314,7852.830578490818</coordinates>
            </Point>
        </Placemark>
        <Placemark id="2373">
            <name/>
            <Point id="2372">
                <coordinates>35.03247211760786,32.198256736593265,8803.213032013553</coordinates>
            </Point>
        </Placemark>
        <Placemark id="2375">
            <name/>
            <Point id="2374">
                <coordinates>35.10074367840462,32.0505778457964,9338.843518574267</coordinates>
            </Point>
        </Placemark>
        <Placemark id="2377">
            <name/>
            <Point id="2376">
                <coordinates>35.10083698589707,32.05068066247745,9344.37721285497</coordinates>
            </Point>
        </Placemark>
        <Placemark id="2379">
            <name/>
            <Point id="2378">
                <coordinates>35.101031890936085,32.05080380153323,9333.373781114573</coordinates>
            </Point>
        </Placemark>
        <Placemark id="2381">
            <name/>
            <Point id="2380">
                <coordinates>35.068019474285535,32.0874190178328,7034.298348184016</coordinates>
            </Point>
        </Placemark>
        <Placemark id="2383">
            <name/>
            <Point id="2382">
                <coordinates>35.101695871325084,32.05092600573816,9326.95978251466</coordinates>
            </Point>
        </Placemark>
        <Placemark id="2385">
            <name/>
            <Point id="2384">
                <coordinates>35.10200120923399,32.05078211674492,9354.523398217509</coordinates>
            </Point>
        </Placemark>
        <Placemark id="2387">
            <name/>
            <Point id="2386">
                <coordinates>35.10217868683395,32.050823751904964,9335.026603709966</coordinates>
            </Point>
        </Placemark>
        <Placemark id="2389">
            <name/>
            <Point id="2388">
                <coordinates>35.102400835785716,32.05087132263061,9311.666977615745</coordinates>
            </Point>
        </Placemark>
        <Placemark id="2391">
            <name/>
            <Point id="2390">
                <coordinates>35.10250163013766,32.05101694006794,9301.59527529602</coordinates>
            </Point>
        </Placemark>
        <Placemark id="2393">
            <name/>
            <Point id="2392">
                <coordinates>35.10270659291341,32.05092657884528,9299.226992146348</coordinates>
            </Point>
        </Placemark>
        <Placemark id="2395">
            <name/>
            <Point id="2394">
                <coordinates>35.03680522017008,32.12247028674996,6275.375481753137</coordinates>
            </Point>
        </Placemark>
        <Placemark id="2397">
            <name/>
            <Point id="2396">
                <coordinates>35.03695411238151,32.122481089433435,6292.740030810145</coordinates>
            </Point>
        </Placemark>
        <Placemark id="2399">
            <name/>
            <Point id="2398">
                <coordinates>35.03709350935908,32.122439532043884,6287.078395789519</coordinates>
            </Point>
        </Placemark>
        <Placemark id="2401">
            <name/>
            <Point id="2400">
                <coordinates>35.102996594129486,32.05096542935288,9314.403164301668</coordinates>
            </Point>
        </Placemark>
        <Placemark id="2403">
            <name/>
            <Point id="2402">
                <coordinates>35.1030880077482,32.050900420244474,9320.732929889806</coordinates>
            </Point>
        </Placemark>
        <Placemark id="2405">
            <name/>
            <Point id="2404">
                <coordinates>35.10309807563018,32.05088005457173,9307.60894411326</coordinates>
            </Point>
        </Placemark>
        <Placemark id="2407">
            <name/>
            <Point id="2406">
                <coordinates>35.103113435135306,32.0508043733297,9317.547625196785</coordinates>
            </Point>
        </Placemark>
        <Placemark id="2409">
            <name/>
            <Point id="2408">
                <coordinates>35.10313781748289,32.05072589771498,9303.071728907047</coordinates>
            </Point>
        </Placemark>
        <Placemark id="2411">
            <name/>
            <Point id="2410">
                <coordinates>35.10316105347643,32.05064918685377,9309.013418785638</coordinates>
            </Point>
        </Placemark>
        <Placemark id="2413">
            <name/>
            <Point id="2412">
                <coordinates>35.10315537933584,32.05066668673051,9324.307170402959</coordinates>
            </Point>
        </Placemark>
        <Placemark id="2415">
            <name/>
            <Point id="2414">
                <coordinates>35.103255236082305,32.05055306517934,9317.372981352926</coordinates>
            </Point>
        </Placemark>
        <Placemark id="2417">
            <name/>
            <Point id="2416">
                <coordinates>35.10331174368461,32.05056839510282,9281.793793980481</coordinates>
            </Point>
        </Placemark>
        <Placemark id="2419">
            <name/>
            <Point id="2418">
                <coordinates>35.10348030354035,32.050514450348054,9269.803562361201</coordinates>
            </Point>
        </Placemark>
        <Placemark id="2421">
            <name/>
            <Point id="2420">
                <coordinates>35.10342023401852,32.05057102163306,9283.646382056228</coordinates>
            </Point>
        </Placemark>
        <Placemark id="2423">
            <name/>
            <Point id="2422">
                <coordinates>35.10358820222185,32.05038210611564,9284.929826052043</coordinates>
            </Point>
        </Placemark>
        <Placemark id="2425">
            <name/>
            <Point id="2424">
                <coordinates>35.1035374492928,32.05045198745959,9289.294115535757</coordinates>
            </Point>
        </Placemark>
        <Placemark id="2427">
            <name/>
            <Point id="2426">
                <coordinates>35.10363442087442,32.05044653759967,9254.675157410498</coordinates>
            </Point>
        </Placemark>
        <Placemark id="2429">
            <name/>
            <Point id="2428">
                <coordinates>35.10367644895827,32.05019809010835,9289.129984299396</coordinates>
            </Point>
        </Placemark>
        <Placemark id="2431">
            <name/>
            <Point id="2430">
                <coordinates>35.10357851422781,32.05010013019039,9278.462088297949</coordinates>
            </Point>
        </Placemark>
        <Placemark id="2433">
            <name/>
            <Point id="2432">
                <coordinates>35.10345496896933,32.04998820151651,9252.696442420496</coordinates>
            </Point>
        </Placemark>
        <Placemark id="2435">
            <name/>
            <Point id="2434">
                <coordinates>35.041288881454015,32.19748003599989,7842.432971979232</coordinates>
            </Point>
        </Placemark>
        <Placemark id="2437">
            <name/>
            <Point id="2436">
                <coordinates>35.04117670301314,32.19723605968855,7805.4566531402015</coordinates>
            </Point>
        </Placemark>
        <Placemark id="2439">
            <name/>
            <Point id="2438">
                <coordinates>35.041058407323106,32.19710837678732,7795.094491853725</coordinates>
            </Point>
        </Placemark>
        <Placemark id="2441">
            <name/>
            <Point id="2440">
                <coordinates>35.10314786745667,32.04967348278317,9236.780481830618</coordinates>
            </Point>
        </Placemark>
        <Placemark id="2443">
            <name/>
            <Point id="2442">
                <coordinates>35.04112246530328,32.196867427825154,7824.902897482935</coordinates>
            </Point>
        </Placemark>
        <Placemark id="2445">
            <name/>
            <Point id="2444">
                <coordinates>35.040983471610346,32.1967300742985,7803.936041604799</coordinates>
            </Point>
        </Placemark>
        <Placemark id="2447">
            <name/>
            <Point id="2446">
                <coordinates>35.035206264704854,32.19603399468301,9114.70089318061</coordinates>
            </Point>
        </Placemark>
        <Placemark id="2449">
            <name/>
            <Point id="2448">
                <coordinates>35.035137144419956,32.195869429667944,9113.546704508944</coordinates>
            </Point>
        </Placemark>
        <Placemark id="2451">
            <name/>
            <Point id="2450">
                <coordinates>35.10312130348884,32.048669505555175,9259.701151983856</coordinates>
            </Point>
        </Placemark>
        <Placemark id="2453">
            <name/>
            <Point id="2452">
                <coordinates>35.10285009687231,32.048766190952364,9239.000323618026</coordinates>
            </Point>
        </Placemark>
        <Placemark id="2455">
            <name/>
            <Point id="2454">
                <coordinates>35.10278609333093,32.048247229438665,9225.58622308407</coordinates>
            </Point>
        </Placemark>
        <Placemark id="2457">
            <name/>
            <Point id="2456">
                <coordinates>35.1027084172712,32.04809062898291,9258.640222315127</coordinates>
            </Point>
        </Placemark>
        <Placemark id="2459">
            <name/>
            <Point id="2458">
                <coordinates>35.10269167055793,32.04811232535116,9215.392015998787</coordinates>
            </Point>
        </Placemark>
        <Placemark id="2461">
            <name/>
            <Point id="2460">
                <coordinates>35.03639291884434,32.11947898449926,6468.904701261213</coordinates>
            </Point>
        </Placemark>
        <Placemark id="2463">
            <name/>
            <Point id="2462">
                <coordinates>35.10259770792527,32.04789943693326,9235.670020921647</coordinates>
            </Point>
        </Placemark>
        <Placemark id="2465">
            <name/>
            <Point id="2464">
                <coordinates>35.10274542990916,32.047460448171776,9226.071166060341</coordinates>
            </Point>
        </Placemark>
        <Placemark id="2467">
            <name/>
            <Point id="2466">
                <coordinates>35.10263043120924,32.047577391343864,9235.246877568461</coordinates>
            </Point>
        </Placemark>
        <Placemark id="2469">
            <name/>
            <Point id="2468">
                <coordinates>34.981826884650346,32.201832101911606,2930.036282819233</coordinates>
            </Point>
        </Placemark>
        <Placemark id="2471">
            <name/>
            <Point id="2470">
                <coordinates>34.98149975008975,32.20168593276412,2915.078249733197</coordinates>
            </Point>
        </Placemark>
        <Placemark id="2473">
            <name/>
            <Point id="2472">
                <coordinates>35.04061507650188,32.194536254940694,7827.477846585405</coordinates>
            </Point>
        </Placemark>
        <Placemark id="2475">
            <name/>
            <Point id="2474">
                <coordinates>34.982459317369944,32.201371291783445,3043.6586226461773</coordinates>
            </Point>
        </Placemark>
        <Placemark id="2477">
            <name/>
            <Point id="2476">
                <coordinates>35.039443303456025,32.11855738768449,5702.060855261311</coordinates>
            </Point>
        </Placemark>
        <Placemark id="2479">
            <name/>
            <Point id="2478">
                <coordinates>34.980762163693896,32.201280947072966,2876.9869499203187</coordinates>
            </Point>
        </Placemark>
        <Placemark id="2481">
            <name/>
            <Point id="2480">
                <coordinates>35.0405963697824,32.19402304589588,7812.429028616395</coordinates>
            </Point>
        </Placemark>
        <Placemark id="2483">
            <name/>
            <Point id="2482">
                <coordinates>34.9796638050369,32.201154733177944,2793.7212081893317</coordinates>
            </Point>
        </Placemark>
        <Placemark id="2485">
            <name/>
            <Point id="2484">
                <coordinates>34.97935002387945,32.2010515031562,2763.4041155333207</coordinates>
            </Point>
        </Placemark>
        <Placemark id="2487">
            <name/>
            <Point id="2486">
                <coordinates>35.04034557886511,32.193599027458035,7827.734532906139</coordinates>
            </Point>
        </Placemark>
        <Placemark id="2489">
            <name/>
            <Point id="2488">
                <coordinates>35.10210278399441,32.04597783701722,9190.101525666461</coordinates>
            </Point>
        </Placemark>
        <Placemark id="2491">
            <name/>
            <Point id="2490">
                <coordinates>35.04021280623173,32.19330900433512,7810.770646233736</coordinates>
            </Point>
        </Placemark>
        <Placemark id="2493">
            <name/>
            <Point id="2492">
                <coordinates>35.04025117369582,32.19316650758053,7785.482802293673</coordinates>
            </Point>
        </Placemark>
        <Placemark id="2495">
            <name/>
            <Point id="2494">
                <coordinates>35.03374377054745,32.192466990677644,9281.299075338464</coordinates>
            </Point>
        </Placemark>
        <Placemark id="2497">
            <name/>
            <Point id="2496">
                <coordinates>35.03380862721678,32.19234438973508,9256.65577077302</coordinates>
            </Point>
        </Placemark>
        <Placemark id="2499">
            <name/>
            <Point id="2498">
                <coordinates>35.033604856636465,32.19178442932719,9272.277275891454</coordinates>
            </Point>
        </Placemark>
        <Placemark id="2501">
            <name/>
            <Point id="2500">
                <coordinates>35.0336462963626,32.191847330086595,9308.462057291079</coordinates>
            </Point>
        </Placemark>
        <Placemark id="2503">
            <name/>
            <Point id="2502">
                <coordinates>35.035185666358274,32.117052045629954,6569.570365750182</coordinates>
            </Point>
        </Placemark>
        <Placemark id="2505">
            <name/>
            <Point id="2504">
                <coordinates>35.035294997033134,32.1170453567904,6569.424258041074</coordinates>
            </Point>
        </Placemark>
        <Placemark id="2507">
            <name/>
            <Point id="2506">
                <coordinates>35.0355299586792,32.11611971563468,6576.474589245381</coordinates>
            </Point>
        </Placemark>
        <Placemark id="2509">
            <name/>
            <Point id="2508">
                <coordinates>35.037957944187895,32.11486842493018,6690.941467956613</coordinates>
            </Point>
        </Placemark>
        <Placemark id="2511">
            <name/>
            <Point id="2510">
                <coordinates>35.03824366434201,32.11473669431381,6704.0319494903715</coordinates>
            </Point>
        </Placemark>
        <Placemark id="2513">
            <name/>
            <Point id="2512">
                <coordinates>35.038358162771694,32.1147615854236,6679.871600109771</coordinates>
            </Point>
        </Placemark>
        <Placemark id="2515">
            <name/>
            <Point id="2514">
                <coordinates>35.038576990771794,32.11469249835803,6678.477899250191</coordinates>
            </Point>
        </Placemark>
        <Placemark id="2517">
            <name/>
            <Point id="2516">
                <coordinates>35.04148967169102,32.1148138873568,6809.491182954619</coordinates>
            </Point>
        </Placemark>
        <Placemark id="2519">
            <name/>
            <Point id="2518">
                <coordinates>35.04194753594087,32.11503756573945,6780.083667427722</coordinates>
            </Point>
        </Placemark>
        <Placemark id="2521">
            <name/>
            <Point id="2520">
                <coordinates>35.04210885009582,32.11506659301411,6811.876408740209</coordinates>
            </Point>
        </Placemark>
        <Placemark id="2523">
            <name/>
            <Point id="2522">
                <coordinates>35.042191708441294,32.11527851607641,6823.62867310286</coordinates>
            </Point>
        </Placemark>
        <Placemark id="2525">
            <name/>
            <Point id="2524">
                <coordinates>35.04735745703843,32.11536130152075,5691.9171929410195</coordinates>
            </Point>
        </Placemark>
        <Placemark id="2527">
            <name/>
            <Point id="2526">
                <coordinates>35.04755546067268,32.115422794765045,5723.019460876422</coordinates>
            </Point>
        </Placemark>
        <Placemark id="2529">
            <name/>
            <Point id="2528">
                <coordinates>35.047729037845535,32.115477600760286,5738.58041697732</coordinates>
            </Point>
        </Placemark>
        <Placemark id="2531">
            <name/>
            <Point id="2530">
                <coordinates>35.04788679384507,32.1156190559031,5744.175870503335</coordinates>
            </Point>
        </Placemark>
        <Placemark id="2533">
            <name/>
            <Point id="2532">
                <coordinates>35.04803752056932,32.115648400064316,5757.655270234541</coordinates>
            </Point>
        </Placemark>
        <Placemark id="2535">
            <name/>
            <Point id="2534">
                <coordinates>35.043400452261714,32.115865775572736,6854.11227675866</coordinates>
            </Point>
        </Placemark>
        <Placemark id="2537">
            <name/>
            <Point id="2536">
                <coordinates>35.04371769668445,32.115902724826995,6842.367105701872</coordinates>
            </Point>
        </Placemark>
        <Placemark id="2539">
            <name/>
            <Point id="2538">
                <coordinates>35.04379888272461,32.11597680840285,6862.788081850772</coordinates>
            </Point>
        </Placemark>
        <Placemark id="2541">
            <name/>
            <Point id="2540">
                <coordinates>35.04401897888264,32.11606892278526,6848.754323547237</coordinates>
            </Point>
        </Placemark>
        <Placemark id="2543">
            <name/>
            <Point id="2542">
                <coordinates>35.04410203129734,32.11628344669919,6847.108232645033</coordinates>
            </Point>
        </Placemark>
        <Placemark id="2545">
            <name/>
            <Point id="2544">
                <coordinates>35.044277217267556,32.116246739588526,6867.975991659396</coordinates>
            </Point>
        </Placemark>
        <Placemark id="2547">
            <name/>
            <Point id="2546">
                <coordinates>35.0443345247129,32.116406613699205,6866.135895766176</coordinates>
            </Point>
        </Placemark>
        <Placemark id="2549">
            <name/>
            <Point id="2548">
                <coordinates>35.04435022564447,32.11649711326262,6888.190250600082</coordinates>
            </Point>
        </Placemark>
        <Placemark id="2551">
            <name/>
            <Point id="2550">
                <coordinates>35.049459738963066,32.116503311651314,5738.415475142734</coordinates>
            </Point>
        </Placemark>
        <Placemark id="2553">
            <name/>
            <Point id="2552">
                <coordinates>35.11152114627928,32.044735655620194,9063.486344521734</coordinates>
            </Point>
        </Placemark>
        <Placemark id="2555">
            <name/>
            <Point id="2554">
                <coordinates>35.11186129925014,32.044815023688784,9052.531499807545</coordinates>
            </Point>
        </Placemark>
        <Placemark id="2557">
            <name/>
            <Point id="2556">
                <coordinates>35.111969223690124,32.045072794837964,9059.509823091548</coordinates>
            </Point>
        </Placemark>
        <Placemark id="2559">
            <name/>
            <Point id="2558">
                <coordinates>35.111898026105045,32.045127865424696,9047.273383605436</coordinates>
            </Point>
        </Placemark>
        <Placemark id="2561">
            <name/>
            <Point id="2560">
                <coordinates>35.049966394096835,32.116862757986944,5761.258020437695</coordinates>
            </Point>
        </Placemark>
        <Placemark id="2563">
            <name/>
            <Point id="2562">
                <coordinates>35.04509575602948,32.11693603853522,6899.445111591423</coordinates>
            </Point>
        </Placemark>
        <Placemark id="2565">
            <name/>
            <Point id="2564">
                <coordinates>35.04519301925887,32.11673572830642,6959.251223162257</coordinates>
            </Point>
        </Placemark>
        <Placemark id="2567">
            <name/>
            <Point id="2566">
                <coordinates>35.045246259184864,32.116973933263715,6915.45718083481</coordinates>
            </Point>
        </Placemark>
        <Placemark id="2569">
            <name/>
            <Point id="2568">
                <coordinates>35.04523763191762,32.11726558579601,6913.384593015836</coordinates>
            </Point>
        </Placemark>
        <Placemark id="2571">
            <name/>
            <Point id="2570">
                <coordinates>35.0455478723432,32.117097625276635,6940.012703362377</coordinates>
            </Point>
        </Placemark>
        <Placemark id="2573">
            <name/>
            <Point id="2572">
                <coordinates>35.045571781731276,32.11715860022591,6960.496690906348</coordinates>
            </Point>
        </Placemark>
        <Placemark id="2575">
            <name/>
            <Point id="2574">
                <coordinates>35.04569339552296,32.117279961021815,6893.919126990833</coordinates>
            </Point>
        </Placemark>
        <Placemark id="2577">
            <name/>
            <Point id="2576">
                <coordinates>35.0455995536987,32.11759483365904,6922.6648131678785</coordinates>
            </Point>
        </Placemark>
        <Placemark id="2579">
            <name/>
            <Point id="2578">
                <coordinates>35.045879485643766,32.1173962011355,6943.325541101286</coordinates>
            </Point>
        </Placemark>
        <Placemark id="2581">
            <name/>
            <Point id="2580">
                <coordinates>35.04644591910812,32.117050229170665,6986.4042289141225</coordinates>
            </Point>
        </Placemark>
        <Placemark id="2583">
            <name/>
            <Point id="2582">
                <coordinates>35.04695247367007,32.11803406219369,6992.1415609485775</coordinates>
            </Point>
        </Placemark>
        <Placemark id="2585">
            <name/>
            <Point id="2584">
                <coordinates>35.047007897233705,32.118224748479946,6989.720812746608</coordinates>
            </Point>
        </Placemark>
        <Placemark id="2587">
            <name/>
            <Point id="2586">
                <coordinates>35.04708406112121,32.11822476199989,7023.904415388115</coordinates>
            </Point>
        </Placemark>
        <Placemark id="2589">
            <name/>
            <Point id="2588">
                <coordinates>35.04720729812081,32.11826096791554,7048.565997657989</coordinates>
            </Point>
        </Placemark>
        <Placemark id="2591">
            <name/>
            <Point id="2590">
                <coordinates>35.115639039929604,32.046573996809386,9043.995287081028</coordinates>
            </Point>
        </Placemark>
        <Placemark id="2593">
            <name/>
            <Point id="2592">
                <coordinates>35.11567584691018,32.046672687338926,9047.384985291956</coordinates>
            </Point>
        </Placemark>
        <Placemark id="2595">
            <name/>
            <Point id="2594">
                <coordinates>35.11595865730297,32.04653914925823,9065.879152792422</coordinates>
            </Point>
        </Placemark>
        <Placemark id="2597">
            <name/>
            <Point id="2596">
                <coordinates>35.116004400417594,32.04670225577591,9063.339424458774</coordinates>
            </Point>
        </Placemark>
        <Placemark id="2599">
            <name/>
            <Point id="2598">
                <coordinates>35.116229979860236,32.04657082060393,9027.952019406912</coordinates>
            </Point>
        </Placemark>
        <Placemark id="2601">
            <name/>
            <Point id="2600">
                <coordinates>35.11628576120382,32.04653217829725,9033.957355082153</coordinates>
            </Point>
        </Placemark>
        <Placemark id="2603">
            <name/>
            <Point id="2602">
                <coordinates>35.11629718789233,32.046611865602756,9036.717879906908</coordinates>
            </Point>
        </Placemark>
        <Placemark id="2605">
            <name/>
            <Point id="2604">
                <coordinates>35.116347616706335,32.04671209718591,9025.407132691333</coordinates>
            </Point>
        </Placemark>
        <Placemark id="2607">
            <name/>
            <Point id="2606">
                <coordinates>35.11646521859883,32.04658965938847,9022.103037753015</coordinates>
            </Point>
        </Placemark>
        <Placemark id="2609">
            <name/>
            <Point id="2608">
                <coordinates>35.11651965792554,32.04653715319991,9009.594289267485</coordinates>
            </Point>
        </Placemark>
        <Placemark id="2611">
            <name/>
            <Point id="2610">
                <coordinates>35.049312001922594,32.11845427400228,7189.6230616782395</coordinates>
            </Point>
        </Placemark>
        <Placemark id="2613">
            <name/>
            <Point id="2612">
                <coordinates>35.05525213854071,32.118580203711694,5813.426277271054</coordinates>
            </Point>
        </Placemark>
        <Placemark id="2615">
            <name/>
            <Point id="2614">
                <coordinates>35.05529733257929,32.11860056044629,5814.983910748189</coordinates>
            </Point>
        </Placemark>
        <Placemark id="2617">
            <name/>
            <Point id="2616">
                <coordinates>35.12572962207968,32.05332395915915,9883.633487098723</coordinates>
            </Point>
        </Placemark>
        <Placemark id="2619">
            <name/>
            <Point id="2618">
                <coordinates>34.98147463966145,32.20213313663571,2814.008420557904</coordinates>
            </Point>
        </Placemark>
        <Placemark id="2621">
            <name/>
            <Point id="2620">
                <coordinates>35.0518429737154,32.11922653849447,7302.290958267733</coordinates>
            </Point>
        </Placemark>
        <Placemark id="2623">
            <name/>
            <Point id="2622">
                <coordinates>35.051771243238655,32.11933098242079,7341.554804552754</coordinates>
            </Point>
        </Placemark>
        <Placemark id="2625">
            <name/>
            <Point id="2624">
                <coordinates>35.05228719777835,32.11923650618539,7320.478239848404</coordinates>
            </Point>
        </Placemark>
        <Placemark id="2627">
            <name/>
            <Point id="2626">
                <coordinates>35.05255608688732,32.11934800151887,7271.257880181203</coordinates>
            </Point>
        </Placemark>
        <Placemark id="2629">
            <name/>
            <Point id="2628">
                <coordinates>35.05259118273772,32.11938577159324,7330.732481475869</coordinates>
            </Point>
        </Placemark>
        <Placemark id="2631">
            <name/>
            <Point id="2630">
                <coordinates>35.053312271630105,32.11975960571233,7345.523680392201</coordinates>
            </Point>
        </Placemark>
        <Placemark id="2633">
            <name/>
            <Point id="2632">
                <coordinates>35.05354102330767,32.119912833579775,7326.040633401123</coordinates>
            </Point>
        </Placemark>
        <Placemark id="2635">
            <name/>
            <Point id="2634">
                <coordinates>35.053874992828845,32.11993842534803,7340.425862674469</coordinates>
            </Point>
        </Placemark>
        <Placemark id="2637">
            <name/>
            <Point id="2636">
                <coordinates>35.05407538605127,32.1199857555477,7347.505336063877</coordinates>
            </Point>
        </Placemark>
        <Placemark id="2639">
            <name/>
            <Point id="2638">
                <coordinates>35.05422371330885,32.12011531000162,7341.676317635802</coordinates>
            </Point>
        </Placemark>
        <Placemark id="2641">
            <name/>
            <Point id="2640">
                <coordinates>35.05439355975897,32.12012159100225,7369.313019839533</coordinates>
            </Point>
        </Placemark>
        <Placemark id="2643">
            <name/>
            <Point id="2642">
                <coordinates>35.054522710176805,32.120267425919145,7327.999998817099</coordinates>
            </Point>
        </Placemark>
        <Placemark id="2645">
            <name/>
            <Point id="2644">
                <coordinates>35.12346609054491,32.04869120021507,8950.664367061887</coordinates>
            </Point>
        </Placemark>
        <Placemark id="2647">
            <name/>
            <Point id="2646">
                <coordinates>35.1236915469648,32.048522548191464,8982.935276151276</coordinates>
            </Point>
        </Placemark>
        <Placemark id="2649">
            <name/>
            <Point id="2648">
                <coordinates>35.05686530489438,32.120514631038624,7470.146932491839</coordinates>
            </Point>
        </Placemark>
        <Placemark id="2651">
            <name/>
            <Point id="2650">
                <coordinates>35.057171427921666,32.12051528036878,7439.32097791931</coordinates>
            </Point>
        </Placemark>
        <Placemark id="2653">
            <name/>
            <Point id="2652">
                <coordinates>35.05740931257083,32.12076165201069,7453.762912967933</coordinates>
            </Point>
        </Placemark>
        <Placemark id="2655">
            <name/>
            <Point id="2654">
                <coordinates>34.98992956258907,32.203489587724036,3463.743113881218</coordinates>
            </Point>
        </Placemark>
        <Placemark id="2657">
            <name/>
            <Point id="2656">
                <coordinates>35.05786478415323,32.120724373362954,7552.532715620842</coordinates>
            </Point>
        </Placemark>
        <Placemark id="2659">
            <name/>
            <Point id="2658">
                <coordinates>35.137482202030085,32.05640986328614,9965.57654403834</coordinates>
            </Point>
        </Placemark>
        <Placemark id="2661">
            <name/>
            <Point id="2660">
                <coordinates>35.12211081431417,32.12658872468513,7124.769119082607</coordinates>
            </Point>
        </Placemark>
        <Placemark id="2663">
            <name/>
            <Point id="2662">
                <coordinates>34.99692627810685,32.203914055508996,2349.6446055060037</coordinates>
            </Point>
        </Placemark>
        <Placemark id="2665">
            <name/>
            <Point id="2664">
                <coordinates>34.99713874146641,32.20388144882541,2364.0769107901083</coordinates>
            </Point>
        </Placemark>
        <Placemark id="2667">
            <name/>
            <Point id="2666">
                <coordinates>34.9929551636517,32.20303525582261,3621.061979985257</coordinates>
            </Point>
        </Placemark>
        <Placemark id="2669">
            <name/>
            <Point id="2668">
                <coordinates>34.993133009693764,32.202974585271484,3648.2155096140527</coordinates>
            </Point>
        </Placemark>
        <Placemark id="2671">
            <name/>
            <Point id="2670">
                <coordinates>35.061038002914636,32.1203745223786,7558.731950722536</coordinates>
            </Point>
        </Placemark>
        <Placemark id="2673">
            <name/>
            <Point id="2672">
                <coordinates>35.06160851235683,32.120466014749276,7599.46636191585</coordinates>
            </Point>
        </Placemark>
        <Placemark id="2675">
            <name/>
            <Point id="2674">
                <coordinates>35.06202011277118,32.12038824018072,7572.82825014721</coordinates>
            </Point>
        </Placemark>
        <Placemark id="2677">
            <name/>
            <Point id="2676">
                <coordinates>35.06251964334105,32.12017324269729,7594.636107994108</coordinates>
            </Point>
        </Placemark>
        <Placemark id="2679">
            <name/>
            <Point id="2678">
                <coordinates>34.996108470402554,32.2021750617753,3780.466185927405</coordinates>
            </Point>
        </Placemark>
        <Placemark id="2681">
            <name/>
            <Point id="2680">
                <coordinates>35.07571050397278,32.19143144169642,8053.7868064932545</coordinates>
            </Point>
        </Placemark>
        <Placemark id="2683">
            <name/>
            <Point id="2682">
                <coordinates>35.06687693126004,32.119687832763795,7798.290833455883</coordinates>
            </Point>
        </Placemark>
        <Placemark id="2685">
            <name/>
            <Point id="2684">
                <coordinates>35.06738702247163,32.11949713736719,7749.5818477504545</coordinates>
            </Point>
        </Placemark>
        <Placemark id="2687">
            <name/>
            <Point id="2686">
                <coordinates>35.067477592561794,32.119857062365845,7781.601559657896</coordinates>
            </Point>
        </Placemark>
        <Placemark id="2689">
            <name/>
            <Point id="2688">
                <coordinates>35.07993619971861,32.1666377712077,-2826.5390999730243</coordinates>
            </Point>
        </Placemark>
        <Placemark id="2691">
            <name/>
            <Point id="2690">
                <coordinates>35.074751467866,32.121706752182476,8105.839105323201</coordinates>
            </Point>
        </Placemark>
        <Placemark id="2693">
            <name/>
            <Point id="2692">
                <coordinates>35.08365484086863,32.121699416714776,5945.872690111077</coordinates>
            </Point>
        </Placemark>
        <Placemark id="2695">
            <name/>
            <Point id="2694">
                <coordinates>35.07787023211224,32.16612356923312,-2775.965111346281</coordinates>
            </Point>
        </Placemark>
        <Placemark id="2697">
            <name/>
            <Point id="2696">
                <coordinates>35.00903377608043,32.20279376823138,4846.299958060939</coordinates>
            </Point>
        </Placemark>
        <Placemark id="2699">
            <name/>
            <Point id="2698">
                <coordinates>35.07593882182305,32.12193155004584,8111.325427285109</coordinates>
            </Point>
        </Placemark>
        <Placemark id="2701">
            <name/>
            <Point id="2700">
                <coordinates>35.076193351414965,32.121542890325,8120.878508288432</coordinates>
            </Point>
        </Placemark>
        <Placemark id="2703">
            <name/>
            <Point id="2702">
                <coordinates>35.07706430316739,32.12152498869214,8126.167369156862</coordinates>
            </Point>
        </Placemark>
        <Placemark id="2705">
            <name/>
            <Point id="2704">
                <coordinates>35.1727043734858,31.995859879792402,2909.0432684019893</coordinates>
            </Point>
        </Placemark>
        <Placemark id="2707">
            <name/>
            <Point id="2706">
                <coordinates>35.17278824124913,31.99566965328807,2916.4838657100554</coordinates>
            </Point>
        </Placemark>
        <Placemark id="2709">
            <name/>
            <Point id="2708">
                <coordinates>35.17290937935457,31.995961694038275,2900.485398072413</coordinates>
            </Point>
        </Placemark>
        <Placemark id="2711">
            <name/>
            <Point id="2710">
                <coordinates>35.17301134605851,31.996095095086712,2892.239752022516</coordinates>
            </Point>
        </Placemark>
        <Placemark id="2713">
            <name/>
            <Point id="2712">
                <coordinates>35.17301590836484,31.995837538890147,2896.7868207049555</coordinates>
            </Point>
        </Placemark>
        <Placemark id="2715">
            <name/>
            <Point id="2714">
                <coordinates>35.1731242050621,31.995979022061075,2900.951748157232</coordinates>
            </Point>
        </Placemark>
        <Placemark id="2717">
            <name/>
            <Point id="2716">
                <coordinates>35.17317103169362,31.99600205575952,2903.618369767632</coordinates>
            </Point>
        </Placemark>
        <Placemark id="2719">
            <name/>
            <Point id="2718">
                <coordinates>35.173229115714044,31.996105462991977,2893.2726638752492</coordinates>
            </Point>
        </Placemark>
        <Placemark id="2721">
            <name/>
            <Point id="2720">
                <coordinates>35.17321990631315,31.996207565547515,2911.9429311748954</coordinates>
            </Point>
        </Placemark>
        <Placemark id="2723">
            <name/>
            <Point id="2722">
                <coordinates>35.17329739978454,31.99623898203303,2904.484512114484</coordinates>
            </Point>
        </Placemark>
        <Placemark id="2725">
            <name/>
            <Point id="2724">
                <coordinates>35.1733422983058,31.99628714002207,2904.2353132639337</coordinates>
            </Point>
        </Placemark>
        <Placemark id="2727">
            <name/>
            <Point id="2726">
                <coordinates>35.173342374691515,31.99641818787437,2902.780294039188</coordinates>
            </Point>
        </Placemark>
        <Placemark id="2729">
            <name/>
            <Point id="2728">
                <coordinates>35.17346159208297,31.996578758912026,2957.38056343674</coordinates>
            </Point>
        </Placemark>
        <Placemark id="2731">
            <name/>
            <Point id="2730">
                <coordinates>35.173593171679535,31.99678064114431,2905.270451369808</coordinates>
            </Point>
        </Placemark>
        <Placemark id="2733">
            <name/>
            <Point id="2732">
                <coordinates>35.167966285748726,32.005454567761184,4901.876876428732</coordinates>
            </Point>
        </Placemark>
        <Placemark id="2735">
            <name/>
            <Point id="2734">
                <coordinates>35.185527985590305,31.98152346412874,-647.8214048657376</coordinates>
            </Point>
        </Placemark>
        <Placemark id="2737">
            <name/>
            <Point id="2736">
                <coordinates>35.17448569520669,31.99498273568663,3230.5447534154796</coordinates>
            </Point>
        </Placemark>
        <Placemark id="2739">
            <name/>
            <Point id="2738">
                <coordinates>35.174613410561825,31.99495576697211,3220.2269172185956</coordinates>
            </Point>
        </Placemark>
        <Placemark id="2741">
            <name/>
            <Point id="2740">
                <coordinates>35.08095074021951,32.12463006395409,8441.308137254406</coordinates>
            </Point>
        </Placemark>
        <Placemark id="2743">
            <name/>
            <Point id="2742">
                <coordinates>35.024680670791454,32.20664097154374,2994.5158798720895</coordinates>
            </Point>
        </Placemark>
        <Placemark id="2745">
            <name/>
            <Point id="2744">
                <coordinates>35.073852472372955,31.966604321706093,-3238.218288901333</coordinates>
            </Point>
        </Placemark>
        <Placemark id="2747">
            <name/>
            <Point id="2746">
                <coordinates>35.08578722510138,32.00156268013329,2979.608342661167</coordinates>
            </Point>
        </Placemark>
        <Placemark id="2749">
            <name/>
            <Point id="2748">
                <coordinates>35.088237531989115,32.00454050854609,2611.474492020569</coordinates>
            </Point>
        </Placemark>
        <Placemark id="2751">
            <name/>
            <Point id="2750">
                <coordinates>35.03221909270045,31.963308740789547,-4385.539926398976</coordinates>
            </Point>
        </Placemark>
        <Placemark id="2753">
            <name/>
            <Point id="2752">
                <coordinates>35.03191018774206,31.963237443611316,-4386.829380614298</coordinates>
            </Point>
        </Placemark>
        <Placemark id="2755">
            <name/>
            <Point id="2754">
                <coordinates>35.08549016136186,32.00173263640233,2967.0200068691406</coordinates>
            </Point>
        </Placemark>
        <Placemark id="2757">
            <name/>
            <Point id="2756">
                <coordinates>35.079889494559126,32.12636196037028,8614.855724939052</coordinates>
            </Point>
        </Placemark>
        <Placemark id="2759">
            <name/>
            <Point id="2758">
                <coordinates>35.0798375554533,32.12645287757714,8623.935432719532</coordinates>
            </Point>
        </Placemark>
        <Placemark id="2761">
            <name/>
            <Point id="2760">
                <coordinates>35.079816750060026,32.1265460770726,8636.20785026177</coordinates>
            </Point>
        </Placemark>
        <Placemark id="2763">
            <name/>
            <Point id="2762">
                <coordinates>35.079785343023254,32.126469658064195,8637.131654533267</coordinates>
            </Point>
        </Placemark>
        <Placemark id="2765">
            <name/>
            <Point id="2764">
                <coordinates>35.079769153209284,32.12633274114833,8621.708020697426</coordinates>
            </Point>
        </Placemark>
        <Placemark id="2767">
            <name/>
            <Point id="2766">
                <coordinates>35.07977431126538,32.126316546391664,8656.336491806365</coordinates>
            </Point>
        </Placemark>
        <Placemark id="2769">
            <name/>
            <Point id="2768">
                <coordinates>35.14027261868276,32.202908005467044,-2432.4319600826275</coordinates>
            </Point>
        </Placemark>
        <Placemark id="2771">
            <name/>
            <Point id="2770">
                <coordinates>35.1405282003757,32.20301920734861,-2429.4918768458997</coordinates>
            </Point>
        </Placemark>
        <Placemark id="2773">
            <name/>
            <Point id="2772">
                <coordinates>35.1404239844145,32.20221180391425,-2419.4816579174717</coordinates>
            </Point>
        </Placemark>
        <Placemark id="2775">
            <name/>
            <Point id="2774">
                <coordinates>35.582737725330695,31.96378416634566,5937.912992193417</coordinates>
            </Point>
        </Placemark>
        <Placemark id="2777">
            <name/>
            <Point id="2776">
                <coordinates>35.561263171115236,31.968785938017813,4269.5017155134965</coordinates>
            </Point>
        </Placemark>
        <Placemark id="2779">
            <name/>
            <Point id="2778">
                <coordinates>35.578564029310286,31.96737122733738,5538.441337530886</coordinates>
            </Point>
        </Placemark>
        <Placemark id="2781">
            <name/>
            <Point id="2780">
                <coordinates>35.561197261380336,31.968769441377564,4265.669570754611</coordinates>
            </Point>
        </Placemark>
        <Placemark id="2783">
            <name/>
            <Point id="2782">
                <coordinates>35.561573613419355,31.9686309914266,4275.319229273498</coordinates>
            </Point>
        </Placemark>
        <Placemark id="2785">
            <name/>
            <Point id="2784">
                <coordinates>35.19619316098569,32.09303190607151,-4444.824381573765</coordinates>
            </Point>
        </Placemark>
    </Document>
</kml>
