UTC Time,Latitude,Longitude,Altitude(m),Velocity(m/s),Satellites Used
2026-03-22 06:44:42,32.29669390182715,34.92500344061234,-3922.4469025293733,0.0,5
2026-03-22 06:45:20,32.125490039407765,34.73793326968336,3594.9423811056568,0.0,6
2026-03-22 06:45:21,32.125418866579686,34.737926409982606,3599.885030369287,9.338520883098107,6
2026-03-22 06:45:22,32.125521795931284,34.73794305123473,3602.9881461244563,11.938137302902287,7
2026-03-22 06:45:23,32.12572866972527,34.73774569688342,3562.644348595264,50.016719040044315,7
2026-03-22 06:45:24,32.12540351523227,34.73792610941893,3648.1493001091667,94.35450275592903,7
2026-03-22 06:45:26,32.12540879113696,34.73794485996349,3640.1807471392326,0.0,6
2026-03-22 06:45:27,32.12538933521969,34.73794114025808,3622.760338540537,17.55716046306234,6
2026-03-22 06:45:29,32.12544355436879,34.73780514386866,3634.3828185902216,0.0,6
2026-03-22 06:45:30,32.12541158799555,34.73784736600901,3634.963476963051,5.36740190587122,7
2026-03-22 06:45:31,32.12539378303654,34.737857308853734,3633.870677367216,2.445023619338512,6
2026-03-22 06:45:34,32.25412041150748,34.758874768834076,4773.111905412731,0.0,5
2026-03-22 06:45:36,32.125503550189656,34.73785738133284,3629.619007682163,0.0,6
2026-03-22 06:45:56,32.12541676266775,34.73757269550304,3727.1073765671854,0.0,8
2026-03-22 06:45:57,32.12549844073159,34.73748042480905,3703.907123559929,26.38714927331362,6
2026-03-22 06:45:58,32.12526240460174,34.737518450452164,3763.270454049551,64.9828402499771,7
2026-03-22 06:45:59,32.12510393922262,34.73765390569643,3786.968790928312,32.16104720888074,6
2026-03-22 06:46:00,32.12536524478954,34.73751944201739,3741.195480980839,55.65056127811431,7
2026-03-22 06:46:01,32.12525074676786,34.73749580458007,3746.154890931172,13.819183035142203,7
2026-03-22 06:46:02,32.125351318114504,34.737482987811816,3748.012854266184,11.376997762224422,8
2026-03-22 06:46:03,32.12531766492001,34.73746505701881,3750.8656747711148,4.994742342335406,8
2026-03-22 06:46:04,32.12523548811769,34.73740930524278,3777.8921681175793,29.004794544491023,8
2026-03-22 06:46:05,32.12520903462067,34.73742705703557,3754.1203379831486,24.010921695293995,7
2026-03-22 06:46:06,32.12528296153441,34.73730000476234,3780.022082920579,29.700053395108835,7
2026-03-22 06:46:07,32.1253430761741,34.73717980141077,3761.4243039467838,22.785525960644318,7
2026-03-22 06:46:08,32.125361419715176,34.73724489128752,3774.5682890825115,14.651878187483062,7
2026-03-22 06:46:09,32.125271664681826,34.73714880776168,3787.004304147947,18.3340384649589,7
2026-03-22 06:46:10,32.125295438915614,34.737053265635204,3792.6220564978203,10.949808575335702,7
2026-03-22 06:46:11,32.1252874801749,34.73712527543757,3780.9004292967616,13.579594260461922,8
2026-03-22 06:46:12,32.125251422335445,34.73695234532749,3810.4009436865726,33.954314355044794,8
2026-03-22 06:46:13,32.12527085542639,34.73686471114178,3808.2199174088837,8.824580991499278,8
2026-03-22 06:46:14,32.1252639674,34.7368524267131,3819.2756201660336,11.142622924751674,8
2026-03-22 06:46:15,32.12528340699349,34.73680413024591,3820.0894943812054,5.109807930524642,8
2026-03-22 06:46:16,32.12528316598806,34.73675378290252,3803.777165261839,16.990931233845078,8
2026-03-22 06:46:17,32.12520902187647,34.736708765645986,3825.793466253749,23.884377349976585,8
2026-03-22 06:46:18,32.12511748630109,34.73661719339551,3855.2144404123856,32.303350174670086,8
2026-03-22 06:46:19,32.125267249493824,34.7364811333826,3853.702973572949,21.05848731719392,8
2026-03-22 06:46:20,32.2413664759273,34.72766981360335,-3441.8174978728425,14821.335238170112,5
2026-03-22 06:46:21,32.12515288065003,34.736420043217755,3840.573466383616,14825.566517942163,8
2026-03-22 06:46:22,32.15403222181307,34.72258309358606,-1483.3188709154701,6348.861671639286,7
2026-03-22 06:46:23,32.125046450290306,34.73639449494867,3800.7728861254636,6321.015244533218,8
2026-03-22 06:46:25,32.12508869242387,34.73623494241122,3867.4983668109817,0.0,7
2026-03-22 06:46:26,32.12516690681438,34.73622131656653,3854.9742498316123,15.291277765564278,8
2026-03-22 06:46:27,32.125200673914726,34.735844359424114,3872.6394840471726,39.91182150422314,8
2026-03-22 06:46:28,32.154109026196785,34.722063000254366,-1462.844409615375,6359.139117153405,7
2026-03-22 06:46:29,32.15420181992441,34.72204238078249,-1489.6625725527606,28.78936415046178,7
2026-03-22 06:46:30,32.15415419198394,34.722009726521385,-1480.9348738533738,10.655417029607479,6
2026-03-22 06:46:31,32.15416124168817,34.7219728503789,-1490.9311217242516,10.612799830528662,7
2026-03-22 06:46:32,32.12504777632877,34.73584966040597,3877.518626225603,6400.107608552113,8
2026-03-22 06:46:33,32.12502197457286,34.735633769881446,3892.49543275125,25.456678113876464,7
2026-03-22 06:46:34,32.1248448506216,34.73567184742662,3924.1136934100205,37.40171957890733,7
2026-03-22 06:46:36,32.125076078034105,34.73533669590994,3922.9504984304976,0.0,8
2026-03-22 06:46:37,32.154127354133614,34.72134384973339,-1446.0500106726088,6399.356705881517,7
2026-03-22 06:46:38,32.12480287856722,34.73541384582756,3907.2789670126404,6403.059294459119,8
2026-03-22 06:46:39,32.154164486950144,34.72118291052049,-1456.9880863478918,6417.456194337995,7
2026-03-22 06:46:40,32.15415389306068,34.721130608358855,-1453.097119178683,6.391509455057828,6
2026-03-22 06:46:41,32.15418840532494,34.721013341726064,-1467.7925819784577,18.78603025663565,6
2026-03-22 06:46:42,32.124909184582314,34.73494960484919,3946.7952325325855,6449.25206168407,7
2026-03-22 06:46:43,32.124815532511505,34.73499534526864,3960.098278584926,17.424311048475353,7
2026-03-22 06:46:45,32.154093490412976,34.72067060036601,-1411.5964571579345,0.0,7
2026-03-22 06:46:46,32.15410144099522,34.72057464336296,-1399.0827665094298,15.468467670875823,7
2026-03-22 06:46:47,32.1248440804207,34.73453456193124,3970.8603968191687,6411.0605870088175,8
2026-03-22 06:46:48,32.12488207588331,34.73456081959233,3977.110657399389,7.936424257831799,8
2026-03-22 06:46:49,32.1250052473169,34.73434530893941,3964.8539867800264,27.4062495328572,8
2026-03-22 06:46:50,32.1248482153408,34.734284899349184,3990.8354032884527,31.798854511521302,8
2026-03-22 06:46:51,32.12467823151795,34.734437246320006,4015.834706079965,34.46223076211296,8
2026-03-22 06:46:52,32.12486042690818,34.73447708802188,3958.96221970033,60.47582051713581,7
2026-03-22 06:46:53,32.12460869386556,34.73458050221986,3991.238672939474,43.787102172580745,8
2026-03-22 06:46:54,32.1248188502795,34.734381003683794,3964.484552498397,40.17946338764791,8
2026-03-22 06:46:55,32.15393171850896,34.72017086230453,-1362.9221573042064,6372.264392692309,7
2026-03-22 06:46:56,32.15395346169833,34.72015721058524,-1382.574525051757,19.84147705179378,7
2026-03-22 06:46:57,32.15394615079915,34.7200503450578,-1383.1158448062827,10.125983817418192,7
2026-03-22 06:46:58,32.124417759338726,34.7343643069927,4010.5401735864243,6453.076360107979,8
2026-03-22 06:46:59,32.12425816007835,34.73436786883862,4045.8683799668356,39.51967498104033,8
2026-03-22 06:47:00,32.124236657229,34.73429733578089,4041.8823373024097,8.120236969080485,8
2026-03-22 06:47:01,32.15380609172087,34.71988086026817,-1373.7248388880207,6475.772102365146,7
2026-03-22 06:47:02,32.12418713789894,34.73428944309025,4043.8977943314,6480.084305906461,8
2026-03-22 06:47:03,32.12383223801658,34.73427076551249,4088.1064291833777,59.23067128414426,8
2026-03-22 06:47:04,32.15372124174083,34.71970695901322,-1376.9724740727559,6538.025312202891,7
2026-03-22 06:47:05,32.12366421398715,34.734184114057236,4121.969276141024,6574.086721621909,7
2026-03-22 06:47:09,32.208343561531066,34.6951078964741,9062.731426786437,0.0,9
2026-03-22 06:47:10,32.12367729062412,34.73383239972593,4080.3398885356296,11248.186087562115,8
2026-03-22 06:47:11,32.123755897968245,34.733730655540576,4064.5492310221766,20.43828653816234,8
2026-03-22 06:47:12,32.153608398235,34.71910257661432,-1392.9518571042624,6530.91199872392,7
2026-03-22 06:47:13,32.153350947573266,34.71900857214137,-1362.7791765081604,42.46957617946571,7
2026-03-22 06:47:14,32.153265559600406,34.71892826823522,-1360.2273444394525,12.38920178942392,7
2026-03-22 06:47:15,32.153231298635134,34.71897283281619,-1345.65953295836,15.630582978285483,7
2026-03-22 06:47:16,32.15327004840405,34.71896839884129,-1363.2652375227453,18.127094646927098,7
2026-03-22 06:47:17,32.15299987435076,34.718853550054206,-1311.7510334046667,60.56598650066057,7
2026-03-22 06:47:18,32.14743481116661,34.67903150628111,4485.776321693126,6936.325414012916,6
2026-03-22 06:47:19,32.15315353098243,34.71857154768493,-1345.4952493050125,6951.760015612366,7
2026-03-22 06:47:20,32.15305524345538,34.718602038618414,-1342.5445827591661,11.649706964986034,7
2026-03-22 06:47:21,32.15313319759488,34.71832092142654,-1343.5321214523829,27.904317249981048,6
2026-03-22 06:47:22,32.153071038886935,34.71836275106444,-1346.5494331464463,8.494623692902298,7
2026-03-22 06:47:23,32.15302103817896,34.718269576955386,-1345.09446681538,10.491496389116929,6
2026-03-22 06:47:24,32.24041438168842,34.72264914615849,-3147.5717276045493,9862.543384266524,7
2026-03-22 06:47:25,32.240419520097255,34.72242594634969,-3131.8556792322747,26.256070259999998,7
2026-03-22 06:47:26,32.240387829809286,34.72245685492338,-3130.638281123302,4.72191994156091,7
2026-03-22 06:47:27,32.24039960247728,34.72239736534673,-3128.7873135581235,6.04419541918054,7
2026-03-22 06:47:28,32.24036576655011,34.722349411237445,-3129.4665942901956,5.910281828165491,7
2026-03-22 06:47:29,32.24033542970902,34.72235829685454,-3121.040475479575,9.1107634561686,7
2026-03-22 06:47:30,32.2265415452217,34.665169987465866,5257.504163070798,10079.887327392098,8
2026-03-22 06:47:31,32.24028844009298,34.722320180452435,-3078.259902405864,10041.646166275128,7
2026-03-22 06:47:32,32.22671223321543,34.66474662196838,5189.209863989139,10003.730009664936,8
2026-03-22 06:47:33,32.207032222227404,34.69408256544998,9043.404821469718,5224.280153037535,9
2026-03-22 06:47:34,32.20710435856853,34.69403315719127,9058.64356914957,17.836763421988977,9
2026-03-22 06:47:35,32.12264786616585,34.73255507859017,4159.257149718966,11185.98524670876,8
2026-03-22 06:47:36,32.12267878913987,34.732443044819604,4161.020849425146,11.26070780594265,7
2026-03-22 06:47:37,32.12269928381121,34.73228630189523,4197.2138765264035,39.16858651722165,7
2026-03-22 06:47:38,32.12264986911222,34.73223880362196,4175.200466454623,23.125145523108355,7
2026-03-22 06:47:39,32.122755482943646,34.73211061138642,4199.628469072616,29.67486758195621,7
2026-03-22 06:47:40,32.1227137230966,34.73211133593466,4196.264957296605,5.726227086450841,7
2026-03-22 06:47:41,32.12268806346723,34.73204820016413,4217.965274753613,22.683793001159305,7
2026-03-22 06:47:42,32.1531025083829,34.71691339412099,-1318.6829675053564,6638.855898205353,6
2026-03-22 06:47:43,32.153106944347414,34.71676167178509,-1295.0442631181215,27.637002348008643,6
2026-03-22 06:47:44,32.15317447377453,34.71667083872503,-1287.1382232683986,13.854677612570816,6
2026-03-22 06:47:45,32.24074534073781,34.7208513080474,-3043.6693689819845,9872.951749710413,7
2026-03-22 06:47:46,32.153251399500746,34.716475243102856,-1288.713503122226,9865.039583338543,6
2026-03-22 06:47:47,32.22314943231055,34.74602108494711,5009.716198239541,10370.660920650509,8
2026-03-22 06:47:48,32.226747637125484,34.663802744013786,5261.025569498765,7770.612710494713,8
2026-03-22 06:47:49,32.24082938737236,34.72038431529913,-3052.450132596025,10000.1703955665,7
2026-03-22 06:47:50,32.15346025748205,34.71607596634222,-1292.962125474546,9851.970874858334,6
2026-03-22 06:47:51,32.241002241469594,34.72030235112849,-3003.4424800265247,9861.912289707674,7
2026-03-22 06:47:52,32.153581328448944,34.715805838595045,-1283.6158563334682,9851.40328368869,6
2026-03-22 06:47:53,32.11880699862141,34.73310613173616,5023.934161554683,7571.625541135997,7
2026-03-22 06:47:54,32.11866411014338,34.73299687883833,5060.151269274874,40.86079047801562,7
2026-03-22 06:47:55,32.11861533045913,34.73298806087075,5082.896496002823,23.395390480709132,7
2026-03-22 06:47:56,32.07304307215573,34.72345159515488,3927.6483010032225,5264.936896194535,6
2026-03-22 06:47:57,32.12311561552998,34.73060742659999,4282.494755833829,5608.254984467782,7
2026-03-22 06:47:58,32.12315860179999,34.73043185668905,4294.403286036299,20.96260570689599,7
2026-03-22 06:47:59,32.15385752102861,34.714972367317664,-1280.0746335533706,6693.078714093852,6
2026-03-22 06:48:00,32.12325574700575,34.73024342570363,4274.590761573331,6667.227950097553,7
2026-03-22 06:48:01,32.123275357075634,34.72989371018133,4319.471589627693,55.76365140420833,7
2026-03-22 06:48:02,32.12318063074529,34.729980069621135,4323.651147379741,13.94483493410393,7
2026-03-22 06:48:03,32.12321118774201,34.72993493271493,4314.873458646706,10.330154677167103,7
2026-03-22 06:48:04,32.12326036498965,34.729817453451986,4319.249001311394,13.114552052851778,7
2026-03-22 06:48:05,32.12334692666082,34.72960752628392,4333.3887615963995,26.175667596516867,7
2026-03-22 06:48:06,32.22346424127517,34.743880088370496,5071.888610864994,11215.918844891206,8
2026-03-22 06:48:07,32.12335470261291,34.72970245345349,4314.047134412204,11215.264773449677,7
2026-03-22 06:48:08,32.12337039806425,34.72958191483794,4321.772346495433,13.866263164222952,7
2026-03-22 06:48:09,32.22326793822276,34.74364699944593,5078.3533428023575,11190.623611974073,8
2026-03-22 06:48:10,32.223224685757835,34.74355084196013,5096.234611600672,20.617242397499698,8
2026-03-22 06:48:11,32.22322855490918,34.74345369731017,5099.600870112129,9.77262738611738,8
2026-03-22 06:48:12,32.15420752484333,34.713836469412044,-1217.3426882910687,10311.36983915256,6
2026-03-22 06:48:13,32.154325327715235,34.71370151733193,-1215.8403408923923,18.29874368647197,6
2026-03-22 06:48:14,32.15424614434699,34.71380263866451,-1262.2478724014472,48.18391502825534,6
2026-03-22 06:48:15,32.15417900556467,34.71371776887894,-1212.9701778631331,50.475451254824634,7
2026-03-22 06:48:16,32.15434303737391,34.71367948957971,-1218.7083960108419,19.40850008156725,7
2026-03-22 06:48:17,32.066814240704986,34.70973713385228,489.1949735844477,9861.549301433253,6
2026-03-22 06:48:18,32.15415637537751,34.71388074805791,-1194.2541028892745,9837.720660000014,7
2026-03-22 06:48:24,32.24182990738172,34.71821932894657,-2833.4171484542585,0.0,5
2026-03-22 06:48:25,32.15408495264497,34.71416273982345,-1155.2104510339943,9878.120276252705,6
2026-03-22 06:48:26,32.15380701325511,34.71429716680872,-1122.948676864547,46.38041546085856,6
2026-03-22 06:48:27,32.15389774943982,34.714334428337466,-1126.9122434194285,11.36938753834876,6
2026-03-22 06:48:29,32.15417667819092,34.714427714128696,-1182.6757641158192,0.0,6
2026-03-22 06:48:33,32.06665175997278,34.71080718065026,552.8836375086031,0.0,6
2026-03-22 06:48:34,32.15370840264014,34.71474556879333,-1134.4808126922135,9806.570241921532,7
2026-03-22 06:48:35,32.11841417531436,34.73288665358289,5220.262737144987,7657.789129753693,8
2026-03-22 06:48:36,32.11862110174068,34.73294482221224,5204.835038210978,28.20590585873976,8
2026-03-22 06:48:37,32.11844981133969,34.7329549867018,5173.130471409224,36.97932445928999,8
2026-03-22 06:48:38,32.07435343367204,34.72688112232091,4855.581962718846,4937.3862475342585,7
2026-03-22 06:48:39,32.0744012422665,34.72697371288261,4838.408780612691,19.990158295954373,7
2026-03-22 06:48:40,32.074215139502414,34.72695009033381,4813.508124909237,32.42746552715596,7
2026-03-22 06:48:41,32.21831593062812,34.74667276499073,5861.885123964377,16134.82069466732,7
2026-03-22 06:48:42,32.11889816872351,34.73310987953228,5121.082051281989,11132.65022370341,7
2026-03-22 06:48:43,32.074045552013835,34.726966199453145,4768.48463208119,5023.62103909895,6
2026-03-22 06:48:44,32.07402715541889,34.727066062873675,4752.166323270167,18.960224884193654,6
2026-03-22 06:48:45,32.119147456214215,34.73315539067443,5049.7289946596575,5048.89209707013,7
2026-03-22 06:48:47,32.0659225154914,34.71153403365572,497.9791588257194,0.0,6
2026-03-22 06:48:48,32.06588286557543,34.71174508600111,546.3283839061555,52.4804783210503,6
2026-03-22 06:48:49,32.06579705681531,34.711724371657105,529.4741813539961,19.45364117273741,6
2026-03-22 06:48:50,32.06588090190176,34.71189269576884,554.9747508632381,31.454743855004253,6
2026-03-22 06:48:51,32.153519566138485,34.71567782449062,-1099.6521271034524,9864.052674118953,7
2026-03-22 06:48:52,32.14964714137279,34.71770448859637,-419.7425551400131,826.5420735877397,7
2026-03-22 06:48:53,32.06668336211668,34.71402224953152,1134.0682569525172,9337.020374017988,6
2026-03-22 06:48:54,32.06674356667532,34.71400502214633,1112.1086251535116,23.0099261915629,6
2026-03-22 06:48:55,32.06677959203257,34.714022974346285,1109.8934949214686,4.872895154689389,6
2026-03-22 06:48:56,32.06672271763568,34.71401234737369,1115.4264041372821,8.450359448326916,6
2026-03-22 06:48:57,32.06687367388296,34.714013803392675,1099.2985739241917,23.24705200653708,6
2026-03-22 06:48:58,32.066806570494315,34.71400075590916,1114.1406583434043,16.649113827947147,6
2026-03-22 06:48:59,32.06675385849475,34.71396067689819,1101.168796137215,14.723234069737268,6
2026-03-22 06:49:00,32.06687731763587,34.71393775161679,1105.7411604127676,14.597225676201356,6
2026-03-22 06:49:01,32.06674148459396,34.713909358044994,1117.5350560809027,19.319351142268324,6
2026-03-22 06:49:02,32.245354606392745,34.730228813302425,279.19979019853514,19885.91945951034,7
2026-03-22 06:49:03,32.24207509252699,34.72139931015994,-2126.4537447349,2571.3026356321243,7
2026-03-22 06:49:04,32.24210435720823,34.721363976937226,-2105.7435376163066,21.225412017877673,7
2026-03-22 06:49:05,32.153473184543294,34.71561235245664,-1055.6620265834013,9896.703035999803,6
2026-03-22 06:49:06,32.12105170168157,34.73226596324774,4680.236994096714,6950.08741428703,7
2026-03-22 06:49:07,32.21974417842698,34.74521416445245,5375.936245236085,11042.567380115945,8
2026-03-22 06:49:08,32.12115533041024,34.73207702999081,4683.914167401977,11032.922753473977,8
2026-03-22 06:49:09,32.12115770833434,34.73199558688905,4670.818476364596,15.189568242931278,8
2026-03-22 06:49:10,32.22450054559432,34.66551142408409,5380.163725628098,13092.588299863011,8
2026-03-22 06:49:11,32.25185346842346,34.748898681614556,5583.801537399308,8433.79866280457,5
2026-03-22 06:49:12,32.12105616545459,34.73179743777406,4633.224563176769,14636.132945586834,8
2026-03-22 06:49:13,32.121334629875186,34.731612113470625,4646.445237712036,37.894216175141516,8
2026-03-22 06:49:14,32.1210926974408,34.73163850212488,4623.277794640037,35.54874099939362,8
2026-03-22 06:49:15,32.12087218032486,34.73166420625821,4647.951845357248,34.83559547183442,7
2026-03-22 06:49:16,32.12074597075535,34.73150363629416,4673.355252715375,32.73272222503455,8
2026-03-22 06:49:17,32.15273090128401,34.71483486027336,-1024.6414954645336,6894.127674591333,6
2026-03-22 06:49:18,32.15280774601961,34.71471235113543,-1021.5829085185054,14.67875974336817,6
2026-03-22 06:49:20,32.15282091089743,34.7144362308433,-1054.525952085714,0.0,7
2026-03-22 06:49:21,32.152592818054195,34.71439072678297,-1011.0521277566908,50.4769985042012,6
2026-03-22 06:49:22,32.15235382966365,34.71428588239076,-969.5745447951767,50.20243350233166,7
2026-03-22 06:49:23,32.1528788361116,34.71413841557824,-1051.8844087325117,101.76739698340965,7
2026-03-22 06:49:25,32.15218652864,34.7140074517681,-1018.2910791581747,0.0,7
2026-03-22 06:49:26,32.07197945649122,34.72464312210084,4400.674071732848,10465.16791369803,6
2026-03-22 06:49:27,32.064151367107996,34.71015441857094,537.3119077114322,4189.595886988063,6
2026-03-22 06:49:30,32.151838143786094,34.71383704238233,-925.2292044626466,0.0,6
2026-03-22 06:49:32,32.24001408422908,34.717197049947124,-2463.288038786141,0.0,5
2026-03-22 06:49:33,32.23983415231635,34.716669819494264,-2547.4465323351315,99.7374657943837,5
2026-03-22 06:49:34,32.250178287085376,34.74697270010881,5652.528125846642,8758.73339186417,6
2026-03-22 06:49:35,32.25112122014206,34.71548538304272,-27.601018679751114,6409.907931910662,6
2026-03-22 06:49:37,32.25080842976699,34.71543966651811,-72.11622177962904,0.0,7
2026-03-22 06:49:38,32.2221841004516,34.66425996593192,5437.795376397029,7983.135467053422,8
2026-03-22 06:49:39,32.22244680357716,34.66409382898612,5361.79718890702,82.89437951718854,8
2026-03-22 06:49:40,32.1517085649828,34.71272142674238,-972.7312323098383,11078.902936733493,7
2026-03-22 06:49:41,32.15135388871856,34.71272665296862,-918.2480847200145,67.19400271050671,7
2026-03-22 06:49:43,32.222083109311455,34.66405249912163,5386.380047216507,0.0,8
2026-03-22 06:49:44,32.22192001942729,34.66384582042452,5368.4704087942555,32.07163664065657,8
2026-03-22 06:49:45,32.15129606622317,34.71249462257602,-910.3970795846649,11039.052359862346,7
2026-03-22 06:49:46,32.22158265878183,34.66409761620604,5379.957074824586,11009.217160622413,8
2026-03-22 06:49:47,32.200810997665435,34.69561877660117,9306.359331143329,5439.274466868746,9
2026-03-22 06:49:48,32.200831884321246,34.69564551213016,9307.604395539916,3.6473753986092325,9
2026-03-22 06:49:49,32.200693391316115,34.69555841189633,9337.589598670493,34.68860624902706,9
2026-03-22 06:49:50,32.22171614100766,34.66375170305456,5341.995491894082,5515.819152161948,8
2026-03-22 06:49:51,32.22129016966085,34.66383573468007,5416.9145683505885,88.9424770555413,8
2026-03-22 06:49:52,32.22121682148376,34.663953780247546,5427.921949087311,17.64839527834455,8
2026-03-22 06:49:53,32.11779595305211,34.72958096584966,4915.884772877043,13052.791614987109,8
2026-03-22 06:49:54,32.1179498648543,34.729591386760056,4892.658406716595,28.8473346921259,8
2026-03-22 06:49:55,32.20044254887816,34.69546152074812,9325.679015811877,10672.638549276715,9
2026-03-22 06:49:56,32.20013333734159,34.69546984216948,9354.845739710952,45.060850980501385,9
2026-03-22 06:49:57,32.200033724996366,34.69551517174946,9365.040936235304,15.640896183231364,9
2026-03-22 06:49:58,32.19996930443713,34.695507044862346,9361.399051484985,8.064364794785899,9
2026-03-22 06:49:59,32.22088103513728,34.66377572352196,5392.997380502266,5487.072962304409,8
2026-03-22 06:50:00,32.22080819952175,34.66395401314568,5428.319573935016,39.949282789352615,8
2026-03-22 06:50:01,32.15059587188226,34.711759176568485,-841.9985390992067,10968.952742037984,7
2026-03-22 06:50:02,32.221015747881964,34.66388402863668,5394.662956397569,10968.83174373213,8
2026-03-22 06:50:03,32.24924631213113,34.71409154110854,-45.32085734894943,7862.155826879005,7
2026-03-22 06:50:04,32.22092154566029,34.66397934369249,5427.992066789994,7884.032653170838,8
2026-03-22 06:50:05,32.22102624275715,34.663838376583655,5399.503418011698,33.51871232779747,8
2026-03-22 06:50:06,32.22086208306263,34.663926197425134,5426.46512608037,33.57865598246056,8
2026-03-22 06:50:07,32.2208707660302,34.664194609442596,5432.858334644221,26.135949152490596,8
2026-03-22 06:50:08,32.15077950528499,34.71173820458332,-866.269605968131,10965.800183897927,7
2026-03-22 06:50:09,32.1509087815961,34.711691341263155,-879.0650952423842,19.715756942062473,6
2026-03-22 06:50:10,32.24906787783262,34.71418768076438,-62.34845238965148,10917.221843138583,7
2026-03-22 06:50:11,32.15092110838476,34.711584448208654,-872.0948905993563,10915.567795459676,7
2026-03-22 06:50:12,32.15075992844088,34.71172278924629,-810.9769378109592,65.00037361481705,7
2026-03-22 06:50:15,32.238915822439836,34.71467428004843,-2256.8948520311105,0.0,10
2026-03-22 06:50:16,32.23892654011085,34.714933808460934,-2253.1246997785393,24.76867409426228,10
2026-03-22 06:50:18,32.23898496549881,34.7147434724751,-2243.1801924775073,0.0,10
2026-03-22 06:50:19,32.23906660959174,34.71481810729595,-2271.584494940231,30.629358962236427,10
2026-03-22 06:50:20,32.23901155587269,34.7145800534809,-2203.0703003058,72.34954004109727,10
2026-03-22 06:50:31,32.22061743652787,34.66385223207637,5381.209766179146,0.0,8
2026-03-22 06:50:32,32.199272794348424,34.69650242937516,9364.811692312205,5566.0950514484375,8
2026-03-22 06:50:34,32.18140758101906,34.76134724459977,-4072.183842801288,0.0,8
2026-03-22 06:50:35,32.19924369248719,34.69645115134965,9380.397955180795,14911.972008386694,8
2026-03-22 06:50:37,32.18637240682871,34.754726192111725,-1193.8141609491406,0.0,8
2026-03-22 06:50:38,32.19917784001369,34.696488212706726,9393.537419720586,12012.776095680074,8
2026-03-22 06:50:43,32.23928519874974,34.71401358976908,-2076.400872616812,0.0,10
2026-03-22 06:50:44,32.239307556269985,34.713909547493905,-2086.6370508516793,14.387852819423413,10
2026-03-22 06:50:45,32.23917680530285,34.713896191532235,-2127.198802627196,43.09203883742165,10
2026-03-22 06:50:46,32.23932432953579,34.713933122932474,-2088.9972260143686,41.70024538343156,10
2026-03-22 06:50:47,32.239311246778136,34.71384219309859,-2084.5883491253053,9.743505336354538,10
2026-03-22 06:50:48,32.23927551894201,34.71381362003217,-2107.6135496342226,23.517933456883032,10
2026-03-22 06:50:53,32.2393046203965,34.71372365323501,-2070.335352360789,0.0,10
2026-03-22 06:50:54,32.23933314259463,34.71355557562692,-2060.8491868420524,18.728394514322627,10
2026-03-22 06:50:56,32.220130197499216,34.66388867859967,5398.935378162392,0.0,8
2026-03-22 06:50:57,32.2199044223787,34.664272617589894,5445.90314097296,64.38942279731474,8
2026-03-22 06:50:58,32.21976244532016,34.66420138367584,5450.772956544546,17.809549350338283,8
2026-03-22 06:50:59,32.21965493376238,34.664106436935626,5466.145706375898,21.423034804700826,8
2026-03-22 06:51:03,32.238662812349595,34.71291564386772,-2053.439264551835,0.0,10
2026-03-22 06:51:05,32.21905638540322,34.66385702640367,5444.551121410299,0.0,8
2026-03-22 06:51:07,32.218753459460444,34.66377764041554,5430.009018249621,0.0,8
2026-03-22 06:51:08,32.21136642427428,34.73969314805113,5902.0954106823165,7225.259878415464,8
2026-03-22 06:51:09,32.211293902657005,34.73957886497782,5896.591887714257,14.53885868670315,8
2026-03-22 06:51:10,32.24035548099182,34.72057562707429,123.99583466991045,6850.539310156489,6
2026-03-22 06:51:14,32.239789600277675,34.72018838843962,114.58499678221752,0.0,5
2026-03-22 06:51:15,32.23970890922067,34.72012463285947,104.38252525520647,14.84130995328322,5
2026-03-22 06:51:16,32.24550678977505,34.71118315029113,-99.69731407479577,1079.4054093066381,7
2026-03-22 06:51:17,32.217090847465336,34.663503935525256,5493.867591169734,7838.292813941634,8
2026-03-22 06:51:18,32.239356806068606,34.71964704744543,97.60288210328926,7953.0351136049885,7
2026-03-22 06:51:19,32.23919955606451,34.71935343162096,102.60041030107642,33.08836921848971,7
2026-03-22 06:51:21,32.20949689723004,34.73845234145108,5926.386065272119,0.0,8
2026-03-22 06:51:22,32.23882750251043,34.71912503232547,94.28089871963812,6922.746333933211,7
2026-03-22 06:51:23,32.23871240215288,34.71903160795286,98.65253644154227,16.110741593392934,7
2026-03-22 06:51:24,32.216227077368124,34.662936983043636,5475.7658655241985,7944.635999976567,7
2026-03-22 06:51:25,32.23583326693317,34.69129310982724,1010.778017116583,5640.861668154102,6
2026-03-22 06:51:26,32.243977326088846,34.71017843268007,-103.90729789755011,2286.1816512463065,5
2026-03-22 06:51:27,32.24372808660424,34.71011588618989,-102.56274621753607,28.291525684574793,6
2026-03-22 06:51:28,32.23548269106366,34.69102226194108,1010.1872359036078,2305.003771822382,6
2026-03-22 06:51:29,32.2355894118429,34.71054499077298,-1906.9897247967415,3448.957123584678,4
2026-03-22 06:51:31,32.23509727224943,34.69112047235868,975.1859160381287,0.0,6
2026-03-22 06:51:32,32.24307329571378,34.70962055225236,-107.12265745498078,2234.785543513837,5
2026-03-22 06:51:33,32.24293443238007,34.70949136817889,-116.77245662396393,21.873467235384513,5
2026-03-22 06:51:34,32.23499552921145,34.71004046012314,-1891.0984817472984,1981.3345076884586,4
2026-03-22 06:51:35,32.23485429372407,34.709917648109645,-1900.048943323776,21.428023391862112,4
2026-03-22 06:51:36,32.2347923977569,34.71004076284925,-1909.517900425393,16.471490809564383,4
2026-03-22 06:51:37,32.24159704582085,34.70967315185344,-1286.207959028442,979.1888696088885,5
2026-03-22 06:51:38,32.242253141018985,34.70897251288424,-99.62803102458153,1190.6398447893641,6
2026-03-22 06:51:39,32.242074517357224,34.708983847113984,-108.67113986798933,21.800310659073062,6
2026-03-22 06:51:40,32.24200575300739,34.70882066768688,-88.1332808167298,26.766485510334622,5
2026-03-22 06:51:41,32.24183812193062,34.708676489234854,-106.4217194445244,29.404540513616123,5
2026-03-22 06:51:42,32.23411875773951,34.70920691422477,-1866.099849025972,1957.4185846767996,4
2026-03-22 06:51:43,32.24156089035386,34.70847416822174,-113.65331625314731,1938.217585136136,5
2026-03-22 06:51:44,32.24143539348287,34.70835093580514,-118.62732286014334,18.795796990718543,5
2026-03-22 06:51:45,32.24120661969209,34.708377582395045,-115.09664321705094,25.735826450681692,6
2026-03-22 06:51:46,32.241059638172345,34.70811089268946,-97.25519218744793,34.866450157858516,5
2026-03-22 06:51:47,32.240954952826286,34.708159457439244,-112.5706004022151,19.755165831635697,5
2026-03-22 06:51:48,32.2407164964361,34.70799016755661,-107.61200656961205,31.278181848111483,5
2026-03-22 06:51:49,32.235405974243484,34.71589354806775,59.61842353081904,964.154833429594,6
2026-03-22 06:51:50,32.24281604721026,34.741562842997936,6751.056073505281,7163.121872695224,4
2026-03-22 06:51:52,32.14137620726906,34.6713807472088,4575.908909931626,0.0,6
2026-03-22 06:51:53,32.14488913123598,34.705596731711886,-590.4773023557879,6104.98156583207,7
2026-03-22 06:51:54,32.21211391243597,34.66113853384606,5494.0321611685395,10498.944612572373,8
2026-03-22 06:51:55,32.14469437872079,34.70531666222898,-577.3935386777576,10496.223491690222,7
2026-03-22 06:51:56,32.23262062653618,34.707849656313726,-1780.6746077926603,9825.226715715027,5
2026-03-22 06:51:57,32.23249128621152,34.70781124114393,-1780.8143357058466,14.789149465439191,5
2026-03-22 06:51:58,32.23241482623786,34.70767818162843,-1771.114478641284,17.975943161808452,5
2026-03-22 06:52:00,32.27260856884735,35.08198525369899,-3924.26285200409,0.0,4
2026-03-22 06:52:01,32.2322977323061,34.70750542466988,-1756.6015514694614,35620.596016312724,5
2026-03-22 06:52:02,32.23221182012669,34.70745204050393,-1761.8430789807442,11.978672879376907,5
2026-03-22 06:52:03,32.232271431435336,34.70732980348243,-1727.0904233838442,37.203344008846514,5
2026-03-22 06:52:04,32.232239248192556,34.707392943070964,-1755.9968727798282,29.727251285499047,5
2026-03-22 06:52:05,32.23221080434203,34.70733219196781,-1758.2029532645677,6.897796984697357,4
2026-03-22 06:52:06,32.23227782914131,34.707264506227325,-1745.1561025698577,16.31284128716503,5
2026-03-22 06:52:07,32.23235098932148,34.70729251133842,-1729.7378249055655,17.620114885200508,5
2026-03-22 06:52:08,32.232300220328845,34.7072477626897,-1728.087736566902,7.223581293428291,5
2026-03-22 06:52:09,32.14438451792373,34.70469019976696,-534.5800598337051,9823.003215800325,6
2026-03-22 06:52:10,32.113202926723936,34.72239355762456,4749.309939863998,6532.650207864729,7
2026-03-22 06:52:11,32.232352159172805,34.70716237394875,-1718.969199004844,14783.60438342429,5
2026-03-22 06:52:12,32.14433652402215,34.70458214819569,-526.6597446646431,9833.91771182788,6
2026-03-22 06:52:13,32.1444161832284,34.70456346456203,-536.8639801162955,13.610589866838916,6
2026-03-22 06:52:14,32.144428292222614,34.70457009596014,-521.7914873112976,15.145101395436267,6
2026-03-22 06:52:15,32.14446333490817,34.704584628932444,-526.7492089833086,6.446398482139111,6
2026-03-22 06:52:16,32.14449365279584,34.704533095782516,-524.8095481981851,6.220687597590549,6
2026-03-22 06:52:17,32.14439918569084,34.70451016732575,-522.7758494126136,10.887162657021577,6
2026-03-22 06:52:18,32.14449073187135,34.70452003492344,-484.23277489060087,39.868178594710095,6
2026-03-22 06:52:19,32.144407538878944,34.70452870366938,-490.2227979104814,11.029084805461316,6
2026-03-22 06:52:21,32.232427633846605,34.706827395889505,-1673.4306034903132,0.0,5
2026-03-22 06:52:24,32.23890646104991,34.706375169722044,-150.41571538009762,0.0,7
2026-03-22 06:52:47,32.23821737519104,34.70584647429852,-140.19831817969288,0.0,6
2026-03-22 06:52:48,32.06343108818916,34.720473695479434,5373.261215542242,20205.77268884379,7
2026-03-22 06:52:49,32.20198934695424,34.73412253214227,6223.083868729544,15455.93250081616,8
2026-03-22 06:52:50,32.108177973508575,34.72502271747424,5648.949731132662,10463.570529719957,8
2026-03-22 06:52:51,32.10816343602446,34.72519749792035,5662.002528098293,21.1088513854391,8
2026-03-22 06:52:52,32.10821894615458,34.725308929935416,5653.28777923542,14.990365167694115,8
2026-03-22 06:52:53,32.10806970142909,34.725434688659185,5666.3729275827545,24.222486226769067,8
2026-03-22 06:52:54,32.10804105432649,34.72557057447386,5666.890437009296,13.234600313364464,5
2026-03-22 06:52:56,32.14396475352863,34.704929647785356,-355.4193051341617,3739.886388077648,4
2026-03-22 06:53:02,32.231990536193535,34.707556337555964,-1431.1254137032347,1637.0066366583744,4
2026-03-22 06:53:03,32.22560624187918,34.70748853281353,-1339.8608589585283,713.693443162266,5
2026-03-22 06:53:05,32.23182665311113,34.708030125244115,-1419.2946214863707,348.03499886685523,5
2026-03-22 06:53:08,32.200460237529505,34.73622301577253,6296.919460498075,2957.4109985832597,5
2026-03-22 06:53:10,32.20036417767159,34.73650577351293,6296.569246384127,0.0,7
2026-03-22 06:53:12,32.200332098208094,34.736767052659985,6318.608934297315,0.0,7
2026-03-22 06:53:13,32.20012585011738,34.7368545790685,6307.762928156546,26.645735640420515,7
2026-03-22 06:53:14,32.2364345131117,34.70862288093535,-170.86340317251162,8080.1566181399185,7
2026-03-22 06:53:16,32.21170547242895,34.72883992305759,3985.36748400663,0.0,9
2026-03-22 06:53:17,32.23262011717051,34.71440167134194,-55.92138751798051,4854.659531267205,7
2026-03-22 06:53:18,32.19961295701592,34.73730264511604,6346.085247941564,7685.135677728112,8
2026-03-22 06:53:20,32.19923135360972,34.73750457382088,6347.45038672147,0.0,8
2026-03-22 06:53:21,32.19910584033596,34.73745653765457,6345.57434875921,14.770850987943671,8
2026-03-22 06:53:22,32.19897609144777,34.73737734320366,6351.88189337607,17.40917429152289,8
2026-03-22 06:53:23,32.109158856080725,34.706815488166775,7881.682017751636,10492.402503149375,7
2026-03-22 06:53:24,32.10582007741343,34.72857733572958,5800.370295721554,2949.059634310802,8
2026-03-22 06:53:25,32.105691704906974,34.728554526742215,5815.270869005716,20.728665569965216,7
2026-03-22 06:53:26,32.10554369053483,34.728551680233636,5804.836373134101,19.463666053424397,8
2026-03-22 06:53:27,32.198276108660274,34.7371135528651,6375.022888845751,10340.33921318245,8
2026-03-22 06:53:29,32.197817445559124,34.73674718214299,6383.9606760517845,0.0,8
2026-03-22 06:53:30,32.23439248002974,34.708272849808516,-194.8435138674512,8182.839957249644,7
2026-03-22 06:53:31,32.22979526631077,34.70851486787739,-1269.1184051104726,1189.2904576650164,5
2026-03-22 06:53:32,32.23078920622209,34.71315600397535,-71.33434583279472,1279.9061341143802,5
2026-03-22 06:53:34,32.236908361152416,34.7082223369263,-1324.3360256271285,0.0,4
2026-03-22 06:53:40,32.23261390490275,34.70697749382934,-194.06690761699787,0.0,6
2026-03-22 06:53:41,32.232386562793586,34.70686612276707,-181.32107099206036,30.135614105771594,6
2026-03-22 06:53:42,32.232174993038356,34.706779386086154,-215.53218939790148,42.280295201420394,6
2026-03-22 06:53:43,32.23204831951479,34.70666263455722,-202.72653856801125,21.963052085714924,7
2026-03-22 06:53:44,32.23198872953054,34.70660937731428,-190.00301840752755,15.190354923085952,6
2026-03-22 06:53:45,32.23174750808959,34.70644098824551,-202.0326296319534,33.347822236341734,6
2026-03-22 06:53:46,32.22742600346452,34.70654805995159,-1180.0397475159675,1089.1267434159258,4
2026-03-22 06:53:47,32.231139392790574,34.7061097496137,-165.3562434972758,1095.8177930023587,5
2026-03-22 06:53:52,32.13856796639445,34.70411536795647,-206.5890675408484,0.0,7
2026-03-22 06:53:53,32.13857310560347,34.704097811504695,-215.48963430168106,9.07130236814897,7
2026-03-22 06:53:54,32.13526250278712,34.67349700075404,4566.8724576165105,5598.9115060300455,6
2026-03-22 06:53:57,32.10087011665695,34.726352310569865,5918.263898854328,0.0,7
2026-03-22 06:53:58,32.230024537796986,34.70557199000953,-206.6276172926104,15705.431795172255,7
2026-03-22 06:53:59,32.13824275599068,34.703790346655786,-199.76272604163444,10178.747588999318,6
2026-03-22 06:54:00,32.229840991564295,34.70536450257012,-223.75204951240363,10158.104984427146,6
2026-03-22 06:54:10,32.10274755311297,34.70505174269636,7988.40803951706,0.0,7
2026-03-22 06:54:12,32.093768661677124,34.76414252977767,2296.9850680045683,0.0,5
2026-03-22 06:54:19,32.22426265514447,34.696923960360536,159.23574805554858,0.0,6
2026-03-22 06:54:20,32.199572801161985,34.66304783142884,5606.9026603822485,6883.937929517006,7
2026-03-22 06:54:21,32.17690706255411,34.69856908499366,9652.062661819213,5826.029905008101,8
2026-03-22 06:54:22,32.22373447027024,34.696735356614916,169.00708435110175,10814.997030360184,6
2026-03-22 06:54:23,32.19907732473379,34.662989710895424,5608.557176126912,6870.372447728432,7
2026-03-22 06:54:25,32.17619860830898,34.69849365390334,9653.843885436125,0.0,8
2026-03-22 06:54:27,32.17591630295428,34.69836415857561,9655.091677979251,0.0,8
2026-03-22 06:54:28,32.17569170291624,34.698522057442645,9643.29104892779,31.366863662021956,8
2026-03-22 06:54:30,32.17522399695007,34.6984857591147,9652.62368363106,0.0,6
2026-03-22 06:54:33,32.135528281611485,34.69654696719337,-1623.7297002967161,0.0,6
2026-03-22 06:54:34,32.17453248591727,34.697996240108225,9686.171983391841,12110.46286752888,6
2026-03-22 06:54:35,32.18698782808528,34.73173115977199,6647.456254315942,4614.527698783329,5
2026-03-22 06:54:38,32.119106008671665,34.709269330326315,2358.2314291855987,2974.624926954095,4
2026-03-22 06:54:39,32.2130401572227,34.71177582953586,1510.3243847744122,10456.619137261132,5
2026-03-22 06:54:43,31.972293946081496,34.69746143963034,1480.5483520804858,0.0,4
2026-03-22 06:54:44,32.05557004346574,34.71492514047034,-1851.1086161593246,9954.312024408278,4
2026-03-22 06:55:00,32.10243351276322,34.775075177397106,-2942.6958920422176,485.73974470447746,4
2026-03-22 06:55:05,32.20627108097737,34.545078649476196,2968.4711106562204,0.0,4
2026-03-22 06:55:29,32.137086491107354,34.62637603319358,9644.226880415057,0.0,4
2026-03-22 06:55:56,32.13012206358267,34.713447711686975,158.81944369037316,0.0,6
2026-03-22 06:55:57,32.13014936509346,34.71373060000743,176.30828543676859,32.05602628865746,6
2026-03-22 06:56:09,32.130241411795296,34.716785243370445,240.12840272774926,0.0,6
2026-03-22 06:56:10,32.13023986642933,34.71716921069752,219.71093513683343,41.58936031256933,6
2026-03-22 06:56:11,32.13007118240131,34.717440530552715,218.21868634901148,31.743063861308666,6
2026-03-22 06:56:14,32.2180327149358,34.71923331656865,-324.5753409380209,0.0,6
2026-03-22 06:56:50,32.0871096416825,34.75338005539578,6734.736914452014,0.0,8
2026-03-22 06:56:51,32.12550672244547,34.700863010247694,4770.0520297551275,6829.020557906076,7
2026-03-22 06:56:52,32.12538389272653,34.701086457385195,4770.22640935745,26.724918479343906,7
2026-03-22 06:56:53,32.12527222837166,34.701374290346955,4781.047490515271,31.77235825686903,7
2026-03-22 06:56:54,32.125171221194364,34.70158765292815,4754.808650388987,34.92987115118963,7
2026-03-22 06:56:55,32.08646747148763,34.75462511075004,6765.339033589306,6899.248957704193,8
2026-03-22 06:56:56,32.08634297501066,34.75479817011633,6766.092229475306,21.42520286620192,8
2026-03-22 06:56:57,32.086134596915244,34.75506830686262,6776.992726499071,36.13334979437964,8
2026-03-22 06:56:58,32.086016963458874,34.75527970192869,6783.335483257926,24.695358180875527,8
2026-03-22 06:57:00,32.08562187318858,34.75576297120328,6815.041091754692,0.0,8
2026-03-22 06:57:01,32.08550105456251,34.756018517661516,6799.061189996286,31.913728075603885,8
2026-03-22 06:57:02,32.085362914099036,34.75626385076413,6783.342156638211,31.934296919714143,8
2026-03-22 06:57:03,32.08518387156856,34.75647026946028,6756.895825705782,38.40535403550461,8
2026-03-22 06:57:04,32.08523944826249,34.75657422466168,6792.8761070961955,37.804234625072496,8
2026-03-22 06:57:05,32.084940159627585,34.756886705922646,6820.358106849764,52.26038224438635,8
2026-03-22 06:57:06,32.08472760591722,34.75715148681666,6810.512523634261,35.7748540865091,8
2026-03-22 06:57:07,32.08454389561845,34.75732517638952,6814.99365636023,26.55955458472136,7
2026-03-22 06:57:08,32.12570126658975,34.73123181865457,484.95304487843146,8185.037775225396,6
2026-03-22 06:57:10,32.044359154050845,34.755782390705164,6612.411712356281,0.0,7
2026-03-22 06:57:11,32.21878493233594,34.76589947843466,7633.4144376344475,19414.03303563108,6
2026-03-22 06:57:12,32.218637317692504,34.76606614727451,7640.378491322122,23.759915550492195,6
2026-03-22 06:57:13,32.21857923070873,34.76627150767294,7664.888883221468,31.906398722009456,5
2026-03-22 06:57:14,32.21842251870629,34.766479934296264,7665.613745305185,26.272013373484583,5
2026-03-22 06:57:15,32.21828710740989,34.76671070668455,7658.399475286976,27.43106701233923,5
2026-03-22 06:57:16,32.12253165268659,34.70678991093433,4782.909536293028,12379.036956885924,7
2026-03-22 06:57:17,32.083247301785526,34.75981212614167,6859.128911721327,6958.008087857115,8
2026-03-22 06:57:18,32.08319528072326,34.75999889301051,6874.358409613732,24.017704192288882,8
2026-03-22 06:57:19,32.082959278548465,34.76054914127245,6855.3976647563,61.23910680907039,8
2026-03-22 06:57:20,32.08294568066039,34.76054200901337,6877.9143023947645,22.57724193052971,8
2026-03-22 06:57:21,32.08288119739082,34.76078450851285,6872.708814120301,24.568201429904583,8
2026-03-22 06:57:22,32.122059504305106,34.708394240750316,4754.209258993986,6920.570288273352,7
2026-03-22 06:57:23,32.124180968601515,34.734600618718055,532.270980871902,4899.079930301293,6
2026-03-22 06:57:24,32.082559031499564,34.761502768761154,6882.724928675986,8252.885871954399,7
2026-03-22 06:57:25,32.08249706469586,34.76176775659369,6873.549951222367,27.544546042287497,7
2026-03-22 06:57:26,32.082326822634165,34.762076435243614,6884.744237654674,36.517646168479764,6
2026-03-22 06:57:27,32.08223044834714,34.76232842906384,6882.049867238097,26.247259962496255,5
2026-03-22 06:57:28,32.12386413915912,34.7356626727507,520.6300786642931,8255.2172406888,6
2026-03-22 06:57:29,32.0820747031519,34.762680829274025,6901.385902556201,8289.980476075316,7
2026-03-22 06:57:30,32.0819043359634,34.763030373462044,6906.482172309021,38.405838819968814,7
2026-03-22 06:57:31,32.0818009411441,34.76329849895397,6904.059502356908,27.9243105931904,7
2026-03-22 06:57:32,32.16850671765589,34.76805827542139,7417.491491272949,9649.718428855285,8
2026-03-22 06:57:33,32.08074599198882,34.76421120164314,7050.8357835770385,9756.446708372941,5
2026-03-22 06:57:54,32.07366253266927,34.80280595448774,3470.0324057287694,0.0,6
2026-03-22 06:57:56,32.07914117645845,34.768958285070184,7021.885232474174,0.0,6
2026-03-22 06:57:57,32.12140081574353,34.74160136079549,635.2879706752137,8333.70303644436,4
2026-03-22 06:57:58,32.12127408661535,34.74189350918523,629.8676588131933,31.418712983806532,6
2026-03-22 06:57:59,32.078990934639236,34.76952776932764,7012.288565236492,8340.128554838593,7
2026-03-22 06:58:00,32.07874521330967,34.769817360419204,7025.466793443486,40.82779675471654,6
2026-03-22 06:58:01,32.2083080833798,34.73932217507548,-513.7991038616289,16484.92426106826,6
2026-03-22 06:58:07,32.16402311972208,34.77551453908562,7540.111540827279,0.0,6
2026-03-22 06:58:08,32.16386626897655,34.77570843111637,7562.914090396946,34.03628084486699,7
2026-03-22 06:58:09,32.120350848911734,34.74420226394232,657.4154223653932,8935.753875831057,4
2026-03-22 06:58:11,32.07770391035863,34.772363766082215,7033.255930560152,4186.7934626379,7
2026-03-22 06:58:12,32.07751667214555,34.77271026707902,7037.178761970078,38.9873644626637,6
2026-03-22 06:58:13,32.077482652424656,34.7728475061541,7053.207698482522,20.963059624372743,7
2026-03-22 06:58:14,32.077139329295285,34.7732486176388,7086.548768133776,63.257916515077426,7
2026-03-22 06:58:15,32.07709818629285,34.773483050630134,7074.719161373598,25.53018705242769,7
2026-03-22 06:58:16,32.07703907943582,34.773745827741706,7055.685441487221,31.9722960139675,7
2026-03-22 06:58:17,32.11960494593794,34.74604073922071,668.4513004461834,8363.61898342244,6
2026-03-22 06:58:18,32.16240369691209,34.77827551417312,7585.650883757439,8925.364151722932,8
2026-03-22 06:58:19,32.07669383953691,34.77438439898491,7090.336823179543,9535.220812150537,7
2026-03-22 06:58:20,32.076513232972516,34.77470104504812,7099.868601062432,37.2638452873653,7
2026-03-22 06:58:30,32.196634149059705,34.598253917943026,3463.4632056154683,0.0,5
2026-03-22 06:58:32,32.19662830950867,34.5989328839082,3428.434269782877,0.0,5
2026-03-22 06:58:48,32.19714362878674,34.753029557481675,619.5488880097113,0.0,5
2026-03-22 06:58:49,32.11673715733213,34.75316877826219,786.5714744915442,8918.797853922359,4
2026-03-22 06:58:50,32.11661078048394,34.75338169917901,810.1812326972807,34.0254007497486,4
2026-03-22 06:58:51,32.07314833515204,34.782224330972625,7240.8899019672945,8487.2190754797,5
2026-03-22 06:58:52,32.116427713578275,34.75384547985288,820.0721498284405,8454.203698052708,6
2026-03-22 06:58:53,32.11636742182558,34.75403982092883,819.2503013306934,19.541022886115826,6
2026-03-22 06:58:54,32.11624462699007,34.75428989899366,808.4840007687242,29.300357434505173,6
2026-03-22 06:58:55,32.1160926358954,34.75449743103237,834.2216657710078,36.47267608074629,6
2026-03-22 06:58:56,32.11611093934578,34.75468577546781,786.9989315722655,50.49881886920201,6
2026-03-22 06:58:57,32.11591660773533,34.754905422952525,860.1039472280216,78.98502727360888,6
2026-03-22 06:58:58,32.11586945920775,34.75510187728338,812.6267564525778,51.23723685928257,6
2026-03-22 06:58:59,32.1157602387248,34.75532457068681,828.2623358112427,28.86175049026806,6
2026-03-22 06:59:01,32.11554881695377,34.75567420295297,867.0067484858789,0.0,6
2026-03-22 06:59:05,32.07159851748278,34.78569444812708,7289.157060034328,0.0,5
2026-03-22 06:59:10,32.065499399175664,34.819823099604704,3877.8621192740593,0.0,6
2026-03-22 06:59:11,32.07125157785939,34.78713132267469,7319.145959198017,4668.553050323428,8
2026-03-22 06:59:12,32.08125392158021,34.78078161361683,5928.403420615111,1878.0522810826662,6
2026-03-22 06:59:13,32.071091253377865,34.78790255374108,7322.198365206078,1915.2594285511198,8
2026-03-22 06:59:14,32.11502096514135,34.759113936330955,822.6396614168351,8567.313583675912,6
2026-03-22 06:59:15,32.071106649831094,34.78842449924036,7275.33223624687,8546.667204712856,7
2026-03-22 06:59:16,32.11495074870472,34.75928823220658,874.2376894707031,8497.98748154944,6
2026-03-22 06:59:17,32.0651073283551,34.821708213345104,3914.1497302012217,8634.807916238231,5
2026-03-22 06:59:20,32.1935231760912,34.760471105666724,776.1944154782686,0.0,7
2026-03-22 06:59:21,32.20246821128293,34.7722794612962,-1169.9000256075205,2451.6759919051187,6
2026-03-22 06:59:39,32.06322835778837,34.82651555826254,4033.6945200054115,0.0,6
2026-03-22 06:59:40,32.06314449348391,34.82673090983221,4032.244622497196,22.421855854346184,6
2026-03-22 06:59:41,32.06308852586857,34.826933344576595,4036.8261843194746,20.625787076249864,6
2026-03-22 06:59:42,32.06299233421905,34.82708405689063,4049.3442072418034,21.758050743551852,6
2026-03-22 06:59:43,32.068677679957,34.795201352844934,7430.606621252746,4572.8298126976415,7
2026-03-22 06:59:44,32.068674920579866,34.79533898648806,7425.146361278749,14.113488738346936,7
2026-03-22 06:59:45,32.06850302600244,34.79564429732789,7438.164739751207,36.968338935952175,7
2026-03-22 06:59:46,32.06259919967366,34.828004267017995,4064.0287518480836,4600.845797218084,6
2026-03-22 06:59:47,32.062500086464595,34.82819303319696,4074.8406453900325,23.57917278887581,6
2026-03-22 06:59:48,32.062367145262634,34.82846237559284,4084.610953798271,30.99604137739761,6
2026-03-22 06:59:49,32.062196849851695,34.82846866083179,4131.868015411152,50.89831072742739,6
2026-03-22 06:59:50,32.062165533072296,34.82894414847785,4083.723173561675,65.94394149977559,6
2026-03-22 06:59:51,32.06208505240952,34.82908171949702,4102.302542362381,24.37037547897021,6
2026-03-22 06:59:52,32.06201773871595,34.829323602702736,4104.746106365177,24.16890302293115,6
2026-03-22 06:59:53,32.061893975214915,34.82955942547841,4118.470447017614,29.554648871075056,6
2026-03-22 06:59:54,32.06180390645252,34.82983244782982,4124.505082111013,28.316718751209024,6
2026-03-22 06:59:57,32.06762968484859,34.79835905031472,7517.765411670283,0.0,7
2026-03-22 06:59:58,32.06748910320169,34.79877355598754,7501.3366188930195,45.26559245813637,7
2026-03-22 06:59:59,32.06744599293655,34.79911403362145,7490.633329139543,34.255913852316525,7
2026-03-22 07:00:00,32.06729900813011,34.799467028801665,7491.115186022686,37.14955853280674,7
2026-03-22 07:00:01,32.067364196005634,34.79986210773445,7484.607412037878,38.59600312491792,8
2026-03-22 07:00:04,32.06726949064524,34.80054258311503,7515.627096246026,0.0,7
2026-03-22 07:00:05,32.06730099363835,34.80092743460222,7501.715683501367,39.107648861551624,7
2026-03-22 07:00:07,32.06702088413436,34.80156969744626,7493.909975634721,0.0,6
2026-03-22 07:00:08,32.19977186511464,34.77133660290279,1087.0133634839863,16315.23694179256,6
2026-03-22 07:00:09,32.06723943644046,34.80215905101386,7531.381508762282,16317.987898374398,7
2026-03-22 07:00:10,32.06945795457732,34.79185218166636,8602.024610048977,1468.4935937848613,7
2026-03-22 07:00:11,32.11091365044696,34.74984574848074,4801.022383717122,7168.115078613819,6
2026-03-22 07:00:13,32.06756353360979,34.80308092348512,7530.22085883744,0.0,6
2026-03-22 07:00:14,32.06761094148716,34.8033173532583,7535.853223189641,23.642945240798717,6
2026-03-22 07:00:15,32.06759819994434,34.803532586930565,7573.2432929687875,42.591402673651494,6
2026-03-22 07:00:16,32.067585620644124,34.80389029352,7570.4365638853715,33.96106516051793,5
2026-03-22 07:00:17,32.061930105300576,34.835541617881084,4237.124522370914,4522.6120245935845,4
2026-03-22 07:00:19,32.01491697068894,34.77403336539351,1071.9243227079328,4213.039346996342,4
2026-03-22 07:00:32,32.06921856776045,34.80764447133824,7640.051337462907,0.0,7
2026-03-22 07:00:33,32.06928304115152,34.80792612322817,7648.608423580326,28.86872272428653,7
2026-03-22 07:00:34,32.06949712158454,34.80804385820476,7652.926955160642,26.597453958360706,7
2026-03-22 07:00:35,32.06954490790098,34.808387056997084,7661.011059741727,33.85457182551673,7
2026-03-22 07:00:36,32.06981510779961,34.80848899352115,7646.985417971615,34.48859970924214,7
2026-03-22 07:00:37,32.06987961169515,34.80880111055632,7659.723071467082,32.926109609828,8
2026-03-22 07:00:38,32.07005285333293,34.809013690758874,7656.852358395086,27.964765054484527,7
2026-03-22 07:00:39,32.1059012238011,34.81688362866806,9541.375858606752,4466.501470121454,5
2026-03-22 07:00:41,32.11612694875268,34.7785021703841,1181.4054490173125,0.0,6
2026-03-22 07:00:42,32.11632168762589,34.77857520437257,1184.7663908651045,22.919651477895627,6
2026-03-22 07:00:43,32.11638182688189,34.77890542803857,1171.5802993067898,34.495514637158266,6
2026-03-22 07:00:44,32.11635260526069,34.77918615015142,1207.1959810112182,44.5096431606907,6
2026-03-22 07:00:45,32.19112548431246,34.77911388843724,1294.4851608392444,8293.621398770947,7
2026-03-22 07:00:46,32.11671644098008,34.77961838934889,1193.7906562945527,8253.54881172524,6
2026-03-22 07:00:47,32.07084819729908,34.81121634260964,7686.227695858526,8773.088389179818,7
2026-03-22 07:00:48,32.07090941203233,34.81154252891885,7686.268438878452,31.575801268841794,7
2026-03-22 07:00:49,32.07101697284081,34.8117985668545,7693.936903870332,28.058086727458495,7
2026-03-22 07:01:08,32.06570833579388,34.84772145543338,4527.094086221363,0.0,5
2026-03-22 07:01:10,32.06565883410729,34.84825782841495,4547.797759097457,0.0,5
2026-03-22 07:01:11,32.0371017760168,34.817699968526384,7561.985422975394,5241.772365662207,5
2026-03-22 07:01:12,32.071719192026826,34.818570296331686,7786.726218719281,3850.729245413548,7
2026-03-22 07:01:13,32.07144328392627,34.81894776099762,7777.349335631107,47.953971294578146,7
2026-03-22 07:01:14,32.15262153710411,34.820678035046726,8301.465117425641,9029.85277725993,8
2026-03-22 07:01:15,32.07128772005117,34.819606804986456,7800.968588324221,9044.860691828422,6
2026-03-22 07:01:16,32.071305564805535,34.819811929612754,7805.813672815909,20.08560276975807,7
2026-03-22 07:01:17,32.07123224263781,34.82024048666675,7788.658840697183,44.74284194424331,7
2026-03-22 07:01:18,32.071276785491456,34.820405303199855,7801.201668594007,20.604505712557238,6
2026-03-22 07:01:21,32.07115223735131,34.8212905887121,7809.349995668851,0.0,6
2026-03-22 07:01:52,32.19587687459083,34.796067570933424,-759.9277764220273,0.0,8
2026-03-22 07:01:57,32.11702208669143,34.798153348863714,1473.0222881729678,0.0,4
2026-03-22 07:01:58,32.11710111527042,34.79830609387788,1466.1684219818553,18.212511187738652,4
2026-03-22 07:02:04,32.11687237893346,34.79983229479767,1521.9523807548628,26.09302802560521,4
2026-03-22 07:02:05,32.06922349613033,34.833575495404766,7969.583984205788,8927.056268107523,7
2026-03-22 07:02:28,32.115160554235445,34.80623510830131,1164.234759311983,0.0,8
2026-03-22 07:02:29,32.06726549139918,34.83998991951029,8082.940361740232,9288.941144293398,8
2026-03-22 07:02:30,32.067090741401856,34.84021043182356,8108.961802003874,38.57733088175631,8
2026-03-22 07:02:31,32.06711881102384,34.840400709737125,8107.7260827676555,18.299402648917678,7
2026-03-22 07:02:32,32.06124129050735,34.86928717200601,4988.591059234497,4196.439333704845,6
2026-03-22 07:02:33,32.06114912250526,34.86957001283744,4996.796662209404,29.772884032585825,6
2026-03-22 07:02:34,32.06107985573602,34.869731434555945,5012.238871870755,23.027533596949525,6
2026-03-22 07:02:35,32.06103242730221,34.87004291268673,4991.436650545735,36.426883432231655,6
2026-03-22 07:02:37,32.06077155519444,34.870506026989794,5019.41728277926,0.0,6
2026-03-22 07:02:38,32.06075599883711,34.870758422640094,5013.40845173386,24.658366123856574,6
2026-03-22 07:02:39,32.0606588207328,34.87094694019158,5033.3579945122865,28.83908519373417,6
2026-03-22 07:02:40,32.06628638742041,34.84273814512627,8148.003302887966,4147.431630875501,7
2026-03-22 07:02:41,32.06626898462879,34.843221753344295,8102.164116182246,64.77303290103148,7
2026-03-22 07:02:42,32.060372191548936,34.87168544588076,5051.617076660226,4119.867080324282,6
2026-03-22 07:02:43,32.06027627134311,34.871954740964334,5057.564988968425,28.220433295569705,6
2026-03-22 07:02:44,32.060209209727134,34.872144599928404,5078.882901220776,28.840714693007925,6
2026-03-22 07:02:45,32.06012004987394,34.87241041624297,5070.244212239954,28.348075609553767,6
2026-03-22 07:02:46,32.10118862519974,34.81902844115417,3541.596716913224,6966.917843896759,6
2026-03-22 07:02:47,32.06567154891904,34.844803571221746,8158.989270347858,6541.576237147999,7
2026-03-22 07:02:48,32.0655902084021,34.84507728407588,8161.987467198346,27.572705899767588,7
2026-03-22 07:02:49,32.144280847034054,34.845652482337876,8690.12471113808,8753.586134042902,8
2026-03-22 07:02:50,32.06547274697651,34.845548367147664,8166.7855929939515,8766.156995212166,7
2026-03-22 07:02:51,32.14419010149159,34.84585131433396,8697.956564314254,8756.61717249646,8
2026-03-22 07:02:54,32.14398010194502,34.846744091515504,8713.797273907641,0.0,8
2026-03-22 07:02:55,32.14384436476013,34.84690118075408,8706.628314975496,22.33434778465958,8
2026-03-22 07:02:56,32.143936243859166,34.847317454049616,8702.616131073726,40.82641585001174,8
2026-03-22 07:02:57,32.06509928847523,34.8474234069205,8183.928877188026,8769.098921245912,7
2026-03-22 07:02:58,32.06503450061855,34.84785467392062,8183.395014214208,41.408274342866534,7
2026-03-22 07:02:59,32.065009273307496,34.8480249575683,8195.039613272964,20.06611622811952,7
2026-03-22 07:03:00,32.06504895108848,34.848243124126924,8206.337979697666,23.92781296435779,7
2026-03-22 07:03:01,32.065010303006986,34.84868219820113,8185.960787963096,46.44358634522502,7
2026-03-22 07:03:02,32.06495843033593,34.84891238118978,8208.620378324358,31.941640434373987,7
2026-03-22 07:03:03,32.064809829520094,34.84927441436962,8202.815435597642,38.43933155905568,7
2026-03-22 07:03:04,32.06482603205965,34.84968437059839,8198.201886789815,39.07553584747335,7
2026-03-22 07:03:05,32.06491653167125,34.84979016656048,8208.457990576553,17.498890139620652,7
2026-03-22 07:03:06,32.06476116013555,34.85024275944032,8212.529381044564,46.317506643470324,5
2026-03-22 07:03:07,32.06470177772402,34.85046269358331,8218.680572945794,22.66528388226809,5
2026-03-22 07:03:10,32.13108000395888,34.81616046469505,1850.6400444602637,0.0,6
2026-03-22 07:03:11,27.37589329333753,34.86416927376421,-1279.487030529839,527008.0249873546,4
2026-03-22 07:03:12,27.291004329056495,34.865386573251435,-1051.895602870622,9408.239746359148,4
2026-03-22 07:04:02,32.1135275008925,34.82362389084495,2943.8786199280985,0.0,4
2026-03-22 07:04:05,32.197442993142985,34.852554923856474,-1636.7780547935886,3575.2167972076745,6
2026-03-22 07:04:06,32.19597757531874,34.711489918403316,1102.363934585979,13580.672998667276,5
2026-03-22 07:04:10,32.200497712615544,34.85765565754308,-2308.9285592386464,0.0,6
2026-03-22 07:04:20,32.11199816831747,34.81702531854176,4919.531063940426,0.0,6
2026-03-22 07:04:21,32.11284086266788,34.833375947150145,2044.8640915911367,3264.4008762285193,7
2026-03-22 07:04:22,32.112767508054525,34.8336846974269,2051.1465927278127,30.90799894722282,7
2026-03-22 07:04:23,32.112772850264214,34.833731506090714,2067.4740227898524,16.92526444371095,7
2026-03-22 07:04:25,32.112679287666666,34.83422186702599,2049.7483809444752,0.0,7
2026-03-22 07:04:26,32.061929172733905,34.87095428897948,8523.408698658315,9256.10468225224,8
2026-03-22 07:04:27,32.061565379446456,34.87148996738088,8546.207152278756,68.680909384352,7
2026-03-22 07:04:28,32.06149985672074,34.87170087076061,8551.642723998548,21.912823224499988,7
2026-03-22 07:04:29,32.06162822322265,34.871856739250404,8526.017828041659,32.81789076543278,8
2026-03-22 07:04:30,32.06139133003737,34.87207349152965,8558.358426683717,46.45284886862127,8
2026-03-22 07:04:31,32.06137823515039,34.872104236741826,8580.532785513124,22.411336824043737,8
2026-03-22 07:04:32,32.061908713470054,34.86903936018915,8970.024832573685,489.0458243152131,7
2026-03-22 07:04:33,32.062169206085876,34.86875237582074,8991.006409191126,44.871187240769565,7
2026-03-22 07:04:34,32.05559238821178,34.89871861919122,5667.851945310311,4427.479357638383,6
2026-03-22 07:04:35,32.06114015097488,34.87321799292477,8550.323898240918,3807.865111756572,7
2026-03-22 07:04:36,32.055386129985244,34.89899449816795,5709.320643769442,3797.065460594111,6
2026-03-22 07:04:38,32.05536028349224,34.89953465398976,5676.105744442434,0.0,6
2026-03-22 07:04:39,32.11201229601676,34.83675133732836,2117.159009538942,9346.290788721697,6
2026-03-22 07:04:40,32.060809886733246,34.874144404184165,8573.84710029571,9298.504368507696,7
2026-03-22 07:04:41,32.06066366426236,34.87458973911091,8562.000201318113,46.66042070772811,7
2026-03-22 07:04:42,32.0605436767775,34.874743802502785,8568.946529719296,20.927951119373336,7
2026-03-22 07:04:43,32.06046715596158,34.874982550375215,8591.314216138493,32.89621159865543,7
2026-03-22 07:04:44,32.06030852479336,34.87526049619019,8610.153218989848,36.82272404428054,7
2026-03-22 07:04:45,32.060254082600636,34.87556179673591,8595.055921799703,32.80522250868505,7
2026-03-22 07:04:46,32.06015594635574,34.875892975118546,8585.726442449093,34.444931092763625,7
2026-03-22 07:04:47,32.11157007602832,34.83846253702362,2134.5562438965094,9310.41728828839,6
2026-03-22 07:04:48,32.05993958235587,34.876253320690886,8614.883332023557,9358.297798570586,7
2026-03-22 07:04:49,32.111463055915934,34.8388079205052,2166.0664387358506,9316.792460375369,6
2026-03-22 07:04:50,32.05977695128828,34.876676341929794,8630.287978945053,9353.760674980469,7
2026-03-22 07:04:51,32.05972658508974,34.87692737441657,8638.111510911156,25.611603025743886,7
2026-03-22 07:04:52,32.05982752942472,34.876917453394505,8625.374026275345,16.99290263383006,7
2026-03-22 07:04:53,32.05968548988367,34.87719872174931,8639.924871994206,34.17393038249718,7
2026-03-22 07:04:54,32.059640136732455,34.87743418528344,8635.325272002956,23.286542747946584,7
2026-03-22 07:04:55,32.05951895806543,34.87763313428306,8643.24341452164,24.447100780321815,7
2026-03-22 07:04:56,32.05379785031759,34.90309427000577,5842.759852395801,3747.060372352463,6
2026-03-22 07:04:57,32.05372237549193,34.903342993684134,5833.914365293889,26.479354948301868,6
2026-03-22 07:04:58,32.05364359357737,34.9034276216002,5850.312762868788,20.232528303652128,6
2026-03-22 07:04:59,32.059276405599455,34.87856385150014,8627.551374611992,3691.8511614116333,7
2026-03-22 07:05:00,32.05915882687883,34.878789597183975,8624.872484351808,25.16549789182545,7
2026-03-22 07:05:01,32.05901023780414,34.879031172333406,8646.606171641371,35.58644525895386,7
2026-03-22 07:05:02,32.05887641491844,34.87925398017685,8653.386281323641,26.658426560087477,7
2026-03-22 07:05:03,32.05872460181826,34.879491360771055,8659.507133318679,28.731383226983993,8
2026-03-22 07:05:04,32.058633792307845,34.879717062132585,8663.763512207894,23.98533487329568,8
2026-03-22 07:05:05,32.05290199460437,34.90501306379228,5851.831302987211,3745.8572052009754,6
2026-03-22 07:05:06,32.058411677925974,34.879997392020776,8697.071683563063,3750.07763184994,8
2026-03-22 07:05:07,32.05819997498254,34.88036232658413,8685.40625252995,43.35369959044031,8
2026-03-22 07:05:08,32.0580707080052,34.88056693120008,8690.98926297386,24.729290975713837,8
2026-03-22 07:05:09,32.05788187574453,34.880823785659985,8685.890100484665,32.48989017180316,8
2026-03-22 07:05:10,32.057767562618444,34.880975609402235,8706.6366090312,28.242793491734915,8
2026-03-22 07:05:11,32.05758562104479,34.88123517761472,8699.292198131214,32.62776318834503,8
2026-03-22 07:05:12,32.05746343989782,34.88151554224475,8693.866743586608,30.271871592951726,8
2026-03-22 07:05:13,32.05733368994496,34.881653168442185,8718.525125447535,31.384428261194866,8
2026-03-22 07:05:14,32.05715339360528,34.881942925463385,8717.842779285691,33.941885526023505,8
2026-03-22 07:05:15,32.05693689201851,34.88224095579781,8712.382103252325,37.443633523879136,8
2026-03-22 07:05:16,32.05688208806818,34.882350893610976,8728.130398679166,19.82727333636845,8
2026-03-22 07:05:17,32.05678920751113,34.88255497996069,8733.107835816372,22.44108253495979,8
2026-03-22 07:05:18,32.056659030055656,34.882740610582076,8738.076971025112,23.276178516292532,8
2026-03-22 07:05:19,32.05654830270108,34.88293467783406,8751.955827510948,26.08803268026617,8
2026-03-22 07:05:20,32.05641730741902,34.883175457087766,8771.62712154347,33.42122837485629,8
2026-03-22 07:05:21,32.05613415959003,34.883579160912205,8747.222582098668,55.15014173301925,8
2026-03-22 07:05:22,32.05606899760388,34.88366097187455,8781.619559461375,35.99110252747603,8
2026-03-22 07:05:23,32.055903206825285,34.88388435190098,8767.860486713658,31.21616759790384,8
2026-03-22 07:05:24,32.05572583468765,34.884196261018594,8770.93298560695,35.60001445590464,8
2026-03-22 07:05:25,32.05554215659906,34.88446412420351,8772.079063906154,32.541438424719146,8
2026-03-22 07:05:26,32.05540207898829,34.884573475118934,8784.771424193377,22.582469702761603,8
2026-03-22 07:05:27,32.055280870402974,34.88486083363702,8766.397240836912,35.457098501851824,8
2026-03-22 07:05:28,32.055112398737265,34.88506017867129,8772.299122078926,27.205963615447633,8
2026-03-22 07:05:29,32.04946214429206,34.90975351490654,6027.331190136862,3657.769725686693,6
2026-03-22 07:05:30,32.054806305498005,34.885527979752375,8816.09146847059,3657.2693644201145,8
2026-03-22 07:05:31,32.054683700311706,34.88571840196985,8783.098380151694,39.97709497072967,8
2026-03-22 07:05:32,32.054948171695735,34.883773659529226,9051.375650207281,326.5865297549406,7
2026-03-22 07:05:33,32.05488875963896,34.883987965839125,9064.644683898969,25.106763797397868,7
2026-03-22 07:05:34,32.05466214138635,34.884240399533724,9037.410435342514,44.1009575631175,7
2026-03-22 07:05:35,32.054101098126395,34.88667966561172,8833.774319632235,313.9464092485258,8
2026-03-22 07:05:36,32.05454156187483,34.884653851226474,9100.074264728428,331.6795895603243,7
2026-03-22 07:05:37,32.053863040205314,34.88720083543717,8820.02186087795,376.99329896545635,8
2026-03-22 07:05:38,32.05364659332816,34.88726260001794,8835.249135293227,29.04568272295012,8
2026-03-22 07:05:39,32.0534311226318,34.88763221508835,8790.683149018421,61.484713137252854,7
2026-03-22 07:05:40,32.04784668018731,34.91205797730575,6074.584028056162,3618.738752104296,6
2026-03-22 07:05:41,32.05369344576899,34.885872114222366,9038.079386209705,3915.8595916509353,7
2026-03-22 07:05:42,32.053064128005374,34.888181249137475,8833.923810699807,307.00342372378475,8
2026-03-22 07:05:43,32.05290939091943,34.88844281376053,8840.481622148976,30.823821878391048,8
2026-03-22 07:05:44,32.052713034026226,34.88874426796946,8830.199156053754,37.33452495696346,8
2026-03-22 07:05:45,32.05264596247092,34.88877050551113,8883.929870656097,54.301159435230886,8
2026-03-22 07:05:46,32.052449243009825,34.889163149866285,8848.02285272976,56.08304228276084,8
2026-03-22 07:05:47,32.0522868937583,34.88937856992169,8833.985319064166,30.611721780958433,7
2026-03-22 07:05:48,32.052144426485306,34.88968958408462,8833.220721375008,33.40595081402588,7
2026-03-22 07:05:49,32.05205721240774,34.889760764051374,8868.915456642868,37.592766498536804,7
2026-03-22 07:05:50,32.0518657192357,34.890076341096204,8866.33128822781,36.735822580603916,7
2026-03-22 07:05:51,32.05168800384166,34.89023738692487,8884.1045458688,30.615047961995604,8
2026-03-22 07:05:52,32.05160227115511,34.89049946581624,8881.114996687684,26.718420291278115,8
2026-03-22 07:05:53,32.05145019824701,34.89069709009802,8889.444238917702,26.529927856460617,8
2026-03-22 07:05:54,32.05169414789921,34.88914899769679,9089.382580782054,249.28795492927725,7
2026-03-22 07:05:55,32.0511724271469,34.89132269380497,8890.804979947416,291.63332347904714,8
2026-03-22 07:05:56,32.05096280633199,34.89153845779551,8886.280616597274,31.283524456657915,7
2026-03-22 07:05:57,32.05084070493238,34.89174727407162,8881.466981207333,24.43350811994331,7
2026-03-22 07:05:58,32.05070634166553,34.89199957652518,8872.959299322396,29.39945770829129,7
2026-03-22 07:05:59,32.05062630028015,34.89221691750561,8894.02267420735,30.74328740999478,7
2026-03-22 07:06:00,32.05048363548832,34.8924028444979,8907.512843410197,27.242183898514384,7
2026-03-22 07:06:01,32.05038645427467,34.89267320867774,8906.24647423127,27.781999029551077,7
2026-03-22 07:06:02,32.05032048538085,34.892799385252694,8908.719095514582,14.218649530870008,7
2026-03-22 07:06:03,32.04467294741396,34.91687882986562,6225.253966760944,3574.6621062785116,6
2026-03-22 07:06:04,32.04462420847265,34.91716963385493,6198.312354938329,38.87091161892799,6
2026-03-22 07:06:05,32.04444370395132,34.917291311300346,6234.877346816778,43.252028181912245,6
2026-03-22 07:06:07,32.0441594656321,34.9176399697279,6287.728711970297,0.0,6
2026-03-22 07:06:09,32.044133102381764,34.91823288921646,6244.534016105485,0.0,6
2026-03-22 07:06:10,32.04405507830686,34.918475905965494,6258.926284304687,28.460253132022476,6
2026-03-22 07:06:11,32.04395072814206,34.91870088724067,6255.917801124486,24.40517991898929,6
2026-03-22 07:06:12,32.04387974658267,34.918863719844,6277.839513602394,27.921696728253416,6
2026-03-22 07:06:13,32.043760982519196,34.919165837811136,6263.655342150973,34.50775734782648,6
2026-03-22 07:06:14,32.043772279918606,34.919426589419984,6286.326139324683,33.514854780476846,6
2026-03-22 07:06:15,32.04370249271325,34.919715287520944,6265.174374513914,35.388613387922604,6
2026-03-22 07:06:16,32.04357663001745,34.91991305664374,6290.144987466899,34.18031530646441,6
2026-03-22 07:06:18,32.043537922784814,34.92043562428129,6281.678251563349,0.0,6
2026-03-22 07:06:19,32.04346040740888,34.92056824483308,6329.110181029183,49.80987037942028,6
2026-03-22 07:06:33,32.10241789037883,34.86113332398963,2611.205720260238,0.0,6
2026-03-22 07:06:34,32.10238260972654,34.861594400016905,2591.182128486557,48.081171538013606,6
2026-03-22 07:06:35,32.18757730798583,34.859948842226984,3607.297115375293,9507.522805904475,5
2026-03-22 07:06:36,32.10245133077299,34.862229508985514,2619.350446045855,9498.162250441188,6
2026-03-22 07:06:37,32.10239344222307,34.86251376017692,2589.1547870415366,40.90779538648846,6
2026-03-22 07:06:40,32.04835102203093,34.90366932782798,9000.717138530294,0.0,7
2026-03-22 07:06:41,32.04307423660439,34.92667421073488,6380.80309945857,3455.3246109923402,6
2026-03-22 07:06:42,32.04832018490513,34.903981710434685,9018.629478158877,3449.901521997085,7
2026-03-22 07:06:43,32.04840180609965,34.90415890844678,9032.137933569924,23.355670958943755,7
2026-03-22 07:06:44,32.04300405551422,34.92743518881646,6406.4807865489065,3478.1703495480265,6
2026-03-22 07:06:45,32.043021733092715,34.92773963378118,6405.073995497771,28.884458981491225,6
2026-03-22 07:06:46,32.042959364227876,34.92795386009274,6414.837517450811,23.52591539040718,6
2026-03-22 07:06:47,32.042936077785384,34.92820132312522,6420.879632654846,24.301606210321616,6
2026-03-22 07:06:48,32.04284000075571,34.92838819766436,6457.542820854941,42.07229489004056,6
2026-03-22 07:06:49,32.04289867434366,34.928711621798946,6433.569680876672,39.39721075077123,5
2026-03-22 07:06:50,32.04284410454843,34.92895086886845,6450.850354347204,29.102456466797953,5
2026-03-22 07:06:51,32.042923153838544,34.92917811039041,6448.913836775821,23.287833163294568,5
2026-03-22 07:06:52,32.042886045533955,34.92937726038037,6464.3686728663915,24.704921865775542,5
2026-03-22 07:07:18,32.04883459114252,34.91370319420641,9146.84087961991,0.0,8
2026-03-22 07:07:19,32.10396111122061,34.872583417845206,2797.12868804394,9636.23021784874,7
2026-03-22 07:07:20,32.1041217782795,34.87280035577898,2810.531675917376,30.281496375379056,7
2026-03-22 07:07:21,32.10416210984254,34.87307538466436,2827.9987977891624,31.616147873408035,7
2026-03-22 07:07:22,32.10446053850758,34.8732439865503,2814.364055133632,39.18482921796331,7
2026-03-22 07:07:23,32.10456980048561,34.87348267860299,2826.2846913542403,28.231860123548564,7
2026-03-22 07:07:24,32.104731060836635,34.87364658567318,2827.3939706151978,23.68177737032032,7
2026-03-22 07:07:25,32.10483187888012,34.87399367185896,2823.862286383243,34.80989654342956,7
2026-03-22 07:07:26,32.05012807703492,34.91562514274575,9134.571735618729,9600.474869397145,8
2026-03-22 07:07:27,32.04987878137478,34.91620044905496,9155.091930711174,64.40493966891324,8
2026-03-22 07:07:28,32.05016235059928,34.916386043831245,9142.497073738481,38.18815110788511,8
2026-03-22 07:07:29,32.05016832497539,34.91680932721036,9147.164490159144,40.30947378252816,8
2026-03-22 07:07:30,32.05044198599071,34.91686241324598,9145.51077124716,30.84563621785986,8
2026-03-22 07:07:31,32.05058015735064,34.91716118434961,9165.12771692761,37.66558904522475,8
2026-03-22 07:07:32,32.0505950828691,34.91750025590502,9163.105962722635,32.174685793955426,8
2026-03-22 07:07:33,32.050664063575795,34.9178321033863,9174.031942341691,34.10392896851053,8
2026-03-22 07:07:34,32.10629557388574,34.875931460226404,2863.5798250994917,9676.156530321387,7
2026-03-22 07:07:35,32.05107284179085,34.918227628765074,9174.580797167455,9663.023228581826,8
2026-03-22 07:07:36,32.05118714203463,34.918235858910386,9203.813077068904,31.878516694835405,7
2026-03-22 07:07:37,32.05132712669175,34.91846365976953,9202.866591603653,26.58414428884398,7
2026-03-22 07:07:38,32.05129959409869,34.919109521863504,9169.729294386598,69.5600249131598,8
2026-03-22 07:07:39,32.05161936005244,34.91918756012955,9152.885990728484,39.98844270359427,8
2026-03-22 07:07:40,32.05158904381874,34.91974299614434,9153.169372134791,52.639211109238786,8
2026-03-22 07:07:41,32.05180323906327,34.919430786232105,9209.693461315946,68.06334669872898,7
2026-03-22 07:07:42,32.0518845878183,34.919691928423404,9226.096536285795,30.99439106952529,7
2026-03-22 07:07:43,32.051942625066445,34.920428775925124,9162.154256299613,94.79751395289207,8
2026-03-22 07:07:44,32.051959917010045,34.92074068898154,9153.572745945214,30.782080273078563,8
2026-03-22 07:07:45,32.10773901711629,34.87840659820765,2923.392986931195,9651.417036117542,7
2026-03-22 07:07:46,32.052013678130706,34.92141037039677,9171.488228702578,9685.559349260688,8
2026-03-22 07:07:47,32.052234529608995,34.92099473911196,9250.5585029755,91.64479793175443,7
2026-03-22 07:07:48,32.04700572289417,34.94250376219818,6804.753563871418,3233.5426795181493,5
2026-03-22 07:07:49,32.04713066793018,34.94273347401478,6806.373604124555,25.820036842256652,5
2026-03-22 07:07:50,32.04709115876818,34.94299780313154,6832.839452695441,36.663811864199474,5
2026-03-22 07:07:51,32.04721265682803,34.94331236488265,6806.213305888837,42.13486958806054,5
2026-03-22 07:07:52,32.05228226436732,34.923234751560976,9157.161785514,3073.798411180555,7
2026-03-22 07:07:53,32.05226834766744,34.923464474360955,9181.577510234594,32.719073676272004,7
2026-03-22 07:07:54,32.052260462069135,34.923810508962156,9180.921540607822,32.74461697832148,7
2026-03-22 07:07:55,32.05231757494613,34.92409354986561,9184.942931911814,27.80212920147006,7
2026-03-22 07:07:56,32.05239206303356,34.9242989187274,9183.595157736001,21.15382191047835,7
2026-03-22 07:07:57,32.052325603466414,34.924771145951226,9180.851929221864,45.34972605457866,7
2026-03-22 07:07:58,32.052299325250246,34.92509208925511,9189.766243902346,31.769553160150142,7
2026-03-22 07:07:59,32.05243013726661,34.92523609884923,9190.460611039307,19.924785321887903,7
2026-03-22 07:08:00,32.05241793809836,34.92564513875497,9195.746970534386,39.06810069236807,7
2026-03-22 07:08:01,32.05236683842554,34.92604585239319,9181.708525172835,40.81062461428304,7
2026-03-22 07:08:02,32.05241565488478,34.92620939251057,9205.034604895445,28.508191275368485,7
2026-03-22 07:08:03,32.052529514089215,34.92650237573764,9186.319303784285,35.74797072363338,7
2026-03-22 07:08:04,32.05242090819296,34.92689545233445,9189.190950221602,39.188061113215554,7
2026-03-22 07:08:05,32.052439372903976,34.9271434476081,9208.630509207916,30.531998700480983,7
2026-03-22 07:08:06,32.05255658069847,34.9273646175059,9200.379982509165,25.98098023454162,8
2026-03-22 07:08:07,32.05244830597095,34.92786523140712,9197.879008022104,48.91260368072386,7
2026-03-22 07:08:08,32.05279235676557,34.92690595474737,9339.003265008849,172.06624077360146,7
2026-03-22 07:08:09,32.04764355336452,34.94799316685959,6923.736200413813,3183.793813418197,5
2026-03-22 07:08:10,32.04765271685747,34.94823415152238,6927.031749460609,23.043868069953213,6
2026-03-22 07:08:11,32.047676587342394,34.94850697960161,6935.473329487923,27.270212751631586,5
2026-03-22 07:08:12,32.05290564512244,34.9280764227933,9338.45793413765,3137.4907698580055,7
2026-03-22 07:08:13,32.04779410602606,34.948915109255964,6963.761786063192,3137.568999998564,6
2026-03-22 07:08:14,32.047737998605385,34.94919727711818,6977.75560349602,30.76274493935834,6
2026-03-22 07:08:15,32.04780392384889,34.94947287840288,6966.466793677325,29.325420165297494,6
2026-03-22 07:08:16,32.0477369719214,34.949641340994326,7004.07538119205,41.51309328968482,6
2026-03-22 07:08:17,32.0479010662584,34.94999932940819,6968.638353266916,52.28019257459787,6
2026-03-22 07:08:19,32.04775802854828,34.9503967654994,7033.684927338711,0.0,6
2026-03-22 07:08:22,32.04790954761601,34.9511961631613,7025.166205404274,0.0,6
2026-03-22 07:08:23,32.04794102667813,34.951415682215305,7021.719372029269,21.327553769127647,6
2026-03-22 07:08:24,32.04796318228637,34.951689825189504,7023.413869765833,26.091131963107976,6
2026-03-22 07:08:34,32.04819576406636,34.954107060882635,7069.823227521822,0.0,5
2026-03-22 07:08:36,32.04821933126072,34.95454215180398,7100.089017495064,0.0,5
2026-03-22 07:08:38,32.048317543987885,34.95509733920208,7087.268840378291,0.0,5
2026-03-22 07:08:39,32.04830064915464,34.95528739930232,7115.429605447574,33.45839632646172,5
2026-03-22 07:08:41,32.04836119470529,34.95578209438916,7135.235369661824,0.0,5
2026-03-22 07:08:42,32.048383674136964,34.95604981083114,7140.379406402403,25.950018660847846,5
2026-03-22 07:08:44,32.048450898746545,34.956581611457,7133.043706265999,0.0,5
2026-03-22 07:08:46,32.04850000747447,34.95704292447194,7162.858104100072,0.0,5
2026-03-22 07:08:49,32.04861166561468,34.957863246171144,7164.414247431921,0.0,5
2026-03-22 07:09:00,32.048427532198964,34.960645092714444,7247.627796976118,0.0,6
2026-03-22 07:09:01,32.04852895969904,34.9609278343692,7232.894498559872,32.53502162523503,6
2026-03-22 07:09:02,32.04843614176018,34.96122578189413,7243.891045384992,31.948519658776956,6
2026-03-22 07:09:03,32.04842042094338,34.961459311427895,7231.774711695055,25.246636768801853,6
2026-03-22 07:09:04,32.04831429438309,34.96166886889555,7272.451969408164,46.755021288523984,6
2026-03-22 07:09:05,32.04831950762413,34.96197436641643,7254.020859063813,34.269368508332576,6
2026-03-22 07:09:06,32.0482038198294,34.962238661963134,7267.619637937869,31.214427963637153,6
2026-03-22 07:09:07,32.04811750035941,34.962480911307686,7284.660949868494,30.114351043260307,6
2026-03-22 07:09:08,32.048231878159235,34.96282617136105,7223.706776450527,70.30160152754826,6
2026-03-22 07:09:09,32.048103194297894,34.96306872271503,7272.021266375592,55.35625906811587,6
2026-03-22 07:09:10,32.04800705357896,34.96324474180535,7311.624643875662,44.264295164390454,6
2026-03-22 07:09:11,32.047950556215255,34.96343190747281,7323.666644324323,22.305371401805033,6
2026-03-22 07:09:12,32.04790866369733,34.96365082665182,7341.278655586984,27.573081649266932,6
2026-03-22 07:09:13,32.047915032995334,34.964109876197305,7294.33637712721,63.93745643423088,6
2026-03-22 07:09:14,32.04789406289646,34.964341695665084,7289.378832358832,22.592866227882936,6
2026-03-22 07:09:15,32.04786865762642,34.96462959796143,7285.770067740907,27.60430558855342,6
2026-03-22 07:09:16,32.05273701695379,34.94574072080036,9573.555851797464,2952.431838491132,7
2026-03-22 07:09:17,32.047727872425845,34.96514655186163,7326.333978925503,2954.167467591097,6
2026-03-22 07:09:18,32.0476889438032,34.96520406696976,7371.616096784212,45.81180520293573,6
2026-03-22 07:09:19,32.04763511946998,34.96566665586915,7319.091236314224,68.61250819799164,6
2026-03-22 07:09:20,32.04756253689484,34.965874887744874,7354.928914856335,41.67638129011684,6
2026-03-22 07:09:21,32.04771170738495,34.96618362821159,7316.184473913567,51.259754717605254,6
2026-03-22 07:09:22,32.0475071811349,34.96635701162142,7369.886216941519,60.56553245479561,6
2026-03-22 07:09:23,32.11000583272932,34.89386825626584,5158.6342928156455,9997.211399961392,6
2026-03-22 07:09:24,32.11033233372306,34.90355113421056,3375.3635006493996,2004.4056768366406,6
2026-03-22 07:09:26,32.11018352450779,34.904060298933764,3397.073058003985,0.0,6
2026-03-22 07:09:27,32.110144165498234,34.90427455358299,3416.6970138149,28.52206591951318,6
2026-03-22 07:09:28,32.051826631565596,34.949246966692236,9636.356376183741,9932.40887137106,7
2026-03-22 07:09:29,32.193602445072436,34.90276123766659,4874.660962281787,17020.194241768666,6
2026-03-22 07:09:30,32.05166323615384,34.949788713254705,9628.22252988947,17047.955877625176,7
2026-03-22 07:09:31,32.05151255075088,34.9500899720733,9636.328530162962,34.024270559966965,7
2026-03-22 07:09:32,32.051395834369345,34.950337001369526,9643.659556245544,27.706867760761416,7
2026-03-22 07:09:33,32.05128820697192,34.95052970467211,9646.619349504082,21.996167783645085,7
2026-03-22 07:09:34,32.051173728873174,34.95083577766603,9633.486829639465,34.23683072548593,7
2026-03-22 07:09:35,32.05101537475253,34.95101245824537,9663.855712464081,38.86904407127456,7
2026-03-22 07:09:36,32.05085504460326,34.95128227487943,9661.828216277607,31.183937647674913,7
2026-03-22 07:09:37,32.050698987262244,34.95169574068743,9648.164328392388,44.90481568681165,7
2026-03-22 07:09:38,32.0505137195559,34.95195032999619,9653.479945639798,32.116052069872694,7
2026-03-22 07:09:39,32.050449874074324,34.95210680526598,9658.01150740747,17.02503548885428,7
2026-03-22 07:09:40,32.05032152676773,34.952326798820806,9661.53639809511,25.466948080704988,7
2026-03-22 07:09:41,32.04946254401972,34.95538322296628,9343.072302392055,440.5552472628349,8
2026-03-22 07:09:42,32.04926378340084,34.95582896588354,9324.55401929219,51.063392087400004,8
2026-03-22 07:09:43,32.04907644590611,34.9561213630405,9329.790367315618,35.00039497681837,8
2026-03-22 07:09:44,32.04896002068759,34.9564410043482,9310.94889919387,37.89629913688541,8
2026-03-22 07:09:45,32.048834217956404,34.956654501633544,9321.393028225775,26.683316126979687,8
2026-03-22 07:09:46,32.04863679449101,34.956986448128795,9329.235063041373,39.087815840951414,8
2026-03-22 07:09:47,32.04856335186727,34.95716367617332,9334.075360740311,19.25944803742429,8
2026-03-22 07:09:48,32.048324599248474,34.95749145944424,9345.259565426604,42.298932760773994,8
2026-03-22 07:09:49,32.048229698522015,34.9577275695056,9340.722616937888,25.106885088396723,8
2026-03-22 07:09:50,32.04812745011266,34.957966295384246,9341.996731928968,25.30556515814941,8
2026-03-22 07:09:51,32.0487416316675,34.95525796686349,9711.138843691288,454.4655230109114,7
2026-03-22 07:09:52,32.04859672279596,34.955457994159474,9718.116297133363,25.80000302045053,7
2026-03-22 07:09:53,32.04848659498017,34.955727439062365,9721.765341250473,28.50329164809074,7
2026-03-22 07:09:54,32.047417492713144,34.95925558697871,9336.019908736193,523.6963992564686,8
2026-03-22 07:09:55,32.04734086323833,34.95944825437122,9346.754392422488,22.797433148291695,8
2026-03-22 07:09:56,32.04722842795104,34.959755421687596,9335.379179294523,33.60592309109208,8
2026-03-22 07:09:57,32.047028047954804,34.96009403430346,9341.39236339301,39.459487637663315,8
2026-03-22 07:09:58,32.04685311223932,34.96038025794109,9342.425050725924,33.336978802611135,8
2026-03-22 07:09:59,32.046664789938,34.96075369286344,9341.938627210817,41.05067005566284,8
2026-03-22 07:10:00,32.046541837093955,34.96097384676473,9342.221593262366,24.90193030981509,8
2026-03-22 07:10:01,32.04631450576946,34.96137468876821,9340.9121240272,45.56801515303351,8
2026-03-22 07:10:02,32.04628148251939,34.96154511948703,9351.46910245962,19.615121661709228,8
2026-03-22 07:10:03,32.046135156587155,34.9618297698484,9344.713806694712,32.16444996963248,8
2026-03-22 07:10:04,32.04595873371941,34.962118605923365,9352.876668617078,34.59509160050531,8
2026-03-22 07:10:05,32.04583424990999,34.96232382457306,9357.580416939974,24.289842487301417,8
2026-03-22 07:10:06,32.04572472936146,34.96256988138073,9352.500558855001,26.746372932958323,8
2026-03-22 07:10:07,32.04556032215753,34.96289894374183,9349.17936432799,36.23654444322898,7
2026-03-22 07:10:08,32.045437687494214,34.96315136180739,9352.275012741173,27.659766229826335,8
2026-03-22 07:10:09,32.045314422774325,34.963368146248406,9361.914885774848,26.471558875833335,8
2026-03-22 07:10:10,32.04517033603993,34.963578599957806,9369.51569719841,26.646680014504646,8
2026-03-22 07:10:11,32.04601186198564,34.96038746016982,9775.502915154579,514.4599005587443,7
2026-03-22 07:10:12,32.04582739162801,34.960697214738694,9792.952588288916,39.783071620265304,7
2026-03-22 07:10:13,32.044855674941054,34.96438672477964,9376.352892325549,554.0678247855227,8
2026-03-22 07:10:14,32.044758386821286,34.96462722922522,9365.88214138732,27.27356748000837,8
2026-03-22 07:10:15,32.045509436079115,34.961423065183,9790.521076881758,528.328316781309,7
2026-03-22 07:10:16,32.045494186939266,34.96148080128796,9822.589593195786,32.57428669676051,7
2026-03-22 07:10:17,32.04068965079265,34.97935084835874,7725.795661566564,2745.4859260020366,6
2026-03-22 07:10:18,32.04054624376616,34.97960758848208,7721.1375677094165,29.404916919829382,6
2026-03-22 07:10:19,32.04045946357538,34.979833832749,7733.848733944349,26.686025409622324,6
2026-03-22 07:10:20,32.040381682233566,34.98004453165592,7738.102851255501,22.12857370726717,6
2026-03-22 07:10:21,32.04515979985191,34.96288230226459,9793.336855759337,2672.1183407564185,7
2026-03-22 07:10:22,32.04031470057879,34.98063662984031,7720.8979533603,2721.04883432339,6
2026-03-22 07:10:23,32.040239088424784,34.980819024065525,7753.994479526175,38.25383187687321,6
2026-03-22 07:10:24,32.04023572458924,34.981105538806254,7705.915326976905,55.1893333630223,6
2026-03-22 07:10:25,32.04007406551534,34.981229938079906,7761.138349558543,59.24607022400607,6
2026-03-22 07:10:26,32.04013459503943,34.98156168536312,7747.110869476057,35.01640679043652,6
2026-03-22 07:10:27,32.04017924717105,34.98183117126248,7739.468609673193,27.06346909269713,6
2026-03-22 07:10:28,32.040236549421486,34.98201506799826,7786.298845696228,50.35845830779341,6
2026-03-22 07:10:29,32.04018876044083,34.98223965247974,7788.561626031468,22.0076354691936,6
2026-03-22 07:10:30,32.04371661279192,34.9693040320291,9362.808142175425,2031.855086675608,7
2026-03-22 07:10:31,32.04375232483279,34.96952791906166,9371.10463605981,23.08712393188555,7
2026-03-22 07:10:32,32.043813664883075,34.96981606990137,9379.24995835811,29.250629162487865,7
2026-03-22 07:10:33,32.0437885184514,34.97012492901162,9374.51639620914,29.726494813178522,7
2026-03-22 07:10:34,32.04029105829743,34.98339585554673,7834.014345164008,2024.6751459197992,6
2026-03-22 07:10:35,32.04033796570326,34.983646437077475,7833.62992605713,24.26547372079034,6
2026-03-22 07:10:36,32.040335553824704,34.98387207504521,7840.941973143103,22.557719340866022,6
2026-03-22 07:10:37,32.043947513481044,34.971106157115884,9409.135325990757,2019.3618993322968,7
2026-03-22 07:10:38,32.04055395953255,34.984362227335644,7844.7050789346495,2039.9158428372007,6
2026-03-22 07:10:39,32.04062487347392,34.984558921407775,7846.823830438178,20.309328454421845,6
2026-03-22 07:10:40,32.04525582441088,34.9678888200214,9883.564522620301,2626.520448382444,7
2026-03-22 07:10:41,32.045177655267416,34.96828607600537,9889.758210432268,39.06159936037352,7
2026-03-22 07:10:42,32.0454061817986,34.96845649291931,9882.35678013182,30.96444931688606,7
2026-03-22 07:10:43,32.04533815580724,34.96878785562662,9897.54690037858,35.64125008271949,7
2026-03-22 07:10:44,32.04549254438995,34.96895539085,9888.4394738576,25.061789088153212,7
2026-03-22 07:10:45,32.04569686132109,34.969130543165875,9892.148556287213,28.34013967305599,7
2026-03-22 07:10:46,32.04568674234052,34.96947891733006,9893.539447832538,33.00209975219812,7
2026-03-22 07:10:47,32.044405357076265,34.9741815060399,9392.064512049272,685.2656919187536,8
2026-03-22 07:10:48,32.045830371998555,34.96995824808831,9907.911787576353,671.3604352132058,7
2026-03-22 07:10:49,32.045954341397554,34.97017064631007,9894.731932316394,27.693477261603125,7
2026-03-22 07:10:50,32.044670082579955,34.974833811628976,9402.730721123271,675.9909644551298,8
2026-03-22 07:10:51,32.04597028140583,34.970782185114956,9928.587198927127,666.52031812549,7
2026-03-22 07:10:52,32.04609842963238,34.97104065713119,9926.937505857522,28.338326260322493,7
2026-03-22 07:10:53,32.04615063049854,34.97132322688868,9915.143646937151,29.784983954521834,7
2026-03-22 07:10:54,32.04626762792826,34.971513154282725,9937.452079455596,31.45271082940475,7
2026-03-22 07:10:55,32.045112039029135,34.97626060139262,9406.193270038651,707.3605251334569,8
2026-03-22 07:10:56,32.045231255132975,34.97641424894454,9409.279046158774,19.899815774001787,7
2026-03-22 07:10:57,32.04524659827254,34.97677311152652,9423.816566370671,36.96479535315749,7
2026-03-22 07:10:58,32.044193657767764,34.97804658960095,9501.103394796102,184.81256092882938,7
2026-03-22 07:10:59,32.045368411179766,34.97736898615927,9416.641892079122,168.11093687671436,7
2026-03-22 07:11:00,32.04522871798811,34.977794561079776,9426.324522279829,44.21258797987256,7
2026-03-22 07:11:01,32.04221005523164,34.98980432330615,7993.322762503421,1859.0319283626795,6
2026-03-22 07:11:02,32.04220989791794,34.990048285653025,8016.413492286746,32.641345685882094,6
2026-03-22 07:11:03,32.04224715598044,34.99033045221576,8018.465365998776,27.08063035440702,6
2026-03-22 07:11:04,32.04223022000569,34.990667524068364,7996.070541520271,39.00208088634707,6
2026-03-22 07:11:05,32.042259630314305,34.99097987076858,8004.961872590014,31.019585442147875,6
2026-03-22 07:11:36,32.04050900992821,34.999292200620765,8166.957649810668,0.0,6
2026-03-22 07:11:37,32.04045622044691,34.99943516328309,8187.36387714206,25.17077502550735,6
2026-03-22 07:11:38,32.04039947876464,34.999796170021696,8174.810361066841,36.91768068091562,6
2026-03-22 07:11:40,32.04302297128397,34.99022661781404,9443.340640052644,0.0,7
2026-03-22 07:11:41,32.04304573401778,34.99037924384226,9426.117553560185,22.615091587311536,7
2026-03-22 07:11:42,32.04283956383354,34.99086354843901,9436.574985685786,52.269462846368,7
2026-03-22 07:11:43,32.04289430557906,34.990999078295566,9449.161584509813,18.966329199779643,7
2026-03-22 07:11:44,32.042844851987034,34.99133048236078,9433.148179330072,35.62628968658366,7
2026-03-22 07:11:45,32.04254625955257,34.9918850749085,9448.986053704513,64.04890556879131,7
2026-03-22 07:11:46,32.042473298412936,34.992202007847666,9446.03354612172,31.194168655366795,7
2026-03-22 07:11:47,32.042621993308614,34.99231017220764,9427.467456269012,26.871034395164603,7
2026-03-22 07:11:48,32.04257066726018,34.99261730560689,9430.082636454588,29.72057357466928,8
2026-03-22 07:11:49,32.105620024473616,34.93912783609067,4136.316314897461,10127.6018800375,7
2026-03-22 07:11:50,32.10548055123718,34.933491911918715,5310.946888946279,1289.7213296663306,6
2026-03-22 07:11:51,32.04227766862287,34.99376500515141,9435.18732952905,9934.89026290187,7
2026-03-22 07:11:52,32.105571975135334,34.93978357242304,4167.695921492182,10156.034313515283,7
2026-03-22 07:11:53,32.10533373637012,34.93435677489011,5310.037748480797,1252.3537127755876,6
2026-03-22 07:11:56,32.03899313454039,35.004764679785815,8338.283719106586,0.0,6
2026-03-22 07:11:57,32.03908458664636,35.00502345415545,8310.177283196823,38.62707916804846,6
2026-03-22 07:11:58,32.03889320983692,35.005315334391646,8335.483749880523,43.05780044890748,6
2026-03-22 07:12:00,32.04154457528319,34.99654185973467,9450.861333897787,0.0,7
2026-03-22 07:12:01,32.04157453980487,34.99673016520227,9440.356823797329,20.94469350080682,7
2026-03-22 07:12:02,32.041390280012315,34.997151176860044,9447.21492689774,45.29533275867406,7
2026-03-22 07:12:03,32.041179104282946,34.99763879247225,9454.774664018494,52.29279595365795,7
2026-03-22 07:12:04,32.104802324400964,34.93763918665801,5322.934132843468,9956.351098145324,6
2026-03-22 07:12:05,32.041207128489646,34.99806012540979,9457.380821876917,9977.97137792686,7
2026-03-22 07:12:36,32.0362684064021,35.01445434855617,8533.745721008825,0.0,6
2026-03-22 07:12:37,32.0362746847976,35.01465051565417,8544.987556294796,21.705140551996525,6
2026-03-22 07:12:38,32.036117406172096,35.014519195332824,8623.871996343627,81.74357400954909,6
2026-03-22 07:12:39,32.03605402305241,35.015089293897326,8556.29788990318,86.73723008149669,6
2026-03-22 07:12:40,32.03597115093348,35.01531623182851,8574.160764642687,29.40202873294721,6
2026-03-22 07:12:41,32.03820944632907,35.00775630567429,9538.251058115187,1225.8046660603331,7
2026-03-22 07:12:43,32.16074422359741,35.09248064853917,-2880.4790052541393,0.0,7
2026-03-22 07:12:44,32.035748154936364,35.016125025424095,8603.677833545271,19395.065049571513,6
2026-03-22 07:12:45,32.03559234718599,35.01650763817618,8610.564279450899,40.698589839911094,6
2026-03-22 07:12:46,32.035630432459556,35.01668352459358,8610.637686886817,17.16528044101892,6
2026-03-22 07:13:55,32.031199464690815,35.034579913968656,9040.47204651983,0.0,5
2026-03-22 07:13:56,32.03124466162901,35.0348556804668,9046.24385450252,27.18433737351704,5
2026-03-22 07:13:57,32.03130718367638,35.03517418094362,9043.100547460897,31.077481320978716,5
2026-03-22 07:13:58,32.03120484739191,35.035397415614675,9083.125420727998,46.65892300016916,5
2026-03-22 07:13:59,32.10048105771334,34.97177737188913,4758.766272419408,10677.39981884729,6
2026-03-22 07:14:00,32.1003819157333,34.97220265713623,4757.2752775214985,41.67856658895713,6
2026-03-22 07:14:01,32.100093282237985,34.97280802531303,4800.972134590852,78.77381899335039,6
2026-03-22 07:14:02,32.186916455864186,34.903643782754074,-2712.8019711254688,13848.287474907864,5
2026-03-22 07:14:03,32.10022630438093,34.97328228781386,4808.45816971992,13863.258999559568,6
2026-03-22 07:14:05,32.14170516919784,35.08622302166275,-1534.389493973903,0.0,7
2026-03-22 07:14:06,32.10021871952155,34.97412366602523,4844.505901294324,13184.518551137513,6
2026-03-22 07:14:07,32.10052428406021,34.97431730313308,4804.227099694024,55.73862639908519,6
2026-03-22 07:14:08,32.10072854608884,34.97460181423975,4767.573523993851,50.789416234041845,6
2026-03-22 07:14:09,32.10053677350236,34.97494542775072,4807.927768419673,55.990006531680784,6
2026-03-22 07:14:10,32.10055245101492,34.97517432331831,4839.7398945072155,38.503743564812446,6
2026-03-22 07:14:12,32.14193588745883,35.08627970672441,-1506.1104200143823,0.0,7
2026-03-22 07:14:13,32.031428391377894,35.039896784170026,9114.58951535507,16802.841367412377,6
2026-03-22 07:14:15,32.16604263979241,35.100260661133724,-2682.365344302805,0.0,7
2026-03-22 07:14:17,32.100726084022746,34.977363260445564,4842.010974329783,0.0,6
2026-03-22 07:14:18,32.10065607143626,34.977814958409986,4846.081011422741,43.56017329293544,6
2026-03-22 07:14:19,32.10076389404807,34.97802059771113,4847.81014782308,22.879916833784513,6
2026-03-22 07:14:20,32.100635933675115,34.978259698889296,4897.688224317459,56.564941993933104,6
2026-03-22 07:14:21,32.10080268670559,34.97855650717963,4865.779295805734,46.33249221017296,6
2026-03-22 07:14:22,32.100680816976535,34.97899379550648,4882.183709741369,46.45731149629185,6
2026-03-22 07:14:23,32.100825777343026,34.978989980076875,4919.073603195758,40.24650030730583,6
2026-03-22 07:14:24,32.10068357024902,34.97682729283975,5459.471843255011,577.9431900169891,7
2026-03-22 07:14:25,32.18652195684872,34.897366931278185,351.4617950773914,13154.076597516985,5
2026-03-22 07:14:26,32.18656373282492,34.89768058664763,361.88523077925737,31.70289677636514,5
2026-03-22 07:14:27,32.186610740367826,34.89797194364633,362.0898233089902,27.967779919582085,5
2026-03-22 07:14:28,32.10095397219726,34.97785448374996,5461.463431115421,13158.937533921877,6
2026-03-22 07:14:29,32.032248103879326,35.041807076101925,9557.998005696832,10560.047361817711,7
2026-03-22 07:14:30,32.032425651541146,35.04200044736952,9565.645857838814,27.962611505737446,8
2026-03-22 07:14:32,32.16158343705056,35.092486669335294,-2207.3227562755415,0.0,7
2026-03-22 07:14:33,32.154518089835314,35.08110859146498,-1607.1223325983278,1457.7350411226607,7
2026-03-22 07:14:36,32.032713701568035,35.043802977258295,9543.933694541374,0.0,7
2026-03-22 07:14:37,32.10164352697807,34.98045737025111,5466.093290490112,10538.053857467465,7
2026-03-22 07:14:38,32.101733143391414,34.98079806792077,5452.492438589238,36.32922689074697,6
2026-03-22 07:14:39,32.101741804026425,34.98097839161985,5465.208925480819,21.279717008893154,6
2026-03-22 07:14:40,32.10194048074304,34.98122234433988,5447.491832523759,36.485787824273814,6
2026-03-22 07:14:41,32.033003164390394,35.04532772104807,9551.21065439108,10589.618744299672,7
2026-03-22 07:14:42,32.03230045877477,35.04788066103807,9295.35731986352,360.3826941119626,6
2026-03-22 07:14:43,32.102283212634696,34.984614016686294,4935.709357631483,10729.85958235054,6
2026-03-22 07:14:45,32.16549793723961,35.098137236264996,-2428.487360792808,0.0,7
2026-03-22 07:14:46,32.033216588918194,35.04703415897147,9537.787826226786,19542.018691459547,8
2026-03-22 07:14:47,32.03341818439871,35.04711680402542,9556.062834532233,29.93865077000019,8
2026-03-22 07:14:48,32.10280716540772,34.98347407212067,5452.870549342697,10600.812336460676,7
2026-03-22 07:14:49,32.102937921841985,34.98368988946924,5465.914034081301,28.220418933344664,6
2026-03-22 07:14:50,32.10303443805322,34.984021390818654,5464.144907029351,33.14488965391918,7
2026-03-22 07:14:51,32.03379874687865,35.04827966370581,9557.92343367261,10617.988597546058,8
2026-03-22 07:14:55,32.103846415174175,34.98737987908948,5017.95718107102,0.0,6
2026-03-22 07:14:57,32.10421476851244,34.98762726303961,5037.403861354954,0.0,6
2026-03-22 07:15:00,32.10454803530621,34.98831387465713,5072.945611029592,0.0,6
2026-03-22 07:15:02,32.10481834531516,34.98891973678096,5062.506345651753,0.0,6
2026-03-22 07:15:03,32.105086063601576,34.98908300317891,5054.633188845768,34.388179530566816,6
2026-03-22 07:15:04,32.10513288863851,34.989359060799515,5068.619192420762,30.04315169770223,6
2026-03-22 07:15:05,32.10517994194324,34.989630847802914,5089.727928853307,33.64450318325525,6
2026-03-22 07:15:06,32.105436126817764,34.98990046625701,5088.348436736431,38.19477314299584,6
2026-03-22 07:15:07,32.105508621796155,34.99014339222159,5084.46809017026,24.62395534752724,6
2026-03-22 07:15:13,32.10565933481382,35.004374471660675,5096.037993889577,0.0,7
2026-03-22 07:15:15,32.106707373484326,34.99019471587986,5484.795305697796,0.0,7
2026-03-22 07:15:16,32.10674109737423,34.9922701968171,5125.667110599551,409.1750671311742,6
2026-03-22 07:15:17,32.10705966679919,34.99230767842269,5122.840165009921,35.643351932460064,6
2026-03-22 07:15:18,32.10714710544952,34.992593637050376,5134.797030446574,31.092495954640842,6
2026-03-22 07:15:19,32.10728627392795,34.992810517910634,5137.816473765696,25.833029904827605,6
2026-03-22 07:15:22,32.10773348579088,34.99337742022961,5157.363937841638,0.0,6
2026-03-22 07:15:23,32.107758095921454,34.99372797295668,5165.077184584049,34.10879562529774,6
2026-03-22 07:15:24,32.10792481854227,34.99389132796599,5179.325628067288,27.9904116615025,6
2026-03-22 07:15:25,32.108233171655655,34.99238115599879,5488.732923728711,342.42324714458357,7
2026-03-22 07:15:26,32.108226208772436,34.99284950195479,5488.843629842008,44.2483074774985,7
2026-03-22 07:15:27,32.10837253648248,34.99307340817354,5493.368189725766,27.047593718808574,7
2026-03-22 07:15:28,32.108337757293555,34.993368189168116,5501.6207570864135,29.298465575172873,7
2026-03-22 07:15:29,32.1087019382715,34.99339376856263,5475.729067954121,48.06109490805281,7
2026-03-22 07:15:30,32.10895430173617,34.993619482596024,5495.917414428899,40.578905740797076,7
2026-03-22 07:15:31,32.10887267571587,34.993995144091826,5489.4661067347215,37.187889563381034,7
2026-03-22 07:15:32,32.109060194365625,34.99416477586904,5503.655749461957,29.853573659982906,7
2026-03-22 07:15:33,32.10914382176058,34.994595542011545,5483.387398488357,46.397412030937076,7
2026-03-22 07:15:34,32.10933285876457,34.99606617810275,5202.146034594565,314.3796358628097,6
2026-03-22 07:15:35,32.10944997864364,34.99622550352707,5235.616642624127,38.93221122906882,6
2026-03-22 07:15:36,32.109567758120626,34.99648752476675,5241.4443914358,28.589901830166838,6
2026-03-22 07:15:37,32.109766593102925,34.99539324206432,5509.310560896027,287.964853453841,7
2026-03-22 07:15:38,32.10993016257629,34.9956136387188,5497.358468580638,30.09721605121937,7
2026-03-22 07:15:39,32.11006678114993,34.99590118433698,5514.034487306773,35.29544160013321,7
2026-03-22 07:15:40,32.11017862472864,34.996262890862226,5506.383839979005,37.14862864158032,7
2026-03-22 07:15:41,32.110336488633656,34.997675844873335,5251.117334180774,288.58504867113896,6
2026-03-22 07:15:42,32.11058302603737,34.99770975800706,5243.4581051047535,28.592632824259375,6
2026-03-22 07:15:43,32.11064791918895,34.99681918616601,5500.297979073132,270.3612017009303,7
2026-03-22 07:15:44,32.110732302761434,34.997104407953245,5509.4569768850015,29.9580164823426,7
2026-03-22 07:15:45,32.110895394548265,34.99738722263057,5504.530259968834,32.64342887672852,7
2026-03-22 07:15:46,32.11104895698348,34.99760277883395,5512.600563578348,27.752311559248767,7
2026-03-22 07:15:47,32.11127143117118,34.99780989520187,5508.653008473392,31.749086752515986,7
2026-03-22 07:15:48,32.11142892961963,34.99806633849858,5500.110812504179,31.069333906739836,7
2026-03-22 07:15:49,32.11150312653959,34.998386155077824,5512.490321153228,33.670469238688234,7
2026-03-22 07:15:50,32.111675602011786,34.998551331377726,5527.833965226409,29.073904038620586,7
2026-03-22 07:15:51,32.1119877216726,34.99868852001131,5509.057673959957,41.47834473354242,7
2026-03-22 07:15:52,32.11209709684918,34.99890071399072,5496.649441746586,26.515462006684988,7
2026-03-22 07:15:53,32.11229377577434,34.99914636473779,5516.524527970342,37.548942189275415,7
2026-03-22 07:15:54,32.11244362327361,34.99934184743097,5508.764426684505,26.03391814390697,7
2026-03-22 07:15:55,32.04146284706722,35.06454617776875,9560.374132321022,10793.63048280068,8
2026-03-22 07:15:56,32.04167313848914,35.06473904425165,9555.944682436002,29.964114802094088,8
2026-03-22 07:15:57,32.04168322030481,35.06504965013283,9535.57070122152,35.771197763433555,8
2026-03-22 07:15:58,32.04201336298024,35.06510284947828,9552.982592151859,40.89895141874871,8
2026-03-22 07:15:59,32.11325202952482,35.00129871368575,5325.885348118374,10806.934916960747,6
2026-03-22 07:16:00,32.113274714388034,35.00154481188803,5341.091915926126,27.891306675805954,6
2026-03-22 07:16:01,32.11339044529329,35.001046429091424,5557.152079082386,221.50193698638398,7
2026-03-22 07:16:02,32.1135660317979,35.00116844044211,5523.753712658587,40.348995948785294,7
2026-03-22 07:16:03,32.11375082421186,35.001353127670576,5519.8543953878325,27.206016808656955,7
2026-03-22 07:16:04,32.11385723206116,35.00154467509001,5531.36967490176,24.48333241422441,7
2026-03-22 07:16:05,32.11409368016132,35.00176859724478,5533.012137017747,33.745048058671145,7
2026-03-22 07:16:06,32.11409107650867,35.00212866430618,5542.701022681586,35.36546401123539,7
2026-03-22 07:16:07,32.114427940967126,35.00217148225107,5522.028249725113,42.912831118358895,7
2026-03-22 07:16:08,32.11458362305397,35.002401442762604,5506.2014748883375,31.95071302420942,7
2026-03-22 07:16:09,32.11463387413869,35.002773048080584,5528.435167287597,41.92256528096589,7
2026-03-22 07:16:10,32.04367915762017,35.06777389811698,9524.4955139962,10759.696937388357,8
2026-03-22 07:16:11,32.11502970116744,35.0037457087305,5384.578356821887,10794.074868129102,6
2026-03-22 07:16:13,32.0443435633628,35.06836368744447,9510.240030298626,0.0,8
2026-03-22 07:16:14,32.04432749760673,35.068611247441666,9528.915911611306,30.00493243451818,8
2026-03-22 07:16:15,32.0444543051591,35.0688667425309,9511.589874017225,32.90205383624813,8
2026-03-22 07:16:16,32.04451188830349,35.069113042144714,9521.181985357029,25.99336769236644,8
2026-03-22 07:16:17,32.044681740904686,35.069370203645065,9504.899158360966,34.82256630050361,8
2026-03-22 07:16:18,32.044839303979984,35.06957422897121,9516.332267486172,28.448541817268563,8
2026-03-22 07:16:19,32.11604976211748,35.00511925438265,5544.882484149011,10742.013099542211,7
2026-03-22 07:16:20,32.11616984035976,35.005393533333425,5539.501164639621,29.626865657554077,7
2026-03-22 07:16:21,32.1162460003035,35.0056658210805,5553.305345219522,30.38876943358248,7
2026-03-22 07:16:22,32.116480535598896,35.0059097845316,5536.526197819335,38.60201521985068,7
2026-03-22 07:16:23,32.04540801043385,35.07084124697412,9502.483139307145,10754.321044432765,8
2026-03-22 07:16:24,32.0456085375152,35.07104713226203,9499.64527542619,29.71886770513093,8
2026-03-22 07:16:25,32.04560691054021,35.07135861390011,9503.50451475492,29.71431866070336,8
2026-03-22 07:16:26,32.04579681737055,35.07158434841698,9500.683883623467,30.1433729410002,8
2026-03-22 07:16:27,32.045911821534695,35.071859532731594,9493.857422989808,29.78606863080755,8
2026-03-22 07:16:28,32.046125261934996,35.072069658208626,9495.710645181385,30.98863117647843,8
2026-03-22 07:16:29,32.046256400012545,35.07228825958748,9503.145531100297,26.36083511687085,8
2026-03-22 07:16:30,32.046328350379106,35.072573658108524,9494.239371027608,29.527641046792926,8
2026-03-22 07:16:31,32.046412654662554,35.07283377029696,9489.165395217688,26.808639116365264,8
2026-03-22 07:16:32,32.04657657764088,35.0730567128671,9494.802025575804,28.422429693060675,8
2026-03-22 07:16:33,32.04668199223464,35.07332587668807,9501.082518873807,28.716801945445145,8
2026-03-22 07:16:34,32.11797051608593,35.00903997189536,5561.624724800316,10727.485760212494,7
2026-03-22 07:16:35,32.11808231907128,35.009283681710635,5555.454300346695,26.86890985581802,7
2026-03-22 07:16:36,32.11823200838567,35.009464148765716,5549.176504837147,24.616555613893325,7
2026-03-22 07:16:37,32.11837946690421,35.0097118041685,5549.4416087655045,28.549832763711326,7
2026-03-22 07:16:38,32.11849995192843,35.00991834077167,5546.451798469157,23.83943113081184,7
2026-03-22 07:16:39,32.118611077394505,35.01024052191442,5558.204296342611,34.87528231327318,7
2026-03-22 07:16:40,32.11875769417304,35.01042003223897,5551.798484167717,24.35793175337806,7
2026-03-22 07:16:41,32.118843821990225,35.01062944294295,5551.688415184619,21.968492767253604,7
2026-03-22 07:16:42,32.119002778154005,35.01081968163677,5555.809545600736,25.516490432853892,7
2026-03-22 07:16:43,32.11912537005897,35.01104464717539,5565.953117694243,27.194135089326867,7
2026-03-22 07:16:44,32.119162372992534,35.011319951074945,5557.84499129103,27.545917400135522,7
2026-03-22 07:16:45,32.11930865812167,35.01150609529149,5562.087393659243,24.30460606837854,7
2026-03-22 07:16:46,32.11937559607129,35.011728153344656,5558.300842083906,22.57075140799184,7
2026-03-22 07:16:47,32.11948961759774,35.01181395411836,5603.182387176222,47.330484580241745,6
2026-03-22 07:16:48,32.11954834909642,35.01212474891033,5569.845092455079,44.895534789912325,6
2026-03-22 07:16:49,32.04848156857823,35.07680331312315,9471.13843092869,10716.406873615724,8
2026-03-22 07:16:50,32.0485279800978,35.07700976122584,9471.664353463006,20.202203415422673,8
2026-03-22 07:16:51,32.119855019663426,35.0124250899564,5635.005987794944,10709.36346592184,6
2026-03-22 07:16:53,32.12002892923905,35.012798999517855,5611.981862146607,0.0,6
2026-03-22 07:16:54,32.119950531020145,35.01330654578922,5579.5091635596655,58.55202557964261,6
2026-03-22 07:16:58,32.13215036402077,35.00483847120072,-3404.794790152637,0.0,6
2026-03-22 07:17:12,32.07576648286026,35.05138703109086,6666.452355606525,0.0,8
2026-03-22 07:17:13,32.049321928343254,35.07877039872346,9437.813526911024,4796.275475049704,8
2026-03-22 07:17:19,32.07648330121612,35.05184453163433,6800.312410927098,0.0,8
2026-03-22 07:17:23,32.19822873516465,35.01280684217713,8266.605224975325,0.0,6
2026-03-22 07:17:24,32.198285468320414,35.01310516112672,8238.05737727793,40.59442622343341,6
2026-03-22 07:17:27,32.19829552447063,35.013716612682316,8254.109709886607,0.0,6
2026-03-22 07:17:45,32.120948798002395,35.019339775284685,5873.673772509424,0.0,6
2026-03-22 07:17:46,32.1209410402145,35.01953090811911,5900.601989569832,32.43152356141466,6
2026-03-22 07:17:47,32.12105407636463,35.01981392917747,5850.571227714841,58.095878225768715,6
2026-03-22 07:17:48,32.12098518519502,35.02001395768962,5878.308212243575,34.42066164362821,6
2026-03-22 07:17:50,32.12093025499157,35.02055358183857,5893.2365188398335,0.0,6
2026-03-22 07:17:51,32.12090146656151,35.02069764521657,5913.294083994427,24.447589462443755,6
2026-03-22 07:17:52,32.20684107063139,34.95123507732116,-147.09343091053074,13061.23967662598,5
2026-03-22 07:17:53,32.20685868738125,34.95137753565481,-115.78254437429965,34.12583748691829,5
2026-03-22 07:17:57,32.12100086884429,35.02232887859488,5924.709115034738,0.0,6
2026-03-22 07:17:58,32.12087842577876,35.022606884776344,5965.605640525924,50.46569699317894,6
2026-03-22 07:17:59,32.12094926500821,35.02294328041578,5937.608063095508,43.073531439454534,6
2026-03-22 07:18:01,32.12100168172184,35.023286027531434,5976.809666533906,0.0,6
2026-03-22 07:18:02,32.121079361442305,35.02353501543401,5968.288053668102,26.459085440550833,6
2026-03-22 07:18:05,32.04971461797927,35.08978092035156,9372.620638691531,0.0,8
2026-03-22 07:18:06,32.04975187382918,35.09000105565106,9378.416245632703,22.004604196333048,8
2026-03-22 07:18:07,32.049776279095994,35.090268393193526,9384.48961513658,26.14503894735471,8
2026-03-22 07:18:08,32.049853506435085,35.09050674171086,9382.211003716513,24.226829662727074,8
2026-03-22 07:18:09,32.049781538596925,35.09090238760503,9379.711446852229,38.34600112880718,7
2026-03-22 07:18:10,32.04979760156535,35.09112592009421,9385.253274664916,21.928825607899967,8
2026-03-22 07:18:11,32.04986895976013,35.091374691508086,9371.437406109531,28.412809976432353,8
2026-03-22 07:18:12,32.05000161094825,35.09151322108436,9372.146441437457,19.72752232939333,8
2026-03-22 07:18:13,32.04990801761736,35.0918835142606,9378.124958541252,37.01822445256672,8
2026-03-22 07:18:14,32.04999725985013,35.09207577892912,9373.696999282776,21.177826820847116,8
2026-03-22 07:18:15,32.05000062729384,35.09238178808747,9377.109415316509,29.14537772844834,8
2026-03-22 07:18:16,32.05013616342747,35.09253857219724,9364.066084783866,24.83072925777382,8
2026-03-22 07:18:17,32.049946119822906,35.092959677329574,9368.590935544778,45.30085795714039,8
2026-03-22 07:18:18,32.05012829098483,35.0931377245146,9368.081181906009,26.326863517566338,8
2026-03-22 07:18:19,32.04998571315992,35.09356332642499,9368.242689528814,43.255918004465435,7
2026-03-22 07:18:20,32.05004744624618,35.09370707756265,9375.017959112074,16.66598765007799,8
2026-03-22 07:18:21,32.050126962585196,35.09400370563229,9359.388353530254,33.30695167050715,7
2026-03-22 07:18:22,32.05000026002683,35.09439181343173,9379.921972559221,44.35131767088134,7
2026-03-22 07:18:23,32.05017530020797,35.09452861454907,9364.646779484492,27.90330126687899,7
2026-03-22 07:18:24,32.05011124126648,35.094878107648505,9371.185706388056,34.438450376197025,8
2026-03-22 07:18:25,32.050147815435,35.09512815982082,9380.36398305993,25.691661372810422,7
2026-03-22 07:18:26,32.050320503904544,35.09534296271627,9356.031170051898,37.04857388096637,7
2026-03-22 07:18:27,32.05023800911685,35.09568102258523,9356.74331947082,33.26785223484986,7
2026-03-22 07:18:28,32.05027145814487,35.09593075705813,9358.055640761386,23.946168385829782,7
2026-03-22 07:18:29,32.19852862155789,35.033009175441315,7781.144051227276,17573.9141662571,6
2026-03-22 07:18:35,32.19857482720854,35.0351829222087,7809.534842247579,0.0,6
2026-03-22 07:18:36,32.05047726937091,35.09812504864321,9352.051253266462,17554.943962816058,7
2026-03-22 07:18:37,32.05037951405066,35.098472224433344,9359.034013331435,35.28170008411529,7
2026-03-22 07:18:40,32.198725665425314,35.03623915945582,7852.830578490818,0.0,6
2026-03-22 07:18:43,32.198256736593265,35.03247211760786,8803.213032013553,0.0,6
2026-03-22 07:18:46,32.0505778457964,35.10074367840462,9338.843518574267,0.0,8
2026-03-22 07:18:47,32.05068066247745,35.10083698589707,9344.37721285497,15.455402883708812,8
2026-03-22 07:18:48,32.05080380153323,35.101031890936085,9333.373781114573,25.453553759475504,8
2026-03-22 07:18:51,32.0874190178328,35.068019474285535,7034.298348184016,0.0,8
2026-03-22 07:18:52,32.05092600573816,35.101695871325084,9326.95978251466,5640.107042361827,8
2026-03-22 07:18:53,32.05078211674492,35.10200120923399,9354.523398217509,43.00062514014947,8
2026-03-22 07:18:54,32.050823751904964,35.10217868683395,9335.026603709966,26.139289277272837,8
2026-03-22 07:18:55,32.05087132263061,35.102400835785716,9311.666977615745,31.85945410485416,8
2026-03-22 07:18:56,32.05101694006794,35.10250163013766,9301.59527529602,21.302883746014423,8
2026-03-22 07:18:57,32.05092657884528,35.10270659291341,9299.226992146348,21.956379042620533,8
2026-03-22 07:18:58,32.12247028674996,35.03680522017008,6275.375481753137,10537.36527656841,6
2026-03-22 07:18:59,32.122481089433435,35.03695411238151,6292.740030810145,22.377944461480514,6
2026-03-22 07:19:00,32.122439532043884,35.03709350935908,6287.078395789519,15.057050303213357,6
2026-03-22 07:19:01,32.05096542935288,35.102996594129486,9314.403164301668,10532.654922032985,8
2026-03-22 07:19:02,32.050900420244474,35.1030880077482,9320.732929889806,12.920275202000392,8
2026-03-22 07:19:03,32.05088005457173,35.10309807563018,9307.60894411326,13.35142673990762,8
2026-03-22 07:19:04,32.0508043733297,35.103113435135306,9317.547625196785,13.096638428608173,8
2026-03-22 07:19:05,32.05072589771498,35.10313781748289,9303.071728907047,17.053328379184258,8
2026-03-22 07:19:06,32.05064918685377,35.10316105347643,9309.013418785638,10.616137242591602,8
2026-03-22 07:19:08,32.05066668673051,35.10315537933584,9324.307170402959,0.0,8
2026-03-22 07:19:09,32.05055306517934,35.103255236082305,9317.372981352926,17.218758965509384,8
2026-03-22 07:19:10,32.05056839510282,35.10331174368461,9281.793793980481,36.018600052479556,8
2026-03-22 07:19:11,32.050514450348054,35.10348030354035,9269.803562361201,20.827961245866547,8
2026-03-22 07:19:12,32.05057102163306,35.10342023401852,9283.646382056228,16.228583822733395,8
2026-03-22 07:19:13,32.05038210611564,35.10358820222185,9284.929826052043,26.34650129166936,8
2026-03-22 07:19:14,32.05045198745959,35.1035374492928,9289.294115535757,10.114882448161808,8
2026-03-22 07:19:15,32.05044653759967,35.10363442087442,9254.675157410498,35.81834237162729,8
2026-03-22 07:19:16,32.05019809010835,35.10367644895827,9289.129984299396,44.318642156718354,8
2026-03-22 07:19:19,32.05010013019039,35.10357851422781,9278.462088297949,0.0,8
2026-03-22 07:19:22,32.04998820151651,35.10345496896933,9252.696442420496,0.0,8
2026-03-22 07:19:23,32.19748003599989,35.041288881454015,7842.432971979232,17455.900939747185,7
2026-03-22 07:19:24,32.19723605968855,35.04117670301314,7805.4566531402015,47.04420757281145,7
2026-03-22 07:19:25,32.19710837678732,35.041058407323106,7795.094491853725,20.81003183111599,7
2026-03-22 07:19:26,32.04967348278317,35.10314786745667,9236.780481830618,17450.021491776806,8
2026-03-22 07:19:27,32.196867427825154,35.04112246530328,7824.902897482935,17420.488734760736,7
2026-03-22 07:19:28,32.1967300742985,35.040983471610346,7803.936041604799,29.057732119927998,7
2026-03-22 07:19:29,32.19603399468301,35.035206264704854,9114.70089318061,1421.8321423950147,6
2026-03-22 07:19:30,32.195869429667944,35.035137144419956,9113.546704508944,19.439659314227185,6
2026-03-22 07:19:31,32.048669505555175,35.10312130348884,9259.701151983856,17564.29844297606,8
2026-03-22 07:19:32,32.048766190952364,35.10285009687231,9239.000323618026,34.66645170050234,8
2026-03-22 07:19:35,32.048247229438665,35.10278609333093,9225.58622308407,0.0,8
2026-03-22 07:19:36,32.04809062898291,35.1027084172712,9258.640222315127,38.065247325037724,8
2026-03-22 07:19:37,32.04811232535116,35.10269167055793,9215.392015998787,43.34421675561562,8
2026-03-22 07:19:38,32.11947898449926,35.03639291884434,6468.904701261213,10468.868601156722,6
2026-03-22 07:19:39,32.04789943693326,35.10259770792527,9235.670020921647,10486.815522344064,8
2026-03-22 07:19:40,32.047460448171776,35.10274542990916,9226.071166060341,51.61225954727167,8
2026-03-22 07:19:41,32.047577391343864,35.10263043120924,9235.246877568461,19.265054634676748,8
2026-03-22 07:19:42,32.201832101911606,34.981826884650346,2930.036282819233,21519.780860392322,6
2026-03-22 07:19:43,32.20168593276412,34.98149975008975,2915.078249733197,37.93332493323817,6
2026-03-22 07:19:44,32.194536254940694,35.04061507650188,7827.477846585405,7475.460428700492,7
2026-03-22 07:19:45,32.201371291783445,34.982459317369944,3043.6586226461773,7319.8471107608775,6
2026-03-22 07:19:46,32.11855738768449,35.039443303456025,5702.060855261311,10974.836217165406,7
2026-03-22 07:19:47,32.201280947072966,34.980762163693896,2876.9869499203187,11087.060064072637,6
2026-03-22 07:19:48,32.19402304589588,35.0405963697824,7812.429028616395,7542.558687791843,7
2026-03-22 07:19:49,32.201154733177944,34.9796638050369,2793.7212081893317,7673.16983244896,6
2026-03-22 07:19:50,32.2010515031562,34.97935002387945,2763.4041155333207,43.889971270725894,6
2026-03-22 07:19:51,32.193599027458035,35.04034557886511,7827.734532906139,7711.269799218352,7
2026-03-22 07:19:52,32.04597783701722,35.10210278399441,9190.101525666461,17452.588597985367,8
2026-03-22 07:19:53,32.19330900433512,35.04021280623173,7810.770646233736,17427.86733607254,7
2026-03-22 07:19:54,32.19316650758053,35.04025117369582,7785.482802293673,30.04823247251994,7
2026-03-22 07:19:55,32.192466990677644,35.03374377054745,9281.299075338464,1618.9594513444915,6
2026-03-22 07:19:56,32.19234438973508,35.03380862721678,9256.65577077302,28.812721379247613,6
2026-03-22 07:20:02,32.19178442932719,35.033604856636465,9272.277275891454,0.0,6
2026-03-22 07:20:03,32.191847330086595,35.0336462963626,9308.462057291079,37.06003579225487,6
2026-03-22 07:20:05,32.117052045629954,35.035185666358274,6569.570365750182,0.0,6
2026-03-22 07:20:06,32.1170453567904,35.035294997033134,6569.424258041074,10.35615436866037,6
2026-03-22 07:20:19,32.11611971563468,35.0355299586792,6576.474589245381,0.0,6
2026-03-22 07:20:35,32.11486842493018,35.037957944187895,6690.941467956613,0.0,6
2026-03-22 07:20:36,32.11473669431381,35.03824366434201,6704.0319494903715,33.373952732740086,6
2026-03-22 07:20:37,32.1147615854236,35.038358162771694,6679.871600109771,26.615176288115197,6
2026-03-22 07:20:38,32.11469249835803,35.038576990771794,6678.477899250191,22.09417827115695,6
2026-03-22 07:20:51,32.1148138873568,35.04148967169102,6809.491182954619,0.0,6
2026-03-22 07:20:53,32.11503756573945,35.04194753594087,6780.083667427722,0.0,6
2026-03-22 07:20:54,32.11506659301411,35.04210885009582,6811.876408740209,35.40375166702322,6
2026-03-22 07:20:55,32.11527851607641,35.042191708441294,6823.62867310286,27.43767284692963,6
2026-03-22 07:20:56,32.11536130152075,35.04735745703843,5691.9171929410195,1232.47442210116,7
2026-03-22 07:20:57,32.115422794765045,35.04755546067268,5723.019460876422,36.92888719786864,7
2026-03-22 07:20:58,32.115477600760286,35.047729037845535,5738.58041697732,23.408809602925025,7
2026-03-22 07:20:59,32.1156190559031,35.04788679384507,5744.175870503335,22.35740582074688,7
2026-03-22 07:21:00,32.115648400064316,35.04803752056932,5757.655270234541,19.87484326795929,7
2026-03-22 07:21:01,32.115865775572736,35.043400452261714,6854.11227675866,1180.9698180765283,6
2026-03-22 07:21:02,32.115902724826995,35.04371769668445,6842.367105701872,32.45119364203317,6
2026-03-22 07:21:03,32.11597680840285,35.04379888272461,6862.788081850772,23.312634868777884,6
2026-03-22 07:21:04,32.11606892278526,35.04401897888264,6848.754323547237,27.090270027220484,6
2026-03-22 07:21:05,32.11628344669919,35.04410203129734,6847.108232645033,25.127264717662758,6
2026-03-22 07:21:06,32.116246739588526,35.044277217267556,6867.975991659396,26.944263483426507,6
2026-03-22 07:21:07,32.116406613699205,35.0443345247129,6866.135895766176,18.645899598479787,6
2026-03-22 07:21:08,32.11649711326262,35.04435022564447,6888.190250600082,24.280076804291088,6
2026-03-22 07:21:09,32.116503311651314,35.049459738963066,5738.415475142734,1246.98109282194,7
2026-03-22 07:21:10,32.044735655620194,35.11152114627928,9063.486344521734,10437.757699312015,8
2026-03-22 07:21:13,32.044815023688784,35.11186129925014,9052.531499807545,0.0,8
2026-03-22 07:21:14,32.045072794837964,35.111969223690124,9059.509823091548,31.180866315461305,8
2026-03-22 07:21:15,32.045127865424696,35.111898026105045,9047.273383605436,15.247086725671117,8
2026-03-22 07:21:16,32.116862757986944,35.049966394096835,5761.258020437695,10415.695340438142,7
2026-03-22 07:21:17,32.11693603853522,35.04509575602948,6899.445111591423,1227.6969444196134,6
2026-03-22 07:21:18,32.11673572830642,35.04519301925887,6959.251223162257,64.46445559372363,6
2026-03-22 07:21:19,32.116973933263715,35.045246259184864,6915.45718083481,51.40482705644232,6
2026-03-22 07:21:20,32.11726558579601,35.04523763191762,6913.384593015836,32.452721793708314,6
2026-03-22 07:21:21,32.117097625276635,35.0455478723432,6940.012703362377,43.769609539700085,6
2026-03-22 07:21:22,32.11715860022591,35.045571781731276,6960.496690906348,21.69131961617962,6
2026-03-22 07:21:23,32.117279961021815,35.04569339552296,6893.919126990833,68.89180797254949,6
2026-03-22 07:21:24,32.11759483365904,35.0455995536987,6922.6648131678785,46.11599684236115,6
2026-03-22 07:21:25,32.1173962011355,35.045879485643766,6943.325541101286,40.15589294054593,6
2026-03-22 07:21:26,32.117050229170665,35.04644591910812,6986.4042289141225,78.70578300362885,6
2026-03-22 07:21:32,32.11803406219369,35.04695247367007,6992.1415609485775,0.0,6
2026-03-22 07:21:33,32.118224748479946,35.047007897233705,6989.720812746608,21.940198112440314,6
2026-03-22 07:21:34,32.11822476199989,35.04708406112121,7023.904415388115,34.932726834240576,6
2026-03-22 07:21:35,32.11826096791554,35.04720729812081,7048.565997657989,27.56638109457074,6
2026-03-22 07:21:45,32.046573996809386,35.115639039929604,9043.995287081028,0.0,8
2026-03-22 07:21:46,32.046672687338926,35.11567584691018,9047.384985291956,11.987966784537608,8
2026-03-22 07:21:48,32.04653914925823,35.11595865730297,9065.879152792422,0.0,8
2026-03-22 07:21:49,32.04670225577591,35.116004400417594,9063.339424458774,18.794226684682194,8
2026-03-22 07:21:50,32.04657082060393,35.116229979860236,9027.952019406912,43.82325056289598,8
2026-03-22 07:21:51,32.04653217829725,35.11628576120382,9033.957355082153,9.072517419910323,8
2026-03-22 07:21:52,32.046611865602756,35.11629718789233,9036.717879906908,9.332284709493901,8
2026-03-22 07:21:53,32.04671209718591,35.116347616706335,9025.407132691333,16.56995457148691,8
2026-03-22 07:21:54,32.04658965938847,35.11646521859883,9022.103037753015,17.87413413190422,8
2026-03-22 07:21:55,32.04653715319991,35.11651965792554,9009.594289267485,14.730045999964926,8
2026-03-22 07:21:58,32.11845427400228,35.049312001922594,7189.6230616782395,0.0,6
2026-03-22 07:21:59,32.118580203711694,35.05525213854071,5813.426277271054,1486.2712159003804,7
2026-03-22 07:22:00,32.11860056044629,35.05529733257929,5814.983910748189,5.074905693047572,7
2026-03-22 07:22:03,32.05332395915915,35.12572962207968,9883.633487098723,0.0,7
2026-03-22 07:22:07,32.20213313663571,34.98147463966145,2814.008420557904,0.0,5
2026-03-22 07:22:25,32.11922653849447,35.0518429737154,7302.290958267733,0.0,6
2026-03-22 07:22:26,32.11933098242079,35.051771243238655,7341.554804552754,41.49725276303677,6
2026-03-22 07:22:27,32.11923650618539,35.05228719777835,7320.478239848404,54.13395365203962,6
2026-03-22 07:22:28,32.11934800151887,35.05255608688732,7271.257880181203,56.75586432555356,6
2026-03-22 07:22:29,32.11938577159324,35.05259118273772,7330.732481475869,59.71435992977625,6
2026-03-22 07:22:33,32.11975960571233,35.053312271630105,7345.523680392201,0.0,6
2026-03-22 07:22:35,32.119912833579775,35.05354102330767,7326.040633401123,0.0,6
2026-03-22 07:22:36,32.11993842534803,35.053874992828845,7340.425862674469,34.79355411521286,6
2026-03-22 07:22:37,32.1199857555477,35.05407538605127,7347.505336063877,20.884943460825465,6
2026-03-22 07:22:38,32.12011531000162,35.05422371330885,7341.676317635802,20.909939120622234,6
2026-03-22 07:22:39,32.12012159100225,35.05439355975897,7369.313019839533,31.96520582407103,6
2026-03-22 07:22:40,32.120267425919145,35.054522710176805,7327.999998817099,46.0192815104043,6
2026-03-22 07:22:48,32.04869120021507,35.12346609054491,8950.664367061887,0.0,8
2026-03-22 07:22:49,32.048522548191464,35.1236915469648,8982.935276151276,42.97443865378231,8
2026-03-22 07:22:54,32.120514631038624,35.05686530489438,7470.146932491839,0.0,6
2026-03-22 07:22:56,32.12051528036878,35.057171427921666,7439.32097791931,0.0,6
2026-03-22 07:23:00,32.12076165201069,35.05740931257083,7453.762912967933,0.0,6
2026-03-22 07:23:03,32.203489587724036,34.98992956258907,3463.743113881218,0.0,5
2026-03-22 07:23:05,32.120724373362954,35.05786478415323,7552.532715620842,0.0,6
2026-03-22 07:23:13,32.05640986328614,35.137482202030085,9965.57654403834,0.0,6
2026-03-22 07:23:15,32.12658872468513,35.12211081431417,7124.769119082607,0.0,7
2026-03-22 07:23:16,32.203914055508996,34.99692627810685,2349.6446055060037,15364.448186685971,5
2026-03-22 07:23:17,32.20388144882541,34.99713874146641,2364.0769107901083,24.958830791189552,5
2026-03-22 07:23:18,32.20303525582261,34.9929551636517,3621.061979985257,1320.816656574009,5
2026-03-22 07:23:19,32.202974585271484,34.993133009693764,3648.2155096140527,32.62082727642075,5
2026-03-22 07:23:20,32.1203745223786,35.061038002914636,7558.731950722536,11850.568119759559,6
2026-03-22 07:23:24,32.120466014749276,35.06160851235683,7599.46636191585,0.0,6
2026-03-22 07:23:26,32.12038824018072,35.06202011277118,7572.82825014721,0.0,6
2026-03-22 07:23:28,32.12017324269729,35.06251964334105,7594.636107994108,0.0,6
2026-03-22 07:23:34,32.2021750617753,34.996108470402554,3780.466185927405,0.0,5
2026-03-22 07:23:47,32.19143144169642,35.07571050397278,8053.7868064932545,0.0,7
2026-03-22 07:24:02,32.119687832763795,35.06687693126004,7798.290833455883,0.0,6
2026-03-22 07:24:03,32.11949713736719,35.06738702247163,7749.5818477504545,71.71941703455866,6
2026-03-22 07:24:05,32.119857062365845,35.067477592561794,7781.601559657896,0.0,6
2026-03-22 07:24:53,32.1666377712077,35.07993619971861,-2826.5390999730243,0.0,5
2026-03-22 07:24:54,32.121706752182476,35.074751467866,8105.839105323201,12025.015298324814,6
2026-03-22 07:24:55,32.121699416714776,35.08365484086863,5945.872690111077,2317.9596599919914,7
2026-03-22 07:24:57,32.16612356923312,35.07787023211224,-2775.965111346281,0.0,5
2026-03-22 07:24:58,32.20279376823138,35.00903377608043,4846.299958060939,10807.082140903383,5
2026-03-22 07:25:03,32.12193155004584,35.07593882182305,8111.325427285109,0.0,6
2026-03-22 07:25:04,32.121542890325,35.076193351414965,8120.878508288432,50.31754968960691,6
2026-03-22 07:25:13,32.12152498869214,35.07706430316739,8126.167369156862,0.0,6
2026-03-22 07:25:39,31.995859879792402,35.1727043734858,2909.0432684019893,0.0,9
2026-03-22 07:25:40,31.99566965328807,35.17278824124913,2916.4838657100554,23.73979661248116,9
2026-03-22 07:25:41,31.995961694038275,35.17290937935457,2900.485398072413,37.904585722595996,9
2026-03-22 07:25:42,31.996095095086712,35.17301134605851,2892.239752022516,19.491895992403265,9
2026-03-22 07:25:43,31.995837538890147,35.17301590836484,2896.7868207049555,28.935343307235218,9
2026-03-22 07:25:44,31.995979022061075,35.1731242050621,2900.951748157232,19.19709458831612,8
2026-03-22 07:25:45,31.99600205575952,35.17317103169362,2903.618369767632,5.765305502711783,7
2026-03-22 07:25:46,31.996105462991977,35.173229115714044,2893.2726638752492,16.394757323473133,7
2026-03-22 07:25:47,31.996207565547515,35.17321990631315,2911.9429311748954,21.854923446442232,8
2026-03-22 07:25:48,31.99623898203303,35.17329739978454,2904.484512114484,11.020383558972002,9
2026-03-22 07:25:49,31.99628714002207,35.1733422983058,2904.2353132639337,6.828043440295406,9
2026-03-22 07:25:50,31.99641818787437,35.173342374691515,2902.780294039188,14.61074258746758,9
2026-03-22 07:25:55,31.996578758912026,35.17346159208297,2957.38056343674,0.0,9
2026-03-22 07:25:56,31.99678064114431,35.173593171679535,2905.270451369808,58.067237240247884,8
2026-03-22 07:26:03,32.005454567761184,35.167966285748726,4901.876876428732,0.0,9
2026-03-22 07:26:04,31.98152346412874,35.185527985590305,-647.8214048657376,6371.946964732201,7
2026-03-22 07:26:07,31.99498273568663,35.17448569520669,3230.5447534154796,0.0,9
2026-03-22 07:26:08,31.99495576697211,35.174613410561825,3220.2269172185956,16.162144927311097,9
2026-03-22 07:26:16,32.12463006395409,35.08095074021951,8441.308137254406,0.0,6
2026-03-22 07:26:18,32.20664097154374,35.024680670791454,2994.5158798720895,0.0,6
2026-03-22 07:26:19,31.966604321706093,35.073852472372955,-3238.218288901333,27728.048701066175,6
2026-03-22 07:26:23,32.00156268013329,35.08578722510138,2979.608342661167,0.0,5
2026-03-22 07:26:24,32.00454050854609,35.088237531989115,2611.474492020569,546.1728462855995,6
2026-03-22 07:26:25,31.963308740789547,35.03221909270045,-4385.539926398976,9893.310879145183,4
2026-03-22 07:26:26,31.963237443611316,35.03191018774206,-4386.829380614298,30.25901587869437,4
2026-03-22 07:26:29,32.00173263640233,35.08549016136186,2967.0200068691406,0.0,5
2026-03-22 07:26:54,32.12636196037028,35.079889494559126,8614.855724939052,0.0,6
2026-03-22 07:26:55,32.12645287757714,35.0798375554533,8623.935432719532,14.43759901440087,6
2026-03-22 07:26:56,32.1265460770726,35.079816750060026,8636.20785026177,16.1732969810025,6
2026-03-22 07:26:57,32.126469658064195,35.079785343023254,8637.131654533267,9.036872027928418,6
2026-03-22 07:26:58,32.12633274114833,35.079769153209284,8621.708020697426,21.710968663139536,6
2026-03-22 07:26:59,32.126316546391664,35.07977431126538,8656.336491806365,34.67855690211881,6
2026-03-22 07:27:01,32.202908005467044,35.14027261868276,-2432.4319600826275,0.0,5
2026-03-22 07:27:03,32.20301920734861,35.1405282003757,-2429.4918768458997,0.0,5
2026-03-22 07:27:33,32.20221180391425,35.1404239844145,-2419.4816579174717,0.0,5
2026-03-22 07:27:45,31.96378416634566,35.582737725330695,5937.912992193417,0.0,5
2026-03-22 07:27:46,31.968785938017813,35.561263171115236,4269.5017155134965,2686.8105168616507,5
2026-03-22 07:27:47,31.96737122733738,35.578564029310286,5538.441337530886,2076.879391592148,4
2026-03-22 07:27:48,31.968769441377564,35.561197261380336,4265.669570754611,2083.9969269608273,4
2026-03-22 07:27:49,31.9686309914266,35.561573613419355,4275.319229273498,39.95472736707255,4
2026-03-22 07:28:02,32.09303190607151,35.19619316098569,-4444.824381573765,0.0,6
